{"best_val": 0.4689509645104408, "train_loss": [0.6724258926179674, 0.6589490009678735, 0.6455488502979279, 0.6313353346453773, 0.6180860267745124, 0.6027048230171204, 0.5838008721669515, 0.5691767732302347, 0.5521189239290025, 0.5379815267191993, 0.5291232450140847, 0.519998860028055, 0.5126794626315435, 0.5055934488773346, 0.5033716989888085, 0.4985604037841161, 0.4970720460017522, 0.4957535084750917, 0.49125244054529404, 0.49544087052345276, 0.491223532292578, 0.4884896328051885, 0.48994214998351204, 0.487284317612648, 0.48167452878422207, 0.4843864076667362, 0.4820467597908444, 0.4825098862250646, 0.4801245116525226, 0.4813101953930325, 0.48108840154276955, 0.47896460195382434, 0.47625258564949036, 0.4799581699901157, 0.475040540099144, 0.4763590743144353, 0.47284453279442257, 0.47309979134135777, 0.47409188250700635, 0.47609388993846047, 0.4726531787051095, 0.47324665718608433, 0.46903478105862934, 0.46837422086132896, 0.4713115758366055, 0.4730682058466805, 0.46774928437338936, 0.4692009422514174, 0.46585999925931293, 0.4707765214973026, 0.4674369990825653, 0.46533699333667755, 0.4677846282720566, 0.4662434144152535, 0.4649571064445708, 0.46491413977411056, 0.4666903399758869, 0.46822745104630786, 0.46469497515095604, 0.46585894955529106], "val_loss": [0.6795853972434998, 0.6640123128890991, 0.6492662876844406, 0.6345578283071518, 0.6177856177091599, 0.6013468503952026, 0.5825284570455551, 0.5629699230194092, 0.5443129241466522, 0.5321221500635147, 0.5244872942566872, 0.5153016000986099, 0.5053390562534332, 0.5097533687949181, 0.5027754306793213, 0.4951602518558502, 0.4909665584564209, 0.49278854578733444, 0.4921683222055435, 0.4883835092186928, 0.4887000098824501, 0.4871448501944542, 0.4866935685276985, 0.4820438101887703, 0.49616555124521255, 0.48274850845336914, 0.48271679133176804, 0.4839327558875084, 0.4762827679514885, 0.48134737461805344, 0.4750695824623108, 0.4755288437008858, 0.47419944405555725, 0.4756946340203285, 0.4747684746980667, 0.47415419667959213, 0.4801894947886467, 0.47555624693632126, 0.4811161458492279, 0.4755037650465965, 0.47324737906455994, 0.47847817093133926, 0.4792717397212982, 0.48209410160779953, 0.476712666451931, 0.4747390151023865, 0.47935110330581665, 0.48116930574178696, 0.4752972051501274, 0.4689509645104408, 0.4745680242776871, 0.48009438067674637, 0.47822127491235733, 0.4732550233602524, 0.48131363838911057, 0.47571221739053726, 0.4728798493742943, 0.47608552128076553, 0.47850458323955536, 0.479071743786335]}