{"best_val": 0.435866042971611, "train_loss": [0.6554311083422767, 0.6422089040279388, 0.6318065325419108, 0.6223420103391012, 0.6148037678665585, 0.606446256240209, 0.5981191297372183, 0.5901050302717421, 0.585193501578437, 0.5781555937396156, 0.5695578555266062, 0.5638512306743197, 0.5568465987841288, 0.5500042074256473, 0.5416279368930392, 0.5343742453389697, 0.5279659628868103, 0.5223462647861905, 0.5196765826808082, 0.5115382075309753, 0.5067381776041455, 0.504307155807813, 0.49852391249603695, 0.4972153852383296, 0.4926777382691701, 0.492412237657441, 0.49409132533603245, 0.4876528862449858, 0.4898721244600084, 0.4879800925652186, 0.48925794164339703, 0.4879695441987779, 0.4851159585846795, 0.4851130677594079, 0.4861121326684952, 0.4858427925242318, 0.4878479523791207, 0.48247140811549294, 0.4842515289783478, 0.4884651154279709, 0.4859510213136673, 0.4813486072752211, 0.4839674284060796, 0.48328057924906415, 0.4819139473968082, 0.4798178970813751, 0.4806996037562688, 0.4730377561516232, 0.4809346811638938, 0.47790805002053577, 0.4759818646642897, 0.47734785742229885, 0.4753525041871601, 0.4757508503066169, 0.4748998698261049, 0.4739781700902515, 0.4762369824780358, 0.47341245578394997, 0.4739108764463001, 0.4747333410713408, 0.4718389047516717, 0.4735699345668157, 0.47064904703034294, 0.470685675740242, 0.473878198199802, 0.4741048283047146, 0.4729805009232627, 0.46913696825504303, 0.4705961048603058, 0.47079281840059495, 0.46951600578096175, 0.47092467215326095, 0.4714006616009606, 0.46927373773521847, 0.46644581854343414, 0.4689341303375032, 0.4701456477244695, 0.47324275804890525, 0.46963364548153347, 0.4704255362351735, 0.4709102594190174, 0.46783559189902413, 0.4664700958463881, 0.4663580490483178], "val_loss": [0.6490110605955124, 0.6382993906736374, 0.6275011748075485, 0.6180137097835541, 0.609136775135994, 0.6028250157833099, 0.5949628502130508, 0.5860514342784882, 0.5795059204101562, 0.5690355151891708, 0.5625329911708832, 0.5541967749595642, 0.5460917055606842, 0.536787323653698, 0.5286114662885666, 0.5208311378955841, 0.5164779275655746, 0.5057915896177292, 0.5025127306580544, 0.4891165494918823, 0.4846576452255249, 0.47733185440301895, 0.48006442934274673, 0.47298744320869446, 0.4744969457387924, 0.47065623104572296, 0.46730636060237885, 0.4658353850245476, 0.46322108060121536, 0.4629879966378212, 0.45957528054714203, 0.46040327101945877, 0.4610842615365982, 0.45616118609905243, 0.4542432278394699, 0.4587607905268669, 0.44904952496290207, 0.4536162093281746, 0.45874299108982086, 0.45177876204252243, 0.454900398850441, 0.45141513645648956, 0.44976872205734253, 0.44948918372392654, 0.4541955217719078, 0.4486115649342537, 0.4533872455358505, 0.4521687924861908, 0.45163544267416, 0.4541468545794487, 0.452959269285202, 0.4504641890525818, 0.44353804737329483, 0.45114176720380783, 0.4510251060128212, 0.44365502893924713, 0.44219638407230377, 0.4477033093571663, 0.44173624366521835, 0.450587198138237, 0.44535667449235916, 0.4423180818557739, 0.4457978159189224, 0.4416718930006027, 0.44142912328243256, 0.4445980042219162, 0.44309183955192566, 0.4482446312904358, 0.4478413537144661, 0.4396427124738693, 0.4448646754026413, 0.43974127620458603, 0.4386477693915367, 0.435866042971611, 0.44005535542964935, 0.4381611794233322, 0.4429878890514374, 0.43753184378147125, 0.44256148487329483, 0.43599696457386017, 0.4427834302186966, 0.44006357342004776, 0.4422694072127342, 0.4358922317624092]}