{"best_val": 0.48006537556648254, "train_loss": [0.7629204955365922, 0.7590857446193695, 0.754912836684121, 0.7513638304339515, 0.7473044163650937, 0.7431707017951541, 0.7397276295555962, 0.7355082498656379, 0.7318643165959252, 0.7276170088185204, 0.7232670485973358, 0.719162599907981, 0.7147943907313876, 0.710086915228102, 0.7053615616427528, 0.7004796928829617, 0.6952744325002035, 0.6896944575839572, 0.6836714512772031, 0.6771909991900126, 0.6705535120434232, 0.663379430770874, 0.6557600630654229, 0.6473588082525465, 0.6388893756601546, 0.6301743023925357, 0.6222755743397607, 0.6134363843335046, 0.6054687135749393, 0.5978666709529029, 0.5891076260142856, 0.5825509627660116, 0.5756206512451172, 0.5678463677565256, 0.561701109011968, 0.5562451680501302, 0.5481199638711082, 0.5452103051874373, 0.5400157504611545, 0.5330996993515227, 0.5297161539395651, 0.526147852341334, 0.5227689544359843, 0.5214042779472139, 0.5169412824842665, 0.5128892378674613, 0.5139786783191893, 0.5077516420019997, 0.5058952007028792, 0.501655199461513, 0.5037082367473178, 0.5003132041957643, 0.4974967340628306, 0.49618281092908645, 0.4944770650731193, 0.49599091874228585, 0.49095060924688977, 0.490061738424831, 0.4909612602657742, 0.4892529116736518, 0.48500219153033364, 0.484375375840399, 0.4846054083771176, 0.48388399846023983, 0.48139915201399064, 0.48306193119949764, 0.4816449648804135, 0.4801875236961577, 0.48018208146095276, 0.48098309834798175, 0.47702955702940625, 0.4783172342512343, 0.47854460775852203, 0.47592733138137394, 0.4750111848115921, 0.4737754613161087, 0.47327650752332473, 0.47313462528917527, 0.4740591761138704, 0.4685254808929231, 0.4688192986779743, 0.47043875190946793, 0.46946613325013054, 0.46807484659883714, 0.4682251728243298, 0.4664873282114665, 0.4674009333054225, 0.46914590729607475, 0.4650145553880268, 0.4672047048807144, 0.46537502937846714, 0.4655347466468811, 0.46464113394419354, 0.46625207198990715, 0.46498845517635345, 0.46289608710341984, 0.46518004768424565, 0.4658457984526952, 0.46092310216691756, 0.46382862163914573, 0.46105145249101853, 0.46623119215170544, 0.46250587867365944, 0.46109114752875435, 0.4591105580329895, 0.4618304520845413, 0.46097682416439056, 0.4647011210521062, 0.46240664687421584, 0.46062562035189736, 0.46042560372087693, 0.4630093077818553, 0.4604989637931188, 0.4590027564101749, 0.4619431147972743, 0.46263055006663006, 0.4588647120528751, 0.4602721830209096, 0.45517435173193616], "val_loss": [0.7512816935777664, 0.7476207613945007, 0.7457309514284134, 0.740041509270668, 0.7367622405290604, 0.7343399673700333, 0.7310609519481659, 0.7267673462629318, 0.7226029634475708, 0.719981387257576, 0.7154029756784439, 0.7126767635345459, 0.7080677449703217, 0.7040335536003113, 0.6999596655368805, 0.6955705881118774, 0.6907883733510971, 0.685879722237587, 0.6805905252695084, 0.6747838854789734, 0.6696468442678452, 0.6619620025157928, 0.655940055847168, 0.649658203125, 0.6410050392150879, 0.6347569674253464, 0.6264417320489883, 0.6203899532556534, 0.6143869906663895, 0.6093641370534897, 0.6001498997211456, 0.5941013693809509, 0.5923361033201218, 0.588253527879715, 0.5766142010688782, 0.57616226375103, 0.5689840018749237, 0.5638217777013779, 0.5602157190442085, 0.5574830323457718, 0.5546482354402542, 0.5532354116439819, 0.5554510056972504, 0.5434810146689415, 0.5479559004306793, 0.5443121492862701, 0.5444800406694412, 0.5445496141910553, 0.5398115888237953, 0.5362204313278198, 0.5388816669583321, 0.5349427908658981, 0.5355379208922386, 0.5340194702148438, 0.5316183120012283, 0.5273472592234612, 0.5226818099617958, 0.5264954119920731, 0.5276272594928741, 0.5261080116033554, 0.5249307528138161, 0.5159396231174469, 0.5210989788174629, 0.5177373066544533, 0.5136319026350975, 0.5162408128380775, 0.5158314108848572, 0.5145215690135956, 0.516026146709919, 0.5187645256519318, 0.5110975429415703, 0.510801836848259, 0.5088632255792618, 0.508196584880352, 0.5087889581918716, 0.5041937306523323, 0.5044665783643723, 0.5078717544674873, 0.49743858724832535, 0.5009963139891624, 0.5017703920602798, 0.4946228340268135, 0.4988137260079384, 0.5000876784324646, 0.5001194626092911, 0.4932815358042717, 0.49129223078489304, 0.49142465740442276, 0.497207835316658, 0.49499811977148056, 0.4993530437350273, 0.493961401283741, 0.5002006217837334, 0.49306364357471466, 0.49101369082927704, 0.4932829588651657, 0.4895647317171097, 0.5002558380365372, 0.4859972819685936, 0.4941539913415909, 0.483454629778862, 0.48771631717681885, 0.4919988438487053, 0.49212176352739334, 0.48942919820547104, 0.4867400676012039, 0.48250871151685715, 0.4867136999964714, 0.48006537556648254, 0.48390068858861923, 0.48625432699918747, 0.48237165808677673, 0.4882153570652008, 0.4809734672307968, 0.48288287222385406, 0.48513662815093994, 0.4864897280931473, 0.4876513034105301, 0.4810202866792679]}