{"best_val": 0.46402017772197723, "train_loss": [0.6699100169870589, 0.6567083530955844, 0.6445197198126051, 0.6328496502505409, 0.6187591089142693, 0.6045266687870026, 0.5900751087400649, 0.5741888450251685, 0.5606990026103126, 0.5429327438275019, 0.5295405172639422, 0.5188062737385432, 0.5087559454970889, 0.4972205311059952, 0.49262433250745136, 0.48802269167370266, 0.48307137688000995, 0.480719730257988, 0.4813573542568419, 0.47918565902445054, 0.4764802224106259, 0.4753728045357598, 0.47391853233178455, 0.475946843624115, 0.47305496202574837, 0.4724479880597856, 0.47057583100265926, 0.47236615750524735, 0.46822775734795463, 0.4715701772107018, 0.46771549185117084, 0.4695225838157866, 0.4692610816823112, 0.46704477237330544, 0.47065485848320854, 0.4686487846904331, 0.46611743172009784, 0.46577077276176876, 0.4649226930406358, 0.4657808542251587, 0.4657268408272002, 0.46695413688818616, 0.46558136079046464, 0.4630639784865909, 0.4650024225314458, 0.46365291873613995, 0.464820502532853, 0.4637252853976356, 0.4666328810983234, 0.4613923993375566, 0.46450674037138623, 0.4633454299635357, 0.46506038308143616, 0.46506450242466396, 0.4615237944655948], "val_loss": [0.6637304872274399, 0.6502468883991241, 0.6405720561742783, 0.6284900903701782, 0.613151803612709, 0.5992586612701416, 0.5857168585062027, 0.5719407647848129, 0.5559272170066833, 0.5446933209896088, 0.5298096016049385, 0.52920912951231, 0.5126763805747032, 0.5064748302102089, 0.49829620867967606, 0.499285951256752, 0.49264369904994965, 0.48851702362298965, 0.48614072799682617, 0.4909428730607033, 0.4929523915052414, 0.486800916492939, 0.48060744255781174, 0.4817611947655678, 0.4847319424152374, 0.48091617226600647, 0.47965753078460693, 0.4774476960301399, 0.4806337133049965, 0.4775533080101013, 0.48377369344234467, 0.4816875532269478, 0.47261735051870346, 0.4829634502530098, 0.478819839656353, 0.48502714931964874, 0.47221827507019043, 0.47093505412340164, 0.4771772474050522, 0.4719429090619087, 0.47619640827178955, 0.4723042845726013, 0.47425223141908646, 0.4707363322377205, 0.46402017772197723, 0.4714403748512268, 0.4729527309536934, 0.4721411019563675, 0.46832095831632614, 0.4702867865562439, 0.46545881778001785, 0.4701613783836365, 0.4736422300338745, 0.47204531729221344, 0.4743225872516632]}