{"best_val": 0.47263389825820923, "train_loss": [0.7292927006880442, 0.7094337046146393, 0.6928893029689789, 0.6805632909138998, 0.6676191588242849, 0.6567352480358548, 0.6450856394237943, 0.636778669224845, 0.6301522817876604, 0.6231677929560343, 0.6165242791175842, 0.6099448535177443, 0.6044946379131741, 0.5998947090572782, 0.5942298604382409, 0.5872291757000817, 0.580877477924029, 0.5779409839047326, 0.5729123287730746, 0.56949296924803, 0.5664022266864777, 0.5629504223664602, 0.5649771226776971, 0.5605682515435748, 0.5567192534605662, 0.5544030037191179, 0.5549373113446765, 0.5511794437964758, 0.5491687655448914, 0.5491654475529989, 0.5437484979629517, 0.5420182661877738, 0.5422879606485367, 0.5378839191463258, 0.5384071800443861, 0.5372191021839777, 0.5341111007663939, 0.5362915479474597, 0.5354980130990347, 0.5322509689463509, 0.5313954568571515, 0.5294309258460999, 0.5290540556112925, 0.5265551176336076, 0.5278122540977266, 0.5242327137125863, 0.5247486035029093, 0.5228972070746951, 0.5221615367465549, 0.522704154253006, 0.5212608161899779, 0.5179633895556132, 0.5185839931170145, 0.5196803559859594, 0.518541490038236, 0.5166377458307478, 0.5170656326744292, 0.5168545494476954, 0.5161384989817938, 0.5158291657765707, 0.5167004846864276, 0.5168417278263304, 0.5161364492442873, 0.5191527787182066, 0.5160927524169286, 0.5168192055490282, 0.5089551740222507, 0.5139049821429782, 0.5120010988579856, 0.5076544980208079, 0.509220121635331], "val_loss": [0.6568498909473419, 0.6492851972579956, 0.6415499299764633, 0.6332747489213943, 0.627873420715332, 0.6226368099451065, 0.617361843585968, 0.6137112826108932, 0.6054935455322266, 0.600071370601654, 0.5945763289928436, 0.5869122594594955, 0.5787017345428467, 0.5723132193088531, 0.5656008124351501, 0.5603484958410263, 0.5583405792713165, 0.5431234911084175, 0.5441375374794006, 0.5401554554700851, 0.5331601351499557, 0.5306135267019272, 0.5264799445867538, 0.5316720977425575, 0.522642083466053, 0.5195749700069427, 0.5176983326673508, 0.514880359172821, 0.5152482315897942, 0.5024096444249153, 0.5074830204248428, 0.5056353509426117, 0.5028586164116859, 0.5010371580719948, 0.4917364791035652, 0.4950364828109741, 0.49412789195775986, 0.4911559075117111, 0.49600883573293686, 0.4951396659016609, 0.492225743830204, 0.4924727901816368, 0.48589446395635605, 0.4883672446012497, 0.48568785190582275, 0.49067672342061996, 0.4851539358496666, 0.49115823954343796, 0.4838370755314827, 0.4808158874511719, 0.486407034099102, 0.482779324054718, 0.4759819209575653, 0.48427367210388184, 0.4847620576620102, 0.4857286289334297, 0.48009980469942093, 0.48038674890995026, 0.48258859664201736, 0.48623811453580856, 0.47263389825820923, 0.47994472831487656, 0.48206882178783417, 0.47642094641923904, 0.48352455347776413, 0.4783046469092369, 0.47849053889513016, 0.48183395713567734, 0.4743512123823166, 0.47799254208803177, 0.4767148643732071]}