{"best_val": 0.4990812838077545, "train_loss": [0.696476055516137, 0.6933624313937293, 0.6903509795665741, 0.6873360176881155, 0.6844468381669786, 0.6814762088987563, 0.6787071294254727, 0.6757730841636658, 0.6726067165533701, 0.6696434749497308, 0.6664024790128072, 0.6632298032442728, 0.6598002215226492, 0.656305601199468, 0.65272699130906, 0.6487746238708496, 0.6453019082546234, 0.6408731076452467, 0.6364899410141839, 0.6317868034044901, 0.6272911561859978, 0.6218775610129038, 0.6165896819697486, 0.6110124289989471, 0.6056087646219466, 0.5998533202542199, 0.5941543579101562, 0.5889838503466712, 0.5813827216625214, 0.5773287051253848, 0.5723008480336931, 0.5672038429313235, 0.5622272822591994, 0.5590444886022143, 0.556632325053215, 0.5509433663553662, 0.5474845535225339, 0.5444642487499449, 0.5426083124346204, 0.5394846962557899, 0.5358272045850754, 0.5372802101903491, 0.5343304127454758, 0.5346331000328064, 0.5309718979729546, 0.5273001790046692, 0.5263152834441926, 0.5230191217528449, 0.5261708647012711, 0.5227657407522202, 0.5191737297508452, 0.5187447220087051, 0.5187428345282873, 0.5156027740902371, 0.5137226068311267, 0.5150718440612158, 0.5106528798739115, 0.5130384018023809, 0.5088152007924186, 0.5102126416232851, 0.5061745643615723, 0.5084076904588275, 0.5050797263781229, 0.5072192897399267, 0.5070054448313184, 0.5040004750092825, 0.5037786795033349, 0.5025037229061127, 0.5000112934245003, 0.500937389002906, 0.5005133152008057, 0.5002873738606771, 0.49926237265268963, 0.4997916552755568, 0.4997680087884267, 0.49966003000736237, 0.4965919454892476, 0.4968390613794327, 0.49558525449699825, 0.496281193362342, 0.4966472668780221, 0.4956183367305332, 0.49673844542768264, 0.49610672725571525, 0.4964683949947357, 0.495183946357833, 0.49690331021944684, 0.4946340339051353, 0.4923984391821755, 0.49570420384407043, 0.49462589290406966, 0.4986080643203523, 0.4930051863193512, 0.4928177528911167, 0.49357810450924766, 0.49190149042341447, 0.49234574205345577, 0.4946848766671287, 0.4947410076856613, 0.4910610285070207, 0.49308495389090645, 0.4949033541811837, 0.4903692106405894, 0.4924179431464937, 0.49197203748755985, 0.4941081487470203, 0.4934703873263465, 0.49105725189050037, 0.4925236635737949, 0.4909886850251092, 0.492622885439131, 0.49271153575844234, 0.49202929106023574, 0.48891446325514054, 0.490950894024637, 0.49120213753647274, 0.48729584780004287], "val_loss": [0.6948499828577042, 0.6918700039386749, 0.6888818591833115, 0.6859324723482132, 0.6834910809993744, 0.6802970618009567, 0.6773523986339569, 0.6742834448814392, 0.6715563982725143, 0.6684934049844742, 0.6645806580781937, 0.6611564755439758, 0.658374086022377, 0.6550386101007462, 0.6510439217090607, 0.6484154611825943, 0.6444898396730423, 0.6390982419252396, 0.6351531893014908, 0.6298571676015854, 0.6254611611366272, 0.6214040666818619, 0.615445151925087, 0.6088209003210068, 0.6058519929647446, 0.6025866568088531, 0.5955687612295151, 0.5907526314258575, 0.5861739665269852, 0.576641321182251, 0.5778507441282272, 0.569344237446785, 0.568107932806015, 0.5642237067222595, 0.5631136447191238, 0.558041900396347, 0.5571251958608627, 0.5557770729064941, 0.5535207390785217, 0.5501227527856827, 0.5509645864367485, 0.544743537902832, 0.5362570658326149, 0.5352199599146843, 0.5385468825697899, 0.5387248545885086, 0.533689334988594, 0.5352162718772888, 0.5280524045228958, 0.5311519354581833, 0.5306187644600868, 0.5283909440040588, 0.5314420685172081, 0.5272775217890739, 0.5244413241744041, 0.5256448164582253, 0.5247177332639694, 0.5307574421167374, 0.5181567519903183, 0.5190271958708763, 0.5189989358186722, 0.5153415352106094, 0.5249502137303352, 0.521874412894249, 0.5172147899866104, 0.5163791552186012, 0.5112815201282501, 0.5177978500723839, 0.5194344818592072, 0.5114691704511642, 0.5158127993345261, 0.5148260667920113, 0.5157369822263718, 0.5123314782977104, 0.5108659192919731, 0.5168889611959457, 0.517555445432663, 0.5135577395558357, 0.5136464759707451, 0.512169674038887, 0.5117409080266953, 0.51591856777668, 0.5085670351982117, 0.5092368125915527, 0.5123973116278648, 0.5098128840327263, 0.5116365402936935, 0.5178980231285095, 0.5088725611567497, 0.5098814144730568, 0.5106131434440613, 0.5125856101512909, 0.5079805701971054, 0.5092149525880814, 0.5093510374426842, 0.5152692571282387, 0.5096228569746017, 0.5159212797880173, 0.5069403126835823, 0.5104206576943398, 0.5083271712064743, 0.505857989192009, 0.5094178393483162, 0.5084215402603149, 0.5083626732230186, 0.5142664685845375, 0.4990812838077545, 0.5074948891997337, 0.5103608518838882, 0.5044616013765335, 0.5051123574376106, 0.5072295814752579, 0.5105036497116089, 0.506254568696022, 0.5089411437511444, 0.5079560577869415, 0.5143669620156288]}