{"best_val": 0.45770263671875, "train_loss": [0.6960325804021623, 0.6822153561645083, 0.6696281962924533, 0.6565814117590586, 0.6425613363583883, 0.6221678091420068, 0.603162083360884, 0.5832877291573418, 0.5649524513218138, 0.5489809413750967, 0.5400205569134818, 0.5329000949859619, 0.5261281016800139, 0.5174278517564138, 0.5141836537255181, 0.5101944886975818, 0.5118018355634477, 0.5063190129068162, 0.5056483364767499, 0.5053445167011685, 0.5060830232169893, 0.5012871093220181, 0.5005143251683977, 0.5018846988677979, 0.4967268721924888, 0.49976817932393813, 0.4994222472111384, 0.4948754774199592, 0.49584143857161206, 0.49616388148731655, 0.49191103544500137, 0.4932755215300454, 0.49198655287424725, 0.49201518131626976, 0.49442817601892686, 0.49227725797229344, 0.48770290944311356], "val_loss": [0.6701670438051224, 0.6583367139101028, 0.6459974348545074, 0.6296094208955765, 0.6106114238500595, 0.5921398401260376, 0.5656688809394836, 0.5469204857945442, 0.5311091989278793, 0.5128504857420921, 0.5035096704959869, 0.48566170036792755, 0.48922134935855865, 0.4795232340693474, 0.47570669651031494, 0.48099952191114426, 0.47814149409532547, 0.4707638770341873, 0.46807997673749924, 0.46733511984348297, 0.4645610675215721, 0.46744105964899063, 0.47048230469226837, 0.4677194878458977, 0.4648187458515167, 0.4664449617266655, 0.45770263671875, 0.46982119232416153, 0.46780257672071457, 0.4623018875718117, 0.46353351324796677, 0.4606361389160156, 0.47139550000429153, 0.471718892455101, 0.475810244679451, 0.4648716598749161, 0.467440627515316]}