{"best_val": 0.49397067725658417, "train_loss": [0.7088204224904379, 0.6885758704609342, 0.6687032348579831, 0.6514073444737328, 0.6353239781326718, 0.6216648684607612, 0.6064236362775167, 0.5897210339705149, 0.5751942230595483, 0.5629962864849303, 0.5513363728920618, 0.5451579458183713, 0.53697669506073, 0.5325720260540644, 0.5313205056720309, 0.5265356749296188, 0.5212900324000252, 0.5183520317077637, 0.5185339434279336, 0.5143334716558456, 0.5146360877487395, 0.5111099051104652, 0.5095281302928925, 0.5095383756690555, 0.5081532349189123, 0.5081451833248138, 0.5062737796041701, 0.506724347670873, 0.505605032046636, 0.5025663094388114, 0.5001234081056383, 0.5026212963793013, 0.5040701594617631, 0.4977363861269421, 0.49886878993776107, 0.49606051875485313, 0.49552594787544674, 0.49839776588810814, 0.4964218984047572, 0.49449627432558274, 0.49325936204857296, 0.4957745091782676, 0.49448761840661365, 0.4924597359365887, 0.492693680855963, 0.4955087850491206, 0.493175745010376, 0.49445105095704395, 0.4926827963855531], "val_loss": [0.6728378385305405, 0.6591906994581223, 0.6481286138296127, 0.634973481297493, 0.6215813457965851, 0.6074397712945938, 0.5906224846839905, 0.5738801807165146, 0.5637184381484985, 0.552200973033905, 0.5437149107456207, 0.5369286462664604, 0.5292212069034576, 0.5250059813261032, 0.5223447754979134, 0.5186127126216888, 0.5190852954983711, 0.5214742198586464, 0.5125273540616035, 0.5094189792871475, 0.5109963491559029, 0.5100471451878548, 0.5047110393643379, 0.5122735723853111, 0.5020694211125374, 0.5128478705883026, 0.5064306482672691, 0.5024961829185486, 0.5077449083328247, 0.5052587315440178, 0.4985053017735481, 0.5013437792658806, 0.5003794804215431, 0.49795468151569366, 0.4995047450065613, 0.4985288232564926, 0.49783390760421753, 0.5013024657964706, 0.49397067725658417, 0.5005179867148399, 0.4953854829072952, 0.5035714879631996, 0.494306817650795, 0.5004348605871201, 0.4989522472023964, 0.49466101080179214, 0.49574536830186844, 0.49556512385606766, 0.4973521828651428]}