{"best_val": 0.4668441414833069, "train_loss": [0.7074811160564423, 0.6662234829531776, 0.6277647250228457, 0.5881829493575625, 0.5475426614284515, 0.5180966075923708, 0.5053118599785699, 0.49403233495023513, 0.485519763496187, 0.48192227880160016, 0.4815938671429952, 0.48190296027395463, 0.47769659757614136, 0.4733078115516239, 0.4756427738401625, 0.4744242976109187, 0.4710499412483639, 0.4720635000202391, 0.46858800450960797, 0.4690479553408093, 0.46766330467330086, 0.4671942823463016, 0.46813341312938267, 0.46594231989648605, 0.4690841601954566, 0.4635118179851108, 0.4640029039647844, 0.4648553861512078, 0.4630226078960631, 0.459831189778116, 0.46317434145344627, 0.4618832601441277, 0.46032481723361546, 0.4594227572282155], "val_loss": [0.6806661784648895, 0.646156907081604, 0.6078153252601624, 0.5708458423614502, 0.5363771244883537, 0.5214563310146332, 0.5156419724225998, 0.507829412817955, 0.5039727911353111, 0.49697910249233246, 0.4889269098639488, 0.4876743480563164, 0.48910296708345413, 0.481112040579319, 0.48051847517490387, 0.47654900699853897, 0.4781750813126564, 0.4735276624560356, 0.47677160054445267, 0.4793627932667732, 0.4788161814212799, 0.477113276720047, 0.47197289764881134, 0.4668441414833069, 0.47941528260707855, 0.47682325541973114, 0.47609418630599976, 0.47571510076522827, 0.46808482706546783, 0.4702007696032524, 0.47346331179142, 0.47307828068733215, 0.4716596230864525, 0.47519345581531525]}