{"best_val": 0.4590262472629547, "train_loss": [0.6443765759468079, 0.6273379193411933, 0.6109554270903269, 0.5924418138133155, 0.5744716028372446, 0.5533091492123074, 0.5287234104341931, 0.5088046888510386, 0.4926629298263126, 0.48023729191886055, 0.4773877329296536, 0.473555992046992, 0.46940282152758706, 0.4732145402166579, 0.4640274229976866, 0.4670143342680401, 0.46204445428318447, 0.46091745959387886, 0.46352509823110366, 0.4619145956304338, 0.4582611040936576, 0.45870932274394566, 0.46149871084425187, 0.4607158170806037, 0.4547922793361876, 0.45711875955263775, 0.4543599933385849, 0.4566822217570411, 0.4585595313045714, 0.4561260955201255, 0.4527145392364926, 0.454894052611457, 0.4516572505235672, 0.45085398356119794, 0.45177919831540847, 0.44812125629848903, 0.45320115155643886, 0.4466713070869446, 0.44898615446355605, 0.45188402632872265, 0.4483858181370629, 0.44656773408253986, 0.4466274645593431, 0.44785937170187634, 0.44545380936728585, 0.44588986535867053, 0.44578228063053554, 0.4426687972413169, 0.44653716848956215, 0.4439014726214939, 0.44647787511348724], "val_loss": [0.6189221441745758, 0.6052848994731903, 0.5954998135566711, 0.577507734298706, 0.5569001138210297, 0.5385097563266754, 0.5225021690130234, 0.5078775435686111, 0.501341387629509, 0.49830998480319977, 0.49384505301713943, 0.4860284999012947, 0.4864359647035599, 0.4782889783382416, 0.47688524425029755, 0.47676900029182434, 0.48146115243434906, 0.4896632879972458, 0.4817737862467766, 0.47951019555330276, 0.4782736748456955, 0.4783317819237709, 0.4779309704899788, 0.4699779823422432, 0.4818121939897537, 0.47482409328222275, 0.4727204069495201, 0.47129135578870773, 0.4711330980062485, 0.4695665314793587, 0.46748173981904984, 0.47159557044506073, 0.4731592983007431, 0.4686974361538887, 0.46628475189208984, 0.4644129052758217, 0.46086692810058594, 0.4693760797381401, 0.4678022041916847, 0.4655192270874977, 0.4590262472629547, 0.4659828618168831, 0.47205259650945663, 0.46880099922418594, 0.46667689830064774, 0.46356962621212006, 0.4604344889521599, 0.4649513140320778, 0.46485326439142227, 0.4662477970123291, 0.4638492912054062]}