{"best_val": 0.5010973960161209, "train_loss": [0.6949528323279487, 0.6512915293375651, 0.6057440539201101, 0.5578904367155499, 0.5302183313502206, 0.5085029039118025, 0.49874024589856464, 0.491811356610722, 0.48865532378355664, 0.4842488252454334, 0.4814050793647766, 0.4811111307806439, 0.4771995743115743, 0.4750674631860521, 0.4751027954949273, 0.474182579252455, 0.47351353201601243, 0.47257641620106167, 0.47354959944883984, 0.471538245677948, 0.4699232263697518, 0.4687915990749995, 0.4649200191100438, 0.46514089902242023, 0.46683383484681445, 0.46324746310710907, 0.4649459736214744, 0.462702140212059, 0.4610862417353524, 0.4615718573331833, 0.4632880604929394, 0.4598372562064065, 0.4602617058489058, 0.4606030417813195, 0.4565793027480443, 0.45925477974944645], "val_loss": [0.6736027300357819, 0.6360459178686142, 0.5956411957740784, 0.5614990442991257, 0.5495365113019943, 0.5302019119262695, 0.5196542367339134, 0.5260435938835144, 0.5096043199300766, 0.520322285592556, 0.5098502039909363, 0.5140240117907524, 0.5192052945494652, 0.516657367348671, 0.5137684419751167, 0.5162055939435959, 0.5103509277105331, 0.5108163878321648, 0.5067475587129593, 0.5144216194748878, 0.5160399004817009, 0.5038824379444122, 0.5119062066078186, 0.5125213786959648, 0.5167718008160591, 0.5010973960161209, 0.5118032395839691, 0.5091143772006035, 0.5132787600159645, 0.5075308457016945, 0.5053351446986198, 0.5058724507689476, 0.5042039304971695, 0.5035616084933281, 0.5053089633584023, 0.5095029175281525]}