{"best_val": 0.46447470784187317, "train_loss": [0.6512719790140787, 0.6361092627048492, 0.6196668446063995, 0.5980621112717522, 0.5764516691366831, 0.5487427181667752, 0.5262826912932925, 0.5089835342433717, 0.5023460106717216, 0.4944850256045659, 0.4918345908323924, 0.4873517072863049, 0.48540086381965214, 0.48580533266067505, 0.48108916481335956, 0.4810562531153361, 0.47927769853009117, 0.47765810456540847, 0.48037538594669765, 0.4771854380766551, 0.4781786650419235, 0.4754631751113468, 0.47140513691637254, 0.4743840710984336, 0.47186994221475387, 0.47148947417736053, 0.4745874305566152, 0.47037913733058506, 0.4704442057344649, 0.468973813785447, 0.46993188560009, 0.46816084782282513, 0.46670784221755135, 0.46536241637335884, 0.46686375472280717, 0.46324606405364144, 0.46569234629472095, 0.46630149251884884, 0.46313460999064976, 0.46237058606412673, 0.46180574430359733, 0.46245429085360634, 0.46362708508968353, 0.46230966680579716, 0.4582926034927368, 0.46297841933038497, 0.4607457021872203, 0.4609811388783985, 0.46298372248808545, 0.45758504834440017, 0.4591164787610372, 0.45674668583605027, 0.4583659635649787, 0.45834585030873615, 0.4568699697653453, 0.4572596185737186], "val_loss": [0.6426006257534027, 0.6302161812782288, 0.6139591932296753, 0.5947453677654266, 0.5736294835805893, 0.5495706498622894, 0.5350946933031082, 0.5331763997673988, 0.5153141543269157, 0.5143721848726273, 0.506583571434021, 0.5017143562436104, 0.4976067990064621, 0.49972983449697495, 0.4962485283613205, 0.496189184486866, 0.49716316163539886, 0.4904193952679634, 0.48796308040618896, 0.49001412838697433, 0.49939800798892975, 0.48581745475530624, 0.483787901699543, 0.4833455979824066, 0.4861990138888359, 0.4826635420322418, 0.47728196531534195, 0.48335354030132294, 0.48057108372449875, 0.4822606146335602, 0.47877591103315353, 0.48026853799819946, 0.4727564826607704, 0.47714901715517044, 0.47429943084716797, 0.476165235042572, 0.4791309982538223, 0.47885846346616745, 0.4751390814781189, 0.4708937853574753, 0.4734933078289032, 0.4690517708659172, 0.47121383249759674, 0.4708193615078926, 0.4706770107150078, 0.46447470784187317, 0.4773070812225342, 0.4766163155436516, 0.4688185453414917, 0.4812558963894844, 0.4753836989402771, 0.47589199990034103, 0.4795391336083412, 0.4748476594686508, 0.470722533762455, 0.47566618025302887]}