{"best_val": 0.5237902924418449, "train_loss": [0.7120558222134908, 0.6793142093552483, 0.647098269727495, 0.6154327789942423, 0.5872305697864957, 0.5615919199254777, 0.5400615400738187, 0.5261780735519197, 0.512574647863706, 0.5010539210504956, 0.4986433469586902, 0.49352465238836074, 0.4881728771660063, 0.4891173640886943, 0.4892420834965176, 0.4863176494836807, 0.4823208302259445, 0.4815390540493859, 0.47934755351808334, 0.47604762183295357, 0.4764333681927787, 0.47844276825586957, 0.4717394693030251, 0.47006700601842666, 0.4712413615650601, 0.47343602279822034, 0.47297904392083484, 0.4700031330188115], "val_loss": [0.6709624826908112, 0.6507092416286469, 0.6286732703447342, 0.6079185605049133, 0.5865352302789688, 0.5731607526540756, 0.5535372346639633, 0.5503270626068115, 0.5444186627864838, 0.5382774844765663, 0.5343664214015007, 0.5304403230547905, 0.532920278608799, 0.5376227870583534, 0.5265765264630318, 0.5255358815193176, 0.5407750979065895, 0.5237902924418449, 0.5360577255487442, 0.5300691053271294, 0.5337871462106705, 0.5337596982717514, 0.5298890545964241, 0.5372931063175201, 0.5365747138857841, 0.5289499163627625, 0.526694618165493, 0.5345637947320938]}