{"best_val": 0.449901282787323, "train_loss": [0.6971407433350881, 0.6924855146143172, 0.6879547966851128, 0.6833813819620345, 0.6784703267945184, 0.6738324794504378, 0.6685725119378831, 0.6630003054936727, 0.6574655340777503, 0.6505922608905368, 0.6437912119759454, 0.6355154679881202, 0.6265816390514374, 0.6156239410241445, 0.6063317226039039, 0.5954170491960313, 0.5849878258175321, 0.5767938163545396, 0.5698549184534285, 0.5615281595124139, 0.5569372971852621, 0.5539848075972663, 0.5486285338799158, 0.5408305144972272, 0.5418108337455325, 0.5353605796893438, 0.533737932642301, 0.5335777418480979, 0.5303092963165708, 0.5253607001569536, 0.5253430323468314, 0.5224722690052457, 0.5219857808616426, 0.522003216875924, 0.5217921866310967, 0.5172116226620145, 0.5192304220464494, 0.5155468997028139, 0.5122846398088667, 0.5133593926827112, 0.5093103117412991, 0.5151364256938299, 0.5099233852492439, 0.508711200621393, 0.5047415412134595, 0.5071692764759064, 0.502831326590644, 0.5036832176976733, 0.5012404918670654, 0.5016017705202103, 0.5014932006597519, 0.49830421639813316, 0.496461335155699, 0.49763616422812146, 0.496846005320549, 0.49577561351988053, 0.49401426315307617, 0.49370600448714363, 0.49136589964230853, 0.49219059281879, 0.48891209728187984, 0.4924174365070131, 0.4931912024815877, 0.49005498157607186, 0.48940004573927987, 0.4872925695445802, 0.4894547214110692, 0.486222032043669, 0.490064380897416, 0.4874112357695897, 0.4852762586540646, 0.48760932352807784, 0.4851900902059343, 0.48381698462698197, 0.4838152229785919, 0.4856797423627641, 0.48468831347094643, 0.48174141347408295, 0.4848748760090934, 0.48530149625407326, 0.4842654565970103, 0.48344170716073775, 0.4847090062167909, 0.4863832046588262, 0.48256760173373753, 0.4813340488407347, 0.48091306289037067, 0.47891295287344193, 0.48117798070112866, 0.4824456291066276, 0.47973688112364876, 0.4797566913896137, 0.48059678077697754, 0.4792139248715507, 0.4786766386694378, 0.47986893521414864, 0.47996215356720817, 0.480695774157842, 0.48049697942203945, 0.4806228213840061, 0.4793556150462892, 0.4784416788154178, 0.4784163319402271, 0.4794818510611852, 0.47955284350448185, 0.47877079910702175, 0.47980959713459015], "val_loss": [0.694737896323204, 0.6903529912233353, 0.6858906149864197, 0.6818841844797134, 0.6771868765354156, 0.6722431033849716, 0.6675433069467545, 0.6615431904792786, 0.6558821350336075, 0.649180456995964, 0.6420650035142899, 0.6334583759307861, 0.6262617856264114, 0.615199089050293, 0.6058125644922256, 0.59482042491436, 0.5856431126594543, 0.5775716602802277, 0.5682143867015839, 0.5666403323411942, 0.560445711016655, 0.5506363660097122, 0.547494150698185, 0.5423676744103432, 0.5392661616206169, 0.5363271832466125, 0.5349472314119339, 0.5327043682336807, 0.5317501425743103, 0.5282143950462341, 0.5258140861988068, 0.5241734534502029, 0.5213304907083511, 0.5135523080825806, 0.5200563073158264, 0.5170329287648201, 0.5104148462414742, 0.5115002170205116, 0.5049875974655151, 0.5077446401119232, 0.501351036131382, 0.5092752054333687, 0.5018234327435493, 0.49773314595222473, 0.49866267293691635, 0.5002930238842964, 0.49696341902017593, 0.4966498166322708, 0.49407751113176346, 0.4894835576415062, 0.48881181329488754, 0.4812309890985489, 0.48474273830652237, 0.47748367488384247, 0.4838249832391739, 0.4782920926809311, 0.4786996990442276, 0.47683069109916687, 0.47403550893068314, 0.4788028374314308, 0.47481317818164825, 0.4699377939105034, 0.4727655053138733, 0.47024306654930115, 0.4715573117136955, 0.4713842049241066, 0.4678877890110016, 0.46531210094690323, 0.4631328284740448, 0.4650936648249626, 0.4688855707645416, 0.4658546596765518, 0.4667331129312515, 0.45756661891937256, 0.46025802940130234, 0.4610249474644661, 0.4682141989469528, 0.4622858762741089, 0.46349531412124634, 0.4647795110940933, 0.4584210440516472, 0.4614253416657448, 0.4549809917807579, 0.4599856957793236, 0.4544544368982315, 0.45969899743795395, 0.45688939839601517, 0.4612268880009651, 0.4514530897140503, 0.4558741897344589, 0.4604494124650955, 0.45424920320510864, 0.4599223881959915, 0.4516467750072479, 0.45685965567827225, 0.46124547719955444, 0.4499071165919304, 0.46075333654880524, 0.4595079869031906, 0.45876429975032806, 0.4534975364804268, 0.45393629372119904, 0.4531811326742172, 0.4544459283351898, 0.4544380158185959, 0.45130788534879684, 0.449901282787323]}