{"best_val": 0.4801911488175392, "train_loss": [0.7073533634344736, 0.7039551039536794, 0.7003719111283621, 0.6968782477908664, 0.6931936575306786, 0.6896775894694858, 0.6859792669614156, 0.6822285784615411, 0.6784483161237505, 0.6743586096498702, 0.6704172028435601, 0.6660523944430881, 0.6620206038157145, 0.657251732216941, 0.6532297730445862, 0.6485486262374454, 0.6440607872274187, 0.6385115616851382, 0.6339572568734487, 0.6291261712710062, 0.6239186459117465, 0.6190722220473819, 0.6135362287362417, 0.6083528399467468, 0.6030027137862312, 0.5977788600656722, 0.593506395816803, 0.5884902709060245, 0.5843834578990936, 0.5787287321355608, 0.5740155743228065, 0.5710225999355316, 0.5669494701756371, 0.5622064140107896, 0.5574508888853921, 0.5547949208153619, 0.5515198210875193, 0.5470368398560418, 0.5432556834485796, 0.5429585112465752, 0.5361841883924272, 0.5394329114092721, 0.5343936085700989, 0.5328995751010047, 0.5303745716810226, 0.5286531448364258, 0.5265369829204347, 0.5292433549960455, 0.5253930820359124, 0.5226763139168421, 0.5222218963834975, 0.5225278983513514, 0.5179537435372671, 0.517808586359024, 0.5159980571932263, 0.5143630819188224, 0.5149056911468506, 0.5127806001239352, 0.5121883998314539, 0.5135939303371642, 0.5104619248045815, 0.5090479569302665, 0.5064374638928307, 0.5084656725327173, 0.5050731086068683, 0.5055018001132541, 0.502233131064309, 0.5033056454526054, 0.5001773138840994, 0.5002294911278619, 0.5011327581273185, 0.5002838737434812, 0.4982222815354665, 0.49746791190571255, 0.49420178433259326, 0.49897388451629215, 0.4936392555634181, 0.4923594461547004, 0.4928259021706051, 0.4932153390513526, 0.4926382667488522, 0.49150487615002525, 0.48884382512834335, 0.48890376256571877, 0.49059932430585224, 0.48735382821824813, 0.48858651022116345, 0.485637088616689, 0.4860200070672565, 0.48538946277565426, 0.4854128377305137], "val_loss": [0.7055074870586395, 0.7018593698740005, 0.6981205344200134, 0.6945087015628815, 0.6907837390899658, 0.686860591173172, 0.6832358688116074, 0.6795114725828171, 0.6750123053789139, 0.6709009557962418, 0.6665731072425842, 0.6623650938272476, 0.6579309105873108, 0.6535887718200684, 0.6495405435562134, 0.6431848257780075, 0.6393091082572937, 0.6336297690868378, 0.6297233253717422, 0.6249953508377075, 0.6190155893564224, 0.6138279139995575, 0.6090441793203354, 0.6033631265163422, 0.5984974205493927, 0.5917079001665115, 0.5883685797452927, 0.5826511979103088, 0.5766903012990952, 0.5744926184415817, 0.5680743455886841, 0.5642747730016708, 0.5616120994091034, 0.55586838722229, 0.5562233775854111, 0.5497312843799591, 0.546196237206459, 0.5440238565206528, 0.5379218012094498, 0.5382975339889526, 0.5348762273788452, 0.5340607911348343, 0.5283126085996628, 0.5297313630580902, 0.5274638533592224, 0.5213142558932304, 0.5234681069850922, 0.5225348323583603, 0.5173457637429237, 0.5230613276362419, 0.5205561220645905, 0.5177751630544662, 0.5184455960988998, 0.5103156566619873, 0.5119736716151237, 0.509358324110508, 0.5152138322591782, 0.5142489895224571, 0.5065347254276276, 0.5098301768302917, 0.506647877395153, 0.5048419907689095, 0.4990426227450371, 0.5012255162000656, 0.5044214501976967, 0.5046871528029442, 0.49831458181142807, 0.4992833808064461, 0.5033405497670174, 0.49745146930217743, 0.500663734972477, 0.49702296406030655, 0.49914975464344025, 0.493272140622139, 0.4908594563603401, 0.49307529628276825, 0.49638907611370087, 0.49985717982053757, 0.48830627650022507, 0.4898640364408493, 0.4801911488175392, 0.4840356186032295, 0.4858196973800659, 0.4837615415453911, 0.48576486855745316, 0.48689837753772736, 0.4809257313609123, 0.4845915660262108, 0.4877299889922142, 0.4804662615060806, 0.48628469556570053]}