{"best_val": 0.4305959865450859, "train_loss": [0.7280223137802548, 0.6855223874251047, 0.6493372387356229, 0.6153711544142829, 0.5821481678220961, 0.5578703532616297, 0.5344726145267487, 0.5184737046559652, 0.5105358378754722, 0.5023661851882935, 0.49817877014478046, 0.4949093477593528, 0.49330102238390183, 0.4893693145778444, 0.4887353264623218, 0.48600737584961784, 0.487784410516421, 0.48635490735371906, 0.4866366452640957, 0.4851461069451438, 0.48298511405785877, 0.4807685613632202, 0.48031195004781085, 0.48073264294200474, 0.47806285487280953, 0.4801439377996657, 0.47655794190035927, 0.474795487191942, 0.4773757921324836, 0.4758872075213326, 0.47664715018537307, 0.47432684070534176, 0.4729679160647922, 0.4718267967303594, 0.47389477160241866, 0.4736628631750743, 0.4721022844314575, 0.471542101767328, 0.46857428385151756, 0.4703675988647673, 0.4728500213887956, 0.4708784172932307, 0.47100474271509385, 0.4708603471517563, 0.47129448917176986, 0.47174423270755345, 0.4689439402686225, 0.47018979655371773, 0.4697991692357593, 0.4664691686630249, 0.4694689214229584, 0.4669562611314986, 0.4668007277780109, 0.4702318012714386, 0.46694253219498527, 0.46656573977735305, 0.4631870190302531, 0.4659380101495319, 0.46648745404349434, 0.4620143440034654, 0.4647885163625081, 0.46152159571647644], "val_loss": [0.7066593319177628, 0.6687598377466202, 0.6317492723464966, 0.5950139462947845, 0.5650577694177628, 0.5383617728948593, 0.5167947039008141, 0.49996835738420486, 0.4825928434729576, 0.4799742102622986, 0.47693464159965515, 0.46897976100444794, 0.4695500358939171, 0.4613998308777809, 0.46612903475761414, 0.4608117789030075, 0.45796719193458557, 0.4626379981637001, 0.4581378400325775, 0.45307707041502, 0.45547132194042206, 0.4556017145514488, 0.4464559629559517, 0.4508860483765602, 0.4458143264055252, 0.4568066895008087, 0.44877903908491135, 0.4432717263698578, 0.45171188563108444, 0.4490072950720787, 0.4472329318523407, 0.4489872381091118, 0.4436042830348015, 0.45142147690057755, 0.4419044330716133, 0.4442759305238724, 0.44356630742549896, 0.43681392818689346, 0.4480932131409645, 0.4471963420510292, 0.4432474672794342, 0.4308939799666405, 0.44303978234529495, 0.4404466673731804, 0.4429481774568558, 0.4417649507522583, 0.43842238187789917, 0.4407200440764427, 0.43793828040361404, 0.4385155588388443, 0.4329425171017647, 0.4305959865450859, 0.4415966346859932, 0.4374213367700577, 0.441320039331913, 0.43655432760715485, 0.44213802367448807, 0.4385198950767517, 0.4429941177368164, 0.4395870193839073, 0.43940072506666183, 0.4332651421427727]}