{"best_val": 0.4586194232106209, "train_loss": [0.7053882579008738, 0.7029174003336165, 0.700489858786265, 0.6978329088952806, 0.6952742205725776, 0.6926815410455068, 0.6900632646348741, 0.6872383654117584, 0.6843024790287018, 0.6815032528506385, 0.6783072385523055, 0.675443794992235, 0.6723375486003028, 0.6688923438390096, 0.6653988560040792, 0.6622757381863065, 0.6588782005839877, 0.6554428603914049, 0.6517234974437289, 0.6478012005488077, 0.6446915931171842, 0.6405856510003408, 0.6370254788133833, 0.6332946121692657, 0.6289165019989014, 0.6254251963562436, 0.6210451258553399, 0.6170160273710886, 0.6115289827187856, 0.6091925832960341, 0.6047361890474955, 0.6006851328743829, 0.5972775883144803, 0.5937943359216055, 0.5896476772096422, 0.5865528749095069, 0.5820812748538123, 0.5819538666142358, 0.576005885998408, 0.5728184481461843, 0.5694047378169166, 0.5680633783340454, 0.5639149811532762, 0.5626800159613291, 0.5606033272213407, 0.5577684856123395, 0.5552056199974484, 0.5533069968223572, 0.5498109244638019, 0.5492899301979277, 0.5464544246594111, 0.5460918429825041, 0.5431679950820075, 0.5422488765584098, 0.5381890452570386, 0.5359975861178504, 0.5359351535638174, 0.5369587110148536, 0.5334739453262753, 0.5306443058782153, 0.5306001851956049, 0.5292021814319823, 0.5289536697996987, 0.5301279707087411, 0.5251359028948678, 0.5250407954057058, 0.5235893030961355, 0.5229441506995095, 0.5208488023943372, 0.5190430896149741, 0.5220830920669768, 0.5221566789680057, 0.5177354746394687, 0.5155439691411124, 0.5120881812440025, 0.5134711977508333, 0.5125264873107275, 0.5132336070140203, 0.5101180871327718, 0.5112734436988831, 0.5115159336063597, 0.5084687487946616, 0.5067456381188499, 0.507888944612609, 0.5068776160478592, 0.5066477689478133, 0.5043245719538795, 0.5054462866650687, 0.504870269033644, 0.5032979514863756, 0.5018483698368073, 0.5015578534868028, 0.5015702495972315, 0.5025036185979843, 0.5016546183162265, 0.5015285114447275, 0.49838923911253613, 0.4989525096284019, 0.4982878218094508, 0.4983498553435008, 0.4963323358032439, 0.4971786356634564, 0.4930202265580495, 0.4948009103536606, 0.49566816952493453, 0.49314944114949966, 0.4971187545193566, 0.4935009413295322, 0.49203938908047146, 0.4935685015387005, 0.49092702236440444, 0.49069493346744114, 0.4940966119368871, 0.4935355203019248, 0.4941616091463301, 0.48943137956990135, 0.4900767025020387, 0.4917607870366838, 0.4901692701710595, 0.48940494656562805, 0.4908481190601985, 0.4870695256524616, 0.4904030081298616, 0.48836808237764573, 0.486071636279424, 0.4886040720674727, 0.4888406876060698, 0.4877865430381563, 0.48642632861932117, 0.484966269797749, 0.4900474399328232, 0.4848658922645781, 0.4851968553331163, 0.48563362492455375, 0.48559379908773637, 0.48870523770650226, 0.4840315414799584, 0.48350509835614097, 0.4835318277279536], "val_loss": [0.7033418267965317, 0.7009438127279282, 0.6983550488948822, 0.6959270238876343, 0.6933588683605194, 0.6908677071332932, 0.688263326883316, 0.6854306608438492, 0.6826297640800476, 0.6796873807907104, 0.6761635839939117, 0.6737374663352966, 0.6706009209156036, 0.66820228099823, 0.6643043607473373, 0.6618602871894836, 0.6575644165277481, 0.6549019068479538, 0.650551050901413, 0.6477736383676529, 0.6435407549142838, 0.6393388956785202, 0.6372137367725372, 0.6319978833198547, 0.6295721381902695, 0.6260074973106384, 0.6184220016002655, 0.6184520274400711, 0.6129513829946518, 0.6104966253042221, 0.6065782755613327, 0.6027868539094925, 0.5985181629657745, 0.5939697325229645, 0.5914425849914551, 0.5865752547979355, 0.5848096311092377, 0.5827471613883972, 0.5802851468324661, 0.5760667026042938, 0.5700778961181641, 0.5660361796617508, 0.5651991963386536, 0.564056783914566, 0.557640478014946, 0.558392196893692, 0.5537954866886139, 0.5534723699092865, 0.5510445237159729, 0.5429934337735176, 0.5448202639818192, 0.5442591607570648, 0.5381280481815338, 0.5433821380138397, 0.5363036245107651, 0.5306299179792404, 0.5343182235956192, 0.5304754376411438, 0.5330275595188141, 0.5251735597848892, 0.5275334864854813, 0.5228842794895172, 0.5216850712895393, 0.5153858661651611, 0.52113838493824, 0.5187772735953331, 0.5188613161444664, 0.5209662169218063, 0.5154558569192886, 0.5140534415841103, 0.5098064765334129, 0.5119897797703743, 0.5071503221988678, 0.5096678137779236, 0.5071579143404961, 0.5055856853723526, 0.50631944835186, 0.5027954652905464, 0.5027269199490547, 0.49311015754938126, 0.4977176561951637, 0.4997904524207115, 0.5002598389983177, 0.4980999529361725, 0.49387673288583755, 0.4894375577569008, 0.49646396189928055, 0.4961259216070175, 0.4903736934065819, 0.48922694474458694, 0.4944448471069336, 0.48624663054943085, 0.4878639802336693, 0.49044594168663025, 0.4878295436501503, 0.48850254714488983, 0.4811093136668205, 0.48313044756650925, 0.48398923873901367, 0.4813855439424515, 0.4852683022618294, 0.4804061949253082, 0.4791078492999077, 0.48198557645082474, 0.4776642918586731, 0.4796876832842827, 0.4758780524134636, 0.4760834723711014, 0.47603998333215714, 0.4782666340470314, 0.4770066738128662, 0.47450678795576096, 0.4679061397910118, 0.47913433611392975, 0.47030363231897354, 0.46763137727975845, 0.46751001477241516, 0.4715248867869377, 0.47080281376838684, 0.4707237333059311, 0.47025373578071594, 0.4666789174079895, 0.4640266224741936, 0.46680748462677, 0.46904172003269196, 0.46853475272655487, 0.46503791958093643, 0.4698992520570755, 0.4586194232106209, 0.4595128446817398, 0.4602815806865692, 0.463388055562973, 0.4616972506046295, 0.46718212217092514, 0.461403027176857, 0.46926722675561905, 0.46981970965862274, 0.46076156944036484, 0.46415743231773376]}