{"best_val": 0.4649909809231758, "train_loss": [0.7073753476142883, 0.7039580312040117, 0.7006366749604543, 0.6972587770885892, 0.6938669317298465, 0.6903705298900604, 0.6869147949748569, 0.683047870794932, 0.6795867913299136, 0.6753705872429742, 0.6709124015437232, 0.6667955882019467, 0.661915640036265, 0.6568815973069932, 0.6511637568473816, 0.6454441414939033, 0.6390455696317885, 0.6324514514870114, 0.6264321969615089, 0.618525978591707, 0.6119058430194855, 0.6037888593143887, 0.5966982675923241, 0.590139627456665, 0.5832468834188249, 0.575717094871733, 0.5689713127083249, 0.5611834989653693, 0.5547418759928809, 0.5500485019551383, 0.5457519077592425, 0.5410085386700101, 0.536760570274459, 0.53227732082208, 0.5298788762754865, 0.5253900521331363, 0.5216026306152344, 0.5204574151171578, 0.5150464607609643, 0.5125948107904859, 0.5114973468912972, 0.5079672286907831, 0.5032830519808663, 0.5038998739586936, 0.501242478688558, 0.5010051495499082, 0.4975080109304852, 0.4958585335148705, 0.49704109132289886, 0.49423765970600975, 0.4922480665975147, 0.49030666053295135, 0.48998212648762596, 0.4893885735008452, 0.48770740297105575, 0.491405694021119, 0.4843393978145387, 0.48277268641524845, 0.4870548728439543, 0.48351048595375484, 0.4818604058689541, 0.4863267441590627, 0.47992923855781555, 0.4820089472664727, 0.48096731801827747, 0.4778987185822593, 0.4751299437549379, 0.4778374714983834, 0.47532317373487687, 0.4782230307658513, 0.4830320891406801, 0.476459769739045, 0.473822510904736, 0.4743025253216426, 0.4748976197507646, 0.47583038442664677, 0.47371846934159595, 0.4739872482087877, 0.47402363684442306, 0.47280401322576737, 0.47320132123099434, 0.4736117372910182, 0.4702431791358524, 0.4728723168373108, 0.4740142855379317, 0.47217492593659294, 0.47354573176966774, 0.4725066539314058, 0.47173549234867096, 0.47311634322007495, 0.4675094021691216, 0.47246069378323025, 0.4705932405259874, 0.4691732343700197], "val_loss": [0.7059714794158936, 0.7028018683195114, 0.6992542743682861, 0.6957855075597763, 0.6922163367271423, 0.6886773854494095, 0.6848946213722229, 0.6815911680459976, 0.6770498156547546, 0.672784686088562, 0.668417364358902, 0.6637990474700928, 0.6596130430698395, 0.6531068533658981, 0.6477554589509964, 0.6429240554571152, 0.6339507848024368, 0.628757506608963, 0.6204652041196823, 0.6151979118585587, 0.6080683469772339, 0.598716989159584, 0.5935160666704178, 0.5865602493286133, 0.5792645961046219, 0.5739922076463699, 0.5671286135911942, 0.5607048720121384, 0.5545574277639389, 0.5493939369916916, 0.5472048670053482, 0.539698988199234, 0.5387728959321976, 0.5341730564832687, 0.5324110239744186, 0.5352536141872406, 0.5284149050712585, 0.5225759595632553, 0.5177220553159714, 0.5137538835406303, 0.513942651450634, 0.5099799707531929, 0.5079555287957191, 0.5048444867134094, 0.5075989812612534, 0.5043816268444061, 0.5038677006959915, 0.4997151121497154, 0.4986897259950638, 0.49644068628549576, 0.49508918821811676, 0.4882054626941681, 0.4974296763539314, 0.4928137734532356, 0.48925647139549255, 0.48751650750637054, 0.48980728536844254, 0.48970890045166016, 0.4936657175421715, 0.48573219031095505, 0.48433656245470047, 0.4812426492571831, 0.484877772629261, 0.4845808297395706, 0.4804168865084648, 0.4817538261413574, 0.47671664506196976, 0.4766673520207405, 0.4786175936460495, 0.4741872400045395, 0.4753897041082382, 0.4722339138388634, 0.4762203246355057, 0.47494229674339294, 0.4735068306326866, 0.47231852263212204, 0.4703744575381279, 0.4729710668325424, 0.47170862555503845, 0.47535761445760727, 0.4678732752799988, 0.4694012477993965, 0.47042927145957947, 0.4649909809231758, 0.4757005497813225, 0.4726492464542389, 0.47401632368564606, 0.4702277258038521, 0.46829890459775925, 0.4765012711286545, 0.4776013344526291, 0.47390830516815186, 0.46952735632658005, 0.46535424143075943]}