{"best_val": 0.5324374511837959, "train_loss": [0.7238269415166643, 0.7091835406091478, 0.6938515338632796, 0.6800311240884993, 0.664810491932763, 0.6491346061229706, 0.6312238176663717, 0.6148234142197503, 0.6032575501335992, 0.592425051662657, 0.5836750566959381, 0.5734266142050425, 0.5642958879470825, 0.5560140593184365, 0.5479416814115312, 0.5419449988338683, 0.5366301751799054, 0.530376199218962, 0.5283837782012092, 0.5205083406633801, 0.519520029425621, 0.5179912083678775, 0.5110084530380037, 0.510498015416993, 0.5071621371640099, 0.5040448423888948, 0.5043362428744634, 0.5012731187873416, 0.5000352197223239, 0.49967898097303176, 0.4963694777753618, 0.4950107021464242, 0.49175750546985203, 0.49352964096599156, 0.4917287180821101, 0.4899254904852973, 0.48682695130507153, 0.48656975229581195, 0.48575908773475224, 0.48726462490028805, 0.4873194164699978, 0.4840690791606903, 0.4831523150205612, 0.48419688807593453, 0.48522334959771896, 0.4828954488039017, 0.483146243625217, 0.48317396144072217, 0.48231321738825905, 0.4800253295236164, 0.48012589746051365], "val_loss": [0.6456200033426285, 0.6408480107784271, 0.6376124918460846, 0.6340840011835098, 0.6290401816368103, 0.6212898790836334, 0.6143203228712082, 0.6106456220149994, 0.6040742248296738, 0.5969723463058472, 0.5909761637449265, 0.5846661329269409, 0.5761989802122116, 0.5676963031291962, 0.5586430579423904, 0.5605674460530281, 0.5570393204689026, 0.5502517521381378, 0.5496534407138824, 0.5501803755760193, 0.5480231493711472, 0.543077290058136, 0.5461710840463638, 0.5444496273994446, 0.5403890460729599, 0.5420509651303291, 0.544771708548069, 0.5437143594026566, 0.5381819605827332, 0.5449492931365967, 0.5430594235658646, 0.5358988419175148, 0.5405125468969345, 0.541690319776535, 0.5358933210372925, 0.5372989326715469, 0.5335376262664795, 0.5371099337935448, 0.5400798693299294, 0.5359484553337097, 0.5324374511837959, 0.533519871532917, 0.5339426398277283, 0.5420361086726189, 0.540454551577568, 0.5373379290103912, 0.5331863388419151, 0.5359755456447601, 0.5350445657968521, 0.5408008918166161, 0.5329072177410126]}