{"best_val": 0.5006662979722023, "train_loss": [0.6790799266762204, 0.65384727385309, 0.6218657990296682, 0.5859541926119063, 0.5468202465110354, 0.5195306208398607, 0.500122908088896, 0.4870375444491704, 0.48027342557907104, 0.4745873643292321, 0.4748762614197201, 0.4692660454246733, 0.46542300118340385, 0.46614114277892643, 0.4644710090425279, 0.46566033197773826, 0.4579036235809326, 0.46152205765247345, 0.45701603094736737, 0.45496184792783523, 0.4558448940515518, 0.4536881215042538, 0.45204461614290875, 0.45001358290513355, 0.4471903559234407, 0.44554591178894043, 0.4450433138344023, 0.44239275654157, 0.4419096029467053, 0.44360875421100193], "val_loss": [0.668972447514534, 0.6432182490825653, 0.6127815246582031, 0.5807321816682816, 0.556875929236412, 0.5378461256623268, 0.5261338949203491, 0.5162461474537849, 0.5161465406417847, 0.5139496847987175, 0.5076771602034569, 0.5064204409718513, 0.5084067210555077, 0.5087110847234726, 0.5032004490494728, 0.5063133612275124, 0.5067184939980507, 0.511962041258812, 0.5041155070066452, 0.5006662979722023, 0.5032500624656677, 0.5124216303229332, 0.5045816972851753, 0.5041007101535797, 0.5041432082653046, 0.5069381445646286, 0.5058470964431763, 0.5072650238871574, 0.5097461044788361, 0.5092252939939499]}