{"best_val": 0.46441321820020676, "train_loss": [0.7029588321844736, 0.7008086409833696, 0.6987561881542206, 0.6966535548369089, 0.6945479744010501, 0.692492382393943, 0.6904947956403097, 0.6885124246279398, 0.686603820986218, 0.6846094992425706, 0.6828428341282738, 0.6810149815347459, 0.6790914999114143, 0.6772908899519179, 0.6758275032043457, 0.673703647322125, 0.6718238261010911, 0.6701445811324649, 0.6680586437384287, 0.6661489374107785, 0.6640695068571303, 0.6619013581011031, 0.659611251619127, 0.6572567721207937, 0.6552783052126566, 0.6528004374768999, 0.6500094599193997, 0.6475298437807295, 0.645487368106842, 0.6426993310451508, 0.640144427617391, 0.6375623808966743, 0.6358540720409818, 0.6329863336351182, 0.6303601331180997, 0.6273742516835531, 0.6255605684386359, 0.6226158373885684, 0.619864328040017, 0.6173760493596395, 0.6141701141993204, 0.6130665805604723, 0.6090681453545889, 0.6066985891924964, 0.6045492158995734, 0.6007490025626289, 0.5973955459064908, 0.5952352152930366, 0.5914551715056101, 0.588644544283549, 0.5874524977472093, 0.5824561648898654, 0.5794738431771597, 0.5781116088231405, 0.5761507021056281, 0.5731343196498023, 0.5693371362156339, 0.5675669246249728, 0.5641147229406569, 0.5613732867770724, 0.5590631398889754, 0.5543563928869035, 0.5523832970195346, 0.5502196947733561, 0.5481190615230136, 0.5443053510453966, 0.5434235946999656, 0.5398451056745317, 0.5384171141518487, 0.5364179743660821, 0.5350475526518292, 0.5331458763943778, 0.5338770796855291, 0.5299401995208528, 0.5295747253629897, 0.5270031525029076, 0.5235964407523473, 0.5250179701381259, 0.5202606734302309, 0.5198232067955865, 0.52196590271261, 0.5170880556106567, 0.5177443905009164, 0.51717618935638, 0.5149871624178357, 0.514297604560852, 0.5133775422970454, 0.5132111195060942, 0.5107304867770937, 0.5119077563285828, 0.5092177208926942, 0.5051059822241465, 0.5082123196787305, 0.5086623165342543, 0.5042196545335982, 0.5056084841489792, 0.5014296836323209, 0.5032762934764227, 0.5015954822301865, 0.49823524554570514, 0.5005105336507162, 0.5010951790544722, 0.49877553681532544, 0.4966824452082316, 0.49637482398086125, 0.4961910198132197, 0.49539392855432296, 0.4971642510758506, 0.49446096354060703, 0.49248046345180935, 0.49449894494480556, 0.4898415323760774, 0.49091584814919365, 0.4881496677796046, 0.48753607604238725, 0.48815028700563645, 0.488903221156862, 0.483823181854354, 0.48705435130331254, 0.48520437214109635, 0.48374626371595597, 0.4823598215977351, 0.4843709667523702, 0.48536908957693314, 0.4835509889655643, 0.48513834840721554, 0.48022764590051437, 0.4829578631454044, 0.4833555867274602, 0.4794032441245185, 0.48047758473290336, 0.4825911257002089, 0.4804517974456151, 0.47637088265683913, 0.4812661525275972, 0.47973160445690155, 0.4767109023200141, 0.4774147586690055, 0.47796643773714703, 0.47672447396649253, 0.47650091018941665, 0.47582316729757523, 0.4752977357970344, 0.4758337388436, 0.47696789768007064, 0.47470946941110825, 0.47192836470074123, 0.4746189945273929, 0.4738590584860908, 0.4737870047489802, 0.47287629379166496, 0.4721440060271157], "val_loss": [0.7016080468893051, 0.6995207369327545, 0.6976408660411835, 0.6954482197761536, 0.6933223009109497, 0.691238209605217, 0.6891576796770096, 0.6872545033693314, 0.6853570491075516, 0.6832668781280518, 0.6816610395908356, 0.6798241585493088, 0.6781314462423325, 0.6761043071746826, 0.674223855137825, 0.6724464297294617, 0.670251876115799, 0.6684682071208954, 0.666083499789238, 0.6639217287302017, 0.6620773524045944, 0.6602078676223755, 0.6576329469680786, 0.6552054136991501, 0.6531407386064529, 0.6513106673955917, 0.6470395177602768, 0.6452923715114594, 0.6434922516345978, 0.6410813629627228, 0.6369584649801254, 0.6357734054327011, 0.6324317306280136, 0.6306743323802948, 0.6292461454868317, 0.6258664429187775, 0.6225133091211319, 0.6195628792047501, 0.6178534477949142, 0.6165650337934494, 0.6137509793043137, 0.6107920855283737, 0.6077683866024017, 0.6044288575649261, 0.6010962575674057, 0.5985184609889984, 0.5961409956216812, 0.5947863906621933, 0.5903881043195724, 0.5883974134922028, 0.5851969122886658, 0.583403006196022, 0.5784557014703751, 0.5770633369684219, 0.5726547539234161, 0.5761242061853409, 0.5690267831087112, 0.5638677924871445, 0.5666351765394211, 0.5634379237890244, 0.5560425668954849, 0.5549647510051727, 0.5556037724018097, 0.5529626756906509, 0.5490331649780273, 0.5494095087051392, 0.5446663498878479, 0.5439361333847046, 0.5450268089771271, 0.5416186675429344, 0.5385574549436569, 0.5358944237232208, 0.5352251380681992, 0.5321181863546371, 0.5311008021235466, 0.52854123711586, 0.5278178602457047, 0.5279918909072876, 0.5250361114740372, 0.5199236199259758, 0.5235640928149223, 0.523498073220253, 0.5179159715771675, 0.5170092210173607, 0.5173337757587433, 0.5212508887052536, 0.5161008387804031, 0.5128919929265976, 0.5146056786179543, 0.5064280703663826, 0.5079501941800117, 0.5108887404203415, 0.5076109319925308, 0.5022721365094185, 0.5085943341255188, 0.5054852366447449, 0.5056437626481056, 0.4947638660669327, 0.5047328025102615, 0.5001318380236626, 0.4966481998562813, 0.4975830242037773, 0.5000410750508308, 0.5067216902971268, 0.4932084307074547, 0.49211231619119644, 0.49179358035326004, 0.49837305396795273, 0.5023453235626221, 0.49086617678403854, 0.488739512860775, 0.49095047265291214, 0.4921558275818825, 0.48880238085985184, 0.48490574210882187, 0.48760852217674255, 0.48446377366781235, 0.4847664162516594, 0.48994089663028717, 0.4839293956756592, 0.4883124828338623, 0.475984588265419, 0.4790887385606766, 0.47881530225276947, 0.4803701639175415, 0.476335808634758, 0.4744971841573715, 0.47673623263835907, 0.4745864197611809, 0.47480860352516174, 0.480518639087677, 0.4773073121905327, 0.47763843834400177, 0.47512493282556534, 0.47042859345674515, 0.47270820289850235, 0.4763522073626518, 0.47176919877529144, 0.4734870493412018, 0.4720671698451042, 0.47926847636699677, 0.4783860072493553, 0.4680977091193199, 0.47447285801172256, 0.46706128865480423, 0.4644213244318962, 0.47055159509181976, 0.4682460352778435, 0.47391515225172043, 0.4647603929042816, 0.46756161004304886, 0.46441321820020676]}