{"best_val": 0.4781991094350815, "train_loss": [0.6759559876388974, 0.6569782892862955, 0.6335713929600186, 0.6003385782241821, 0.5636130670706431, 0.5317566196123759, 0.5124425871504678, 0.4966406573851903, 0.48914306859175366, 0.4850110428200828, 0.48180661929978263, 0.47551657756169635, 0.47353122466140324, 0.4722166789902581, 0.46899523999955917, 0.46631649136543274, 0.46520838638146716, 0.466073226597574, 0.46470844248930615, 0.46277182797590893, 0.4573650078641044, 0.461193076438374, 0.458508152100775, 0.4591148578458362, 0.45831239885754055, 0.45928313665919834, 0.45786577132013107, 0.453835098279847, 0.4537740366326438, 0.45759683350721997, 0.45375338196754456, 0.4555258055528005, 0.4563097639216317, 0.4518749912579854, 0.4507519172297584, 0.44986210101180607], "val_loss": [0.6649801135063171, 0.6464079320430756, 0.6195847988128662, 0.5832780003547668, 0.5427627414464951, 0.5183548182249069, 0.5063331872224808, 0.505240298807621, 0.49257806688547134, 0.498611643910408, 0.490167073905468, 0.49140699207782745, 0.4944731220602989, 0.4913414344191551, 0.48457690328359604, 0.4900353401899338, 0.4850812777876854, 0.4924890175461769, 0.4862287566065788, 0.4879167899489403, 0.48648642748594284, 0.48664070665836334, 0.4814208373427391, 0.4838053956627846, 0.48699572682380676, 0.4781991094350815, 0.4856748953461647, 0.4889112859964371, 0.4879533126950264, 0.48862818628549576, 0.485298752784729, 0.4831329211592674, 0.48644787073135376, 0.4824940711259842, 0.48624173551797867, 0.4865467846393585]}