{"best_val": 0.45742202550172806, "train_loss": [0.7124853663974338, 0.6756860911846161, 0.6456561452812619, 0.6139547063244714, 0.5800606608390808, 0.5451702210638258, 0.517484168211619, 0.505638321240743, 0.4900662783119414, 0.4835384206639396, 0.4783245192633735, 0.4720834129386478, 0.46847212976879543, 0.4638178116745419, 0.4645667208565606, 0.46246809926297927, 0.46116559869713253, 0.4613085670603646, 0.4598730074034797, 0.4564775874217351, 0.45181915826267666, 0.4535234421491623, 0.45469554927614, 0.45606907374329037, 0.4551910873916414, 0.4514891472127702, 0.4519041031599045, 0.45117847952577805, 0.44726400408479905, 0.4519209431277381, 0.4498830172750685, 0.4500303152534697, 0.44732977118757034, 0.4499608311388228, 0.44621555176046157, 0.45284250378608704, 0.44562101198567283, 0.4448007626665963, 0.4459548741579056, 0.4461904532379574, 0.4455719573630227, 0.4452492859628465, 0.4453330205546485, 0.4412909679942661, 0.44620196355713737, 0.44043374723858303], "val_loss": [0.7038030475378036, 0.67405566573143, 0.645773321390152, 0.6131347864866257, 0.5773909389972687, 0.5528754591941833, 0.5286983028054237, 0.517791748046875, 0.510159507393837, 0.5068825408816338, 0.5011519715189934, 0.4936049208045006, 0.49950403720140457, 0.4831945225596428, 0.48307299613952637, 0.4811870828270912, 0.4699627608060837, 0.47959551960229874, 0.47141215950250626, 0.4753579646348953, 0.4728929474949837, 0.4777010828256607, 0.4768005833029747, 0.4733417257666588, 0.4717855229973793, 0.4672888219356537, 0.4738200753927231, 0.4661058485507965, 0.46476658433675766, 0.4726250469684601, 0.46957962960004807, 0.4645446911454201, 0.46594635397195816, 0.46894366294145584, 0.471550777554512, 0.45742202550172806, 0.46776295453310013, 0.47354594618082047, 0.4713592082262039, 0.4649072363972664, 0.46759243309497833, 0.46142496168613434, 0.4655803367495537, 0.46871142089366913, 0.4636450558900833, 0.4668317213654518]}