{"best_val": 0.49930670857429504, "train_loss": [0.7146631545490689, 0.7012813025050693, 0.6854577859242758, 0.6681142316924201, 0.6455670628282759, 0.619857261578242, 0.5939797262350718, 0.5708176162507799, 0.5521250118811926, 0.5413465963469611, 0.5316918657885658, 0.5278352267212338, 0.5207358830504947, 0.5153821872340308, 0.5142949786451128, 0.5100744333532121, 0.5094025664859347, 0.5078707933425903, 0.5024556616942087, 0.5024888234006034, 0.5018819901678298, 0.49784740474489, 0.5000396023193995, 0.49843283494313556, 0.4977377388212416, 0.4953848504357868, 0.4957147952583101, 0.4965224530961778, 0.4929419391685062, 0.49092893964714474, 0.4909319248464372, 0.48921480940447915, 0.4947573045889537, 0.49132824937502545, 0.4877301702896754, 0.4900573326481713, 0.4893755217393239, 0.4884438415368398, 0.4882294750875897, 0.4893259240521325], "val_loss": [0.6863428205251694, 0.6746923625469208, 0.6623508185148239, 0.6446496099233627, 0.6259255409240723, 0.6042443662881851, 0.5855384320020676, 0.5700805187225342, 0.5558429062366486, 0.5382952019572258, 0.5361616834998131, 0.5254363566637039, 0.5232144594192505, 0.5198736414313316, 0.5173422247171402, 0.5030524432659149, 0.5118391215801239, 0.5121830031275749, 0.5084470435976982, 0.5216640681028366, 0.5054618716239929, 0.5075412020087242, 0.5083508044481277, 0.508855052292347, 0.500556044280529, 0.5022028982639313, 0.5063720420002937, 0.5011415779590607, 0.500304713845253, 0.49930670857429504, 0.5076184347271919, 0.5039091259241104, 0.5115167051553726, 0.5052327588200569, 0.5056355148553848, 0.5039480030536652, 0.5049608200788498, 0.5006872490048409, 0.5082041770219803, 0.5053680464625359]}