{"best_val": 0.46038250625133514, "train_loss": [0.6304967105388641, 0.6153368618753221, 0.5995345380571153, 0.5808952152729034, 0.5609323183695475, 0.5385377638869815, 0.5191922634840012, 0.5004018445809683, 0.4870499273141225, 0.4784415662288666, 0.47753332720862496, 0.47193966143661076, 0.470554831955168, 0.46628378993935055, 0.4663519594404433, 0.46785739726490444, 0.46652832130591076, 0.46449896196524304, 0.46616774797439575, 0.46321918898158604, 0.46311579644680023, 0.45790554417504203, 0.4609776834646861, 0.4600357413291931, 0.45855803456571365, 0.45851627985636395, 0.456565926472346, 0.4572531249788072, 0.4569566912121243, 0.4579538255929947, 0.45527781877252793, 0.45287899010711247, 0.45285069114632076, 0.45639700525336796, 0.4503576126363542, 0.45204651521311867, 0.44997041755252415, 0.4513242608971066, 0.4511539604928758, 0.4478067093425327, 0.4467738237645891, 0.4483601301908493, 0.44934144616127014, 0.44738513231277466, 0.44793544212977093, 0.4473254299826092, 0.447402137849066, 0.4481131434440613, 0.4445156802733739, 0.44733166529072654, 0.4471062918504079, 0.44470428427060443, 0.4431227346261342, 0.4451644900772307, 0.44335133996274734], "val_loss": [0.6490326970815659, 0.631253257393837, 0.6127952486276627, 0.5925161689519882, 0.5713327527046204, 0.546414777636528, 0.5241266489028931, 0.510590486228466, 0.5029049813747406, 0.4947778731584549, 0.49945618212223053, 0.4918602406978607, 0.4902564436197281, 0.490591436624527, 0.49297118932008743, 0.48685845732688904, 0.4868283271789551, 0.4916011020541191, 0.47917328029870987, 0.4830634146928787, 0.477630153298378, 0.47681743651628494, 0.4783179685473442, 0.475723572075367, 0.4750557616353035, 0.47380511462688446, 0.4730413779616356, 0.4746333360671997, 0.4740554913878441, 0.4721752777695656, 0.4736887887120247, 0.4745881110429764, 0.46751341968774796, 0.4773234874010086, 0.46837834268808365, 0.47333087772130966, 0.47088757157325745, 0.46858734637498856, 0.46786389499902725, 0.4723815768957138, 0.47255899012088776, 0.4656393304467201, 0.46650099009275436, 0.47199697047472, 0.46038250625133514, 0.4666644483804703, 0.4687960669398308, 0.4659479483962059, 0.46396732330322266, 0.46687764674425125, 0.4648064002394676, 0.4683707728981972, 0.4710613563656807, 0.4648449569940567, 0.46907828748226166]}