{"best_val": 0.4258544594049454, "train_loss": [0.7114023864269257, 0.6861957013607025, 0.6588898135556115, 0.6254380378458235, 0.5904275476932526, 0.563096370961931, 0.5428429692983627, 0.5249217980437808, 0.5158845120006137, 0.5044787559244368, 0.4988646027114656, 0.497794497344229, 0.4947222024202347, 0.49422229992018807, 0.4907669160101149, 0.4930805017550786, 0.4882468316290114, 0.4876016643312242, 0.48574498626920914, 0.4844166553682751, 0.483875561091635, 0.48376867837376064, 0.47910254034731126, 0.4843774487574895, 0.47999713321526843, 0.4809216840399636, 0.477360768450631, 0.47682831022474503, 0.47461630238427055, 0.4757908549573686, 0.47515008846918744, 0.47459275358253056, 0.47170377274354297, 0.47295983466837144, 0.46831219063864815, 0.47161180939939285, 0.4713321245378918, 0.46775216857592267, 0.46752875877751243, 0.46836059126589036, 0.4642425543732113, 0.4653114759259754, 0.4633246196640862, 0.46331005295117694, 0.4642508079608281, 0.464425437980228, 0.4630922989712821, 0.4607998811536365, 0.465148389339447, 0.46109676361083984, 0.46043159398767686, 0.45901164909203845, 0.45927216278182137, 0.4585394544733895, 0.45970874859227073, 0.4570967174238629], "val_loss": [0.6868492513895035, 0.6638175994157791, 0.6357605010271072, 0.6033325046300888, 0.5749266743659973, 0.5468727648258209, 0.5243246555328369, 0.5070532336831093, 0.49236665666103363, 0.4847334772348404, 0.47916069626808167, 0.4741722643375397, 0.4721865579485893, 0.4714887663722038, 0.4687846377491951, 0.46514325588941574, 0.46978452056646347, 0.4652176722884178, 0.46106912195682526, 0.4609599858522415, 0.45853929221630096, 0.46728161722421646, 0.4527578577399254, 0.4593353420495987, 0.45776084810495377, 0.45238324254751205, 0.4529331848025322, 0.45302218198776245, 0.4520670548081398, 0.4450773671269417, 0.4460868313908577, 0.4476442188024521, 0.44515804946422577, 0.44308194518089294, 0.44082337617874146, 0.44263656437397003, 0.44154246151447296, 0.44712943583726883, 0.4400865286588669, 0.44275111705064774, 0.434368297457695, 0.4398464635014534, 0.4378608241677284, 0.43534354865550995, 0.4395132213830948, 0.4258544594049454, 0.4334467202425003, 0.43399233371019363, 0.4328823983669281, 0.4350019842386246, 0.43945086002349854, 0.43165555596351624, 0.4331495091319084, 0.4321071282029152, 0.4325118362903595, 0.4316927120089531]}