{"best_val": 0.4692624434828758, "train_loss": [0.6941712498664856, 0.6839118997255961, 0.6735131740570068, 0.662844181060791, 0.6513735188378228, 0.639275524351332, 0.6257408360640208, 0.6124565535121493, 0.5971806314256456, 0.5821885930167304, 0.5660316050052643, 0.5534126195642683, 0.5414887103769515, 0.5310845888323255, 0.5211425373951594, 0.5135855790641572, 0.5067272600200441, 0.5004059076309204, 0.4998176627688938, 0.49687258899211884, 0.4913519968589147, 0.48840033345752293, 0.4890976564751731, 0.4824835939539803, 0.48283926645914715, 0.4821374300453398, 0.4771592997842365, 0.47780952354272205, 0.4737400362888972, 0.4752968069579866, 0.47299885253111523, 0.47363268501228756, 0.469582113954756, 0.4690941191381878, 0.46633684304025436, 0.4657363129986657, 0.4663306309117211, 0.4650203552511003, 0.4650961359341939, 0.4617154879702462, 0.4620208243529002, 0.4606706566280789, 0.4636367725001441, 0.46074795226256055, 0.4617464774184757, 0.4594914499256346, 0.45986398723390365, 0.45972602400514817, 0.4567224433024724, 0.459511732061704, 0.45646898448467255], "val_loss": [0.6884682178497314, 0.678181916475296, 0.6682712137699127, 0.6571766436100006, 0.6453144550323486, 0.6320760101079941, 0.6186351776123047, 0.6039958596229553, 0.5884585380554199, 0.5721744000911713, 0.5595459342002869, 0.5452301651239395, 0.5338457524776459, 0.5257810950279236, 0.5193996354937553, 0.5124015659093857, 0.510317362844944, 0.5038897544145584, 0.4964355602860451, 0.494264617562294, 0.4965822175145149, 0.5001510381698608, 0.4908733293414116, 0.49169300496578217, 0.4934029206633568, 0.485362745821476, 0.487380675971508, 0.48461317270994186, 0.4768495112657547, 0.48031754046678543, 0.484663687646389, 0.4805326908826828, 0.4791390523314476, 0.47981760650873184, 0.4842929542064667, 0.47767241299152374, 0.4752306044101715, 0.4793699011206627, 0.47505656629800797, 0.4753895550966263, 0.4692624434828758, 0.47729936987161636, 0.4714215397834778, 0.4719153568148613, 0.4713878482580185, 0.47343776375055313, 0.46992959827184677, 0.47488705813884735, 0.4725099876523018, 0.47429198026657104, 0.47345995903015137]}