{"best_val": 0.503153420984745, "train_loss": [0.7667407161659665, 0.7347885304027133, 0.704581598440806, 0.6692807674407959, 0.6355579892794291, 0.6036267115010155, 0.5719689180453619, 0.5511252250936296, 0.5379672199487686, 0.5289210809601678, 0.5238140838013755, 0.5223550233576033, 0.5214607268571854, 0.5158368961678611, 0.5170316249132156, 0.5132342411412133, 0.5102836572461658, 0.5125239458349016, 0.5088368703921636, 0.5099886887603335, 0.5084084620078405, 0.5097038365072675, 0.5085279643535614, 0.5048365775081847, 0.5037835256920921, 0.5033560627036624, 0.5034464299678802, 0.5020020802815756, 0.49999160567919415, 0.5026597579320272, 0.49665046731630963, 0.49886710445086163, 0.49594110084904564, 0.498432704144054, 0.4953265306022432, 0.4968356788158417, 0.4931723607911004, 0.4922011014488008, 0.4917935182650884, 0.49160774217711556, 0.4904739525583055, 0.4917936854892307, 0.49443333844343823, 0.4918360826041963, 0.49546952545642853, 0.4936460206906001, 0.49204519556628334, 0.4918321851227019, 0.4908589455816481, 0.48724887602859074, 0.49079692198170555, 0.4901885986328125, 0.4881192528539234, 0.49168898661931354, 0.4886959079239104, 0.48597583671410877, 0.4872770723369386, 0.4884851458999846, 0.4856489035818312, 0.4900183495548036, 0.4863627122508155, 0.4881986081600189, 0.486436633600129, 0.48781924115286934, 0.48470428254869247, 0.48565463887320626, 0.4867992301781972, 0.4861046423514684, 0.4838732530673345, 0.48636118074258167, 0.4868217408657074, 0.4836599462562137, 0.4860011835892995, 0.4832407815588845, 0.482865904768308], "val_loss": [0.7126869410276413, 0.6920889168977737, 0.6684414595365524, 0.6385860294103622, 0.614794984459877, 0.5839002430438995, 0.5618691071867943, 0.5488266423344612, 0.541109561920166, 0.5385619550943375, 0.5365144163370132, 0.5340156331658363, 0.5252845585346222, 0.5277325510978699, 0.5297061279416084, 0.5329807922244072, 0.5296813473105431, 0.5314220637083054, 0.5288283452391624, 0.524381473660469, 0.521237388253212, 0.525001622736454, 0.5229955911636353, 0.5170862823724747, 0.5195020362734795, 0.5200591385364532, 0.5153066217899323, 0.5234318152070045, 0.5270099937915802, 0.5195396989583969, 0.5129759982228279, 0.5165223926305771, 0.5221790075302124, 0.5154598280787468, 0.5181941017508507, 0.5192748457193375, 0.5125033259391785, 0.5126758739352226, 0.5157903134822845, 0.5187910571694374, 0.5142099633812904, 0.5210235491394997, 0.5147456601262093, 0.5099128186702728, 0.5116006955504417, 0.5098642855882645, 0.5186511427164078, 0.5158469155430794, 0.5132843181490898, 0.5104583501815796, 0.5140230804681778, 0.5102837085723877, 0.5108050256967545, 0.5114685297012329, 0.5160065144300461, 0.5064610242843628, 0.5189637094736099, 0.5069383010268211, 0.5070375800132751, 0.5072116926312447, 0.5105671882629395, 0.5111391842365265, 0.5102538838982582, 0.5060480684041977, 0.503153420984745, 0.5076201483607292, 0.5074706748127937, 0.5119432285428047, 0.5082639902830124, 0.5096122249960899, 0.51068926602602, 0.5070959255099297, 0.5120939388871193, 0.505627915263176, 0.5124200880527496]}