{"best_val": 0.46989670395851135, "train_loss": [0.6828850474622514, 0.6724227468172709, 0.6622254980934991, 0.6506050527095795, 0.6392174263795217, 0.6270158025953505, 0.6150331530306075, 0.6024439699119992, 0.5895683036910163, 0.5768074111806022, 0.5701011336512036, 0.5606713692347208, 0.5568606389893426, 0.5496437946955363, 0.5453226301405165, 0.5427534613344405, 0.5394315736161338, 0.5352927462922202, 0.5315527998738818, 0.5285560637712479, 0.5247011449601915, 0.5236518945958879, 0.5218117783466975, 0.5181011640363269, 0.5181916521655189, 0.5179183085759481, 0.5150838212834464, 0.515517897076077, 0.5126553724209467, 0.5099166052209007, 0.5086709128485786, 0.5095468593968285, 0.5089929401874542, 0.5091210073894925, 0.508478538857566, 0.5054304003715515, 0.5054801685942544, 0.504660760362943, 0.5037952595286899, 0.5040452265077167, 0.5045518543985155, 0.5034551305903329, 0.5011914918820063, 0.5032437807983823, 0.49971598552332985, 0.5011546313762665, 0.5007608731587728, 0.5023229767878851, 0.5013821009132597, 0.5002475099431144, 0.5014121996031867, 0.4989936119980282, 0.4973279535770416], "val_loss": [0.6753805428743362, 0.663627952337265, 0.6510048657655716, 0.6394954025745392, 0.6238857507705688, 0.6121411323547363, 0.5969337224960327, 0.5791068524122238, 0.5702321529388428, 0.5592725425958633, 0.5464002788066864, 0.535171389579773, 0.5298153758049011, 0.5251806378364563, 0.518452413380146, 0.5114709138870239, 0.509059801697731, 0.505772776901722, 0.5026309490203857, 0.4972197860479355, 0.4934014156460762, 0.48827821761369705, 0.4925309866666794, 0.4938713163137436, 0.4883255288004875, 0.48387543112039566, 0.4818025454878807, 0.4800393432378769, 0.4811360761523247, 0.4839766398072243, 0.4791584834456444, 0.4762173667550087, 0.48023880273103714, 0.4764736220240593, 0.47729822248220444, 0.47464921325445175, 0.4771926552057266, 0.4743422195315361, 0.47403858602046967, 0.47459957748651505, 0.47739629447460175, 0.47414765506982803, 0.46989670395851135, 0.4714197888970375, 0.47213292866945267, 0.47010326385498047, 0.4732453003525734, 0.4720415472984314, 0.4711853489279747, 0.4726348966360092, 0.47608422487974167, 0.47059623897075653, 0.4735744297504425]}