{"best_val": 0.47434360533952713, "train_loss": [0.6607504255241818, 0.6380225419998169, 0.6124318142731985, 0.5786226590474447, 0.5417181220319536, 0.51049994594521, 0.49028998447789085, 0.48277435700098675, 0.47035352885723114, 0.4690219942066405, 0.46469517548878986, 0.4592189821932051, 0.4581907110081779, 0.4543616357776854, 0.45410318341520095, 0.4511241780387031, 0.4501361582014296, 0.4512161960204442, 0.44969382882118225, 0.4457349164618386, 0.44574107395278084, 0.44246937996811336, 0.4417206562227673, 0.44256472918722367, 0.4450918783744176, 0.44013752043247223, 0.4372582518392139, 0.44264213740825653, 0.43756169577439624, 0.4408322870731354, 0.434502974152565, 0.4371107899480396, 0.43800807661480373, 0.43638788494798875, 0.43219662374920315, 0.4374932547410329], "val_loss": [0.6497990041971207, 0.6270079165697098, 0.6003301292657852, 0.563470870256424, 0.532329760491848, 0.5087258219718933, 0.5035661160945892, 0.4975643828511238, 0.4910557195544243, 0.4968925565481186, 0.49363279342651367, 0.4922662824392319, 0.49755674600601196, 0.4939839169383049, 0.49423695355653763, 0.4919489920139313, 0.48066453635692596, 0.4797411561012268, 0.48632587492465973, 0.49151597917079926, 0.4829368516802788, 0.48567675054073334, 0.48036596924066544, 0.4810142293572426, 0.48143721371889114, 0.47434360533952713, 0.4822944551706314, 0.4774124175310135, 0.4840310588479042, 0.47817056626081467, 0.4839567542076111, 0.4837711751461029, 0.47673384100198746, 0.47817643731832504, 0.4829469844698906, 0.48002226650714874]}