{"best_val": 0.5012398138642311, "train_loss": [0.6963289843665229, 0.6908337540096707, 0.68534826570087, 0.6793536510732439, 0.6733828319443597, 0.6669419772095151, 0.6597906251748403, 0.6527298159069486, 0.6445369223753611, 0.6366528703106774, 0.6283084319697486, 0.6192986998293135, 0.610012474987242, 0.5997111797332764, 0.589864131477144, 0.580913805299335, 0.5703679521878561, 0.559424931804339, 0.5515654583772024, 0.5400800539387597, 0.533124307791392, 0.5247400783830218, 0.5178428209490247, 0.5135349035263062, 0.5078021387259165, 0.5043218980232874, 0.5042984088261923, 0.4988945490784115, 0.4938528603977627, 0.49322493374347687, 0.4920475085576375, 0.4918845858838823, 0.48787442180845475, 0.4849903682867686, 0.49016619225343067, 0.48367252118057674, 0.4837518019808663, 0.48293665382597184, 0.47959772414631313, 0.4775362014770508, 0.47873744865258533, 0.4794185757637024, 0.47376173734664917, 0.4747247017092175, 0.4762476483980815, 0.4746578567557865, 0.4697708437840144, 0.4688025414943695, 0.47072720362080467, 0.4648410032192866, 0.4671623524692323, 0.47174859874778324, 0.4691433691316181, 0.4698622524738312, 0.469193740023507, 0.466570892267757, 0.46718847420480514, 0.464703478746944, 0.4647085915009181, 0.4648977584309048, 0.46316610442267525, 0.4666762451330821, 0.4616384506225586, 0.46307556827863056, 0.46463967363039654, 0.46156857907772064, 0.4635332276423772, 0.4626198526885774, 0.4593933688269721, 0.4624158094326655, 0.46200595133834416, 0.4604702740907669, 0.46015597383181256, 0.4588945557673772, 0.45867108470863766, 0.46189139617813957, 0.4597063081132041, 0.46020744409826064, 0.45714368919531506, 0.4600352727704578, 0.4576074795590507, 0.4577525291177962, 0.4602082322041194, 0.45776351127359605, 0.4564310709635417, 0.4582369079192479, 0.4585672981209225, 0.4578876594702403, 0.4573054876592424, 0.4564299037059148, 0.4565977205832799, 0.4587814509868622, 0.4561458859178755, 0.45541875064373016, 0.4559200091494454, 0.4549440774652693, 0.45360607902208966, 0.4569716735018624, 0.4521190706226561, 0.4528941727346844, 0.4524918893973033, 0.45076219737529755, 0.45276323788695866], "val_loss": [0.6933844238519669, 0.6885936856269836, 0.6836071014404297, 0.6785557717084885, 0.673682451248169, 0.668005108833313, 0.6610826104879379, 0.6548268049955368, 0.6480304151773453, 0.6419631838798523, 0.6346301436424255, 0.6237418949604034, 0.6192381531000137, 0.6097428798675537, 0.5990070998668671, 0.5923587381839752, 0.5828150808811188, 0.5784925669431686, 0.567710667848587, 0.5651453286409378, 0.5601141452789307, 0.5529702454805374, 0.5460179299116135, 0.5402256771922112, 0.5445897132158279, 0.5380911529064178, 0.5378367304801941, 0.5383356064558029, 0.5340081378817558, 0.5317393243312836, 0.5334237068891525, 0.529272735118866, 0.5298783481121063, 0.5194423049688339, 0.5317500829696655, 0.5272267237305641, 0.5230581909418106, 0.5273793786764145, 0.523064561188221, 0.519994281232357, 0.5231654644012451, 0.5222647935152054, 0.5173429101705551, 0.5249733179807663, 0.5214352086186409, 0.5231470465660095, 0.5179372578859329, 0.5190507173538208, 0.5164800956845284, 0.5181153640151024, 0.5171116068959236, 0.5213717371225357, 0.5185890346765518, 0.5225513949990273, 0.5132656246423721, 0.5160394832491875, 0.5162105411291122, 0.517132081091404, 0.5149328634142876, 0.5130418762564659, 0.5128107890486717, 0.5192448869347572, 0.5186993703246117, 0.5147554576396942, 0.512328214943409, 0.510546363890171, 0.5111705809831619, 0.5165315493941307, 0.510484404861927, 0.5124662518501282, 0.5138130187988281, 0.5151393786072731, 0.5129470825195312, 0.5133217945694923, 0.5111328065395355, 0.5137779489159584, 0.5074442699551582, 0.5124898850917816, 0.5108547061681747, 0.509122297167778, 0.5097847431898117, 0.5106023624539375, 0.5099753215909004, 0.5075036883354187, 0.5077253133058548, 0.5069835260510445, 0.5117053687572479, 0.5099041759967804, 0.5117664933204651, 0.5068017765879631, 0.511508971452713, 0.5084129124879837, 0.5012398138642311, 0.5093554556369781, 0.5048106983304024, 0.5082933455705643, 0.5087849572300911, 0.5068482533097267, 0.5069565549492836, 0.504995658993721, 0.512958399951458, 0.50633854418993, 0.5121743753552437]}