{"best_val": 0.5277619883418083, "train_loss": [0.7563814322153727, 0.7079643474684821, 0.6683970226181878, 0.6317480769422319, 0.6014955672952864, 0.5726953016387092, 0.546447389655643, 0.5307505329449972, 0.5187517023748822, 0.5093785756164126, 0.5025758660501904, 0.49947527050971985, 0.49522972106933594, 0.4929721388551924, 0.4911929733223385, 0.48752442167864907, 0.48566530810462105, 0.4841299222575294, 0.4802895221445296, 0.4812818980879254, 0.48126589589648777, 0.4791078401936425, 0.47481275101502735, 0.4773388488425149, 0.4746671848826938, 0.4728344711992476, 0.4745906905995475, 0.4718552695380317, 0.47086616853872937], "val_loss": [0.6915753334760666, 0.6615512520074844, 0.6333632618188858, 0.6041622459888458, 0.5901285111904144, 0.567028820514679, 0.5536752194166183, 0.5455783605575562, 0.5430480986833572, 0.5427802801132202, 0.5442720428109169, 0.537418819963932, 0.5440779328346252, 0.5384279638528824, 0.5399500578641891, 0.5360294133424759, 0.5314189791679382, 0.5328137502074242, 0.5277619883418083, 0.5334699675440788, 0.5344135016202927, 0.542735368013382, 0.5350601673126221, 0.5378149226307869, 0.5296536311507225, 0.5458433851599693, 0.5338532030582428, 0.5324187353253365, 0.5349026620388031]}