{"best_val": 0.4780178889632225, "train_loss": [0.7469377583927579, 0.710705492231581, 0.6784199410014682, 0.6491671237680647, 0.6112935311264462, 0.5677224530114068, 0.5423219386074278, 0.5258691261212031, 0.5137931522395875, 0.5025723162624571, 0.4948766744799084, 0.4948829511801402, 0.48784803516334957, 0.4890068901909722, 0.486676800582144, 0.4826970663335588, 0.4820454219977061, 0.4795093966854943, 0.4784347034162945, 0.4772847824626499, 0.4764705151319504, 0.47410347561041516, 0.478777473171552, 0.4751623272895813, 0.4738536907566918, 0.4728709061940511, 0.47014754513899487, 0.4715942144393921, 0.4680940310160319, 0.46997277935345966, 0.4692942417330212, 0.46845074825816685, 0.46820663577980465, 0.46459787090619403, 0.46701037718190086, 0.46815915405750275, 0.46589089267783695, 0.4651995384030872, 0.46492696636252934, 0.4628841198152966, 0.4646703551212947, 0.4625868714518017, 0.4643706414434645, 0.4658618321021398, 0.46426821417278713, 0.46583640906545853, 0.4639185650481118, 0.4595939235554801], "val_loss": [0.7110964506864548, 0.6867095530033112, 0.6604581028223038, 0.6310021877288818, 0.596673920750618, 0.5695214867591858, 0.5582927614450455, 0.5377849116921425, 0.5277650728821754, 0.5200733914971352, 0.5233845636248589, 0.5168107971549034, 0.5056439340114594, 0.508408784866333, 0.515558272600174, 0.5024320185184479, 0.5028370246291161, 0.5022426769137383, 0.5004406943917274, 0.5065424889326096, 0.4917421489953995, 0.4961135536432266, 0.49170030653476715, 0.49588389694690704, 0.49083662033081055, 0.49562782794237137, 0.492450088262558, 0.48968347162008286, 0.49359285086393356, 0.49180321395397186, 0.49469661712646484, 0.4926436319947243, 0.49339085072278976, 0.4883773475885391, 0.49243367463350296, 0.48906438052654266, 0.4827614799141884, 0.4780178889632225, 0.48951636254787445, 0.48697492480278015, 0.48213614523410797, 0.49051452428102493, 0.4900890216231346, 0.4803835153579712, 0.4843892529606819, 0.48493896424770355, 0.4875069931149483, 0.49013010412454605]}