{"best_val": 0.49968647956848145, "train_loss": [0.6992015971077813, 0.6855208178361257, 0.6731159720155928, 0.660395946767595, 0.649737212393019, 0.6384300225310855, 0.6267207629150815, 0.6138792335987091, 0.6023183365662893, 0.5883858799934387, 0.577530304590861, 0.5653676158852048, 0.5530216561423408, 0.5430046833223767, 0.5349600596560372, 0.5312140120400323, 0.5221526076396307, 0.5197670112053553, 0.5139516856935289, 0.5123879826731152, 0.510135562883483, 0.506450378232532, 0.5076267802053027, 0.5050548166036606, 0.5007875396145715, 0.5007756352424622, 0.4988959944910473, 0.49781053099367356, 0.4940398501025306, 0.4947962098651462, 0.4952773286236657, 0.49133921331829494, 0.49137474099795025, 0.4928903232018153, 0.49374939997990924, 0.489546784096294, 0.48649029268158805, 0.4904605448246002, 0.48760606679651475, 0.4852841645479202, 0.4879838542805778, 0.48664301964971757, 0.4847459528181288, 0.48715529176923966, 0.4859062714709176, 0.4871442798111174, 0.4833325462208854, 0.48537617590692306, 0.48132869104544324, 0.4838695294327206, 0.4805677930514018, 0.48323700163099503], "val_loss": [0.6797951012849808, 0.6678211987018585, 0.6569537222385406, 0.645943358540535, 0.6373013108968735, 0.6269526779651642, 0.6170751601457596, 0.6077002435922623, 0.5998910218477249, 0.5838953852653503, 0.5718216896057129, 0.5636840462684631, 0.550848126411438, 0.549471065402031, 0.5463664159178734, 0.5394346341490746, 0.5326656997203827, 0.5297400653362274, 0.5254472643136978, 0.5257832407951355, 0.522852897644043, 0.5165926069021225, 0.5133365616202354, 0.5152092725038528, 0.5159534439444542, 0.5130253359675407, 0.5096365734934807, 0.5087081044912338, 0.5119800418615341, 0.5054850354790688, 0.5115790292620659, 0.5058723464608192, 0.5167355537414551, 0.5095670148730278, 0.5124817565083504, 0.5108162090182304, 0.5058247819542885, 0.5069284290075302, 0.5041542798280716, 0.5075335875153542, 0.5046567618846893, 0.49968647956848145, 0.5057324394583702, 0.5033622831106186, 0.5042278245091438, 0.5052662417292595, 0.5089108645915985, 0.5028286352753639, 0.5049996599555016, 0.5013462230563164, 0.5040441304445267, 0.5028911456465721]}