{"best_val": 0.4374016523361206, "train_loss": [0.6989106999503242, 0.6724792983796861, 0.6439652310477363, 0.6100136935710907, 0.5764799449178908, 0.5566163924005296, 0.5394757075442208, 0.5284784502453275, 0.5194466213385264, 0.5138016790151596, 0.5088203665282991, 0.505599139465226, 0.5037121226390203, 0.5020313693417443, 0.5025513370831808, 0.5015211270915138, 0.5007816139194701, 0.49640000859896344, 0.4965532107485665, 0.4952848553657532, 0.4975190195772383, 0.4942396465275023, 0.4969383395380444, 0.49256759385267895, 0.4955945114294688, 0.4913260903623369, 0.49134017030398053, 0.49186207354068756, 0.4897926035854552, 0.48777562545405495, 0.48852670358286965, 0.48909683525562286, 0.4864673929082023, 0.4899119685093562, 0.4870121247238583, 0.4884940054681566, 0.4864026407400767, 0.48626889453993904, 0.4823758039209578, 0.4852767321798537, 0.48266826570034027, 0.4849002808332443, 0.4844380666812261, 0.4818122072352303, 0.4843360698885388, 0.47757625083128613, 0.4819740785492791, 0.4782375676764382, 0.47950250572628444, 0.47926503751013017, 0.4810730632808473, 0.477116487092442, 0.4784086015489366, 0.4793050073915058, 0.4764813317192925, 0.47742365466223824], "val_loss": [0.6823129206895828, 0.6585507839918137, 0.6279760003089905, 0.5965437442064285, 0.5687495768070221, 0.5382599458098412, 0.5204861983656883, 0.5078786984086037, 0.4948018565773964, 0.4803922027349472, 0.4773344099521637, 0.47885050624608994, 0.47427182644605637, 0.4698730856180191, 0.4666147753596306, 0.47209616750478745, 0.46821627765893936, 0.468795582652092, 0.4654422998428345, 0.4637124240398407, 0.47031620889902115, 0.46153024584054947, 0.46514806151390076, 0.4569533169269562, 0.4584245979785919, 0.46159272640943527, 0.4587301164865494, 0.4565095975995064, 0.45744774490594864, 0.4546500965952873, 0.45321980863809586, 0.45462115854024887, 0.4522214010357857, 0.44892555475234985, 0.4524780586361885, 0.4498812109231949, 0.453266978263855, 0.45229849219322205, 0.45173873007297516, 0.4460854008793831, 0.44810593873262405, 0.4471106678247452, 0.4471471980214119, 0.4496966600418091, 0.44312509149312973, 0.4374016523361206, 0.44692013412714005, 0.44453421235084534, 0.44706372916698456, 0.44688253849744797, 0.44905416667461395, 0.44239144027233124, 0.44416478276252747, 0.4425656199455261, 0.4485367089509964, 0.4421621114015579]}