{"best_val": 0.4604383856058121, "train_loss": [0.6952291594611274, 0.673137731022305, 0.6492461959520975, 0.6196297638946109, 0.5895978642834557, 0.5657744308312734, 0.5446464949183993, 0.5348814758989546, 0.5244154830773672, 0.5162023140324487, 0.5132264080974791, 0.5069164567523532, 0.5078812638918558, 0.5046665983067619, 0.5023356411192152, 0.5025380733940337, 0.4997190137704213, 0.49671238991949296, 0.4971066150400374, 0.49697404106458026, 0.4937923848628998, 0.49117184844281936, 0.49312671025594074, 0.4934621767865287, 0.49351566698816085, 0.49144649174478316, 0.4901391979720857, 0.4906546109252506, 0.49156514306863147, 0.48914415803220535, 0.48749487929873997, 0.4891916645897759, 0.486972580353419, 0.4869231167766783, 0.4864870243602329, 0.4847515838013755, 0.4884811308648851, 0.4856901251607471, 0.48230306804180145, 0.4840519279241562, 0.48501191371017033, 0.48513706028461456, 0.4828583498795827, 0.4798399855693181, 0.48295336299472386, 0.4817426237795088, 0.48415454228719074, 0.4822976307736503, 0.47999230523904163, 0.4838001959853702], "val_loss": [0.682584822177887, 0.6569853574037552, 0.6284818202257156, 0.5923010259866714, 0.5546782165765762, 0.5256821289658546, 0.5128662139177322, 0.49851320683956146, 0.48685289919376373, 0.4862290099263191, 0.46981750428676605, 0.4770955666899681, 0.47860609740018845, 0.47636010497808456, 0.4715266600251198, 0.4695107117295265, 0.47470735758543015, 0.4736323580145836, 0.47046995908021927, 0.46865883469581604, 0.46999677270650864, 0.47143783420324326, 0.46520304679870605, 0.46465612202882767, 0.4693937972187996, 0.4691525995731354, 0.4657090976834297, 0.47120401263237, 0.46418656408786774, 0.4689948335289955, 0.47251978516578674, 0.4630500301718712, 0.47333303838968277, 0.4688383415341377, 0.4639820009469986, 0.46292246878147125, 0.4656949043273926, 0.4669702798128128, 0.4642268791794777, 0.4604383856058121, 0.46660780906677246, 0.4691782593727112, 0.47315482050180435, 0.474382683634758, 0.46398214995861053, 0.46829814463853836, 0.46561380475759506, 0.465121790766716, 0.47524962574243546, 0.468318372964859]}