{"best_val": 0.45589563995599747, "train_loss": [0.6259717808829414, 0.5752138164308336, 0.5237459523810281, 0.49221626420815784, 0.4768965442975362, 0.4689426471789678, 0.46478091842598385, 0.46149927708837724, 0.4623488171233071, 0.4602491872178184, 0.4578519794676039, 0.4591324114137226, 0.4564248075087865, 0.4521333227554957, 0.45209596223301357, 0.45292655461364323, 0.4509018212556839, 0.4513358407550388, 0.4517400778002209, 0.44769996735784745, 0.4462408224741618, 0.4475577241844601, 0.44500305089685654, 0.44851797156863743, 0.44396114514933693, 0.44213882088661194, 0.441452971763081, 0.4419306036498811, 0.4379216780265172, 0.43752796947956085, 0.43742982546488446, 0.4365288101964527, 0.43703263501326245, 0.4377605766057968, 0.43488183783160317], "val_loss": [0.6099351942539215, 0.5632065832614899, 0.5276362746953964, 0.5054282173514366, 0.4919794872403145, 0.4830959364771843, 0.4768705442547798, 0.4785253182053566, 0.47851891070604324, 0.4750075563788414, 0.4730736315250397, 0.47404972463846207, 0.47293518483638763, 0.47243577241897583, 0.46222421526908875, 0.4645886793732643, 0.46199241280555725, 0.46244194358587265, 0.4682212397456169, 0.46297241747379303, 0.4641949087381363, 0.45887239277362823, 0.46367301046848297, 0.457104429602623, 0.45589563995599747, 0.4601067528128624, 0.46634641289711, 0.4635557383298874, 0.4650208503007889, 0.45945990830659866, 0.4623986557126045, 0.46392517536878586, 0.46309108287096024, 0.4636770039796829, 0.46739453822374344]}