{"best_val": 0.4782451465725899, "train_loss": [0.6915679375330607, 0.672984841797087, 0.6552071372667948, 0.6348552770084805, 0.6147053705321418, 0.589962449338701, 0.5644055108229319, 0.5412645720773273, 0.5231169131067064, 0.5102761023574405, 0.4975092079904344, 0.4927837683094872, 0.48767561713854474, 0.4781341138813231, 0.4810718546311061, 0.4761318299505446, 0.47357411682605743, 0.4731936322318183, 0.4734102537234624, 0.4679671476284663, 0.46919790903727215, 0.46645426087909275, 0.4671999795569314, 0.46456196904182434, 0.47040219770537484, 0.4660399837626351, 0.4692195968495475, 0.46586387356122333, 0.46278199222352767, 0.46269309851858353, 0.4613341838121414, 0.45911730494764114, 0.4641853587494956, 0.4606849236620797, 0.4621198988623089, 0.45986195074187386, 0.45921582480271655, 0.4586084137360255, 0.4621526549259822, 0.46029549174838597, 0.4571823841995663, 0.4567765047152837, 0.4579976664649116, 0.4590040428770913, 0.454359233379364, 0.4579656488365597, 0.456326511171129], "val_loss": [0.6817696690559387, 0.6636135131120682, 0.6474901735782623, 0.6281351000070572, 0.6072381138801575, 0.5823660790920258, 0.5600598603487015, 0.538075715303421, 0.5247277766466141, 0.5138198286294937, 0.5073084905743599, 0.5029219463467598, 0.4951311722397804, 0.4891417399048805, 0.48665839433670044, 0.49385712295770645, 0.49018120020627975, 0.4841417074203491, 0.4916433170437813, 0.4876127764582634, 0.4935199245810509, 0.4892682656645775, 0.4928508400917053, 0.48435141891241074, 0.49640701711177826, 0.48494062572717667, 0.4904109686613083, 0.483983151614666, 0.4818849414587021, 0.4857616499066353, 0.4880755692720413, 0.4861898124217987, 0.48626233637332916, 0.4869103655219078, 0.4913000240921974, 0.47832736372947693, 0.4782451465725899, 0.48447762429714203, 0.48947443813085556, 0.48482417315244675, 0.4783647060394287, 0.4899510070681572, 0.48956210166215897, 0.4837331473827362, 0.49114860594272614, 0.4856865182518959, 0.48672790080308914]}