{"best_val": 0.44359542429447174, "train_loss": [0.6135344770219591, 0.5945727560255263, 0.5801725255118476, 0.5666593213876089, 0.5537785374455981, 0.541866186592314, 0.5332320829232534, 0.5245854987038506, 0.5195713059769737, 0.5162521087461047, 0.5114615625805325, 0.508256165517701, 0.5028147333198123, 0.5024207548962699, 0.5025093969371583, 0.49991735484864974, 0.4964601943890254, 0.49521330495675403, 0.495105869240231, 0.4905993988116582, 0.48881421652105117, 0.4916139791409175, 0.48863863779438865, 0.4876918892065684, 0.4878450615538491, 0.4864453011088901, 0.4818912727965249, 0.4846388035350376, 0.4872742212480969, 0.48467332455847, 0.484309325615565, 0.48296518789397347, 0.47929469578795963, 0.4827282196945614, 0.4807773050334718, 0.48018892606099445, 0.4810132251845466, 0.4800603489081065, 0.4804235084189309, 0.4813060280349519, 0.47905442118644714, 0.4761647863520516, 0.4785512503650453, 0.4783838308519787, 0.481458004977968, 0.477655784951316, 0.4746123005946477, 0.4758866611454222, 0.47302378879653084, 0.47807702753278947, 0.4758633491065767, 0.47469667262501186, 0.4709442075755861, 0.4744599726465013, 0.4720462527539995, 0.474822203318278, 0.4723297506570816, 0.4747863146993849, 0.47102242873774636, 0.4704464160733753, 0.47221523854467606, 0.46983686420652604, 0.4707010057237413, 0.46891240278879803, 0.46976426078213585, 0.4708540224366718, 0.46724165976047516, 0.4715899195935991, 0.46923502948549056, 0.4686681628227234, 0.4700171500444412, 0.46627045505576664, 0.46778635680675507, 0.4664474328358968, 0.4675281908777025, 0.46779631740517086, 0.4690593398279614], "val_loss": [0.6009473204612732, 0.5836776942014694, 0.5735819935798645, 0.5566504001617432, 0.5435910597443581, 0.5353534072637558, 0.5232503861188889, 0.5171753913164139, 0.5107091888785362, 0.5058447048068047, 0.5035248920321465, 0.5018194764852524, 0.49513256549835205, 0.49396757781505585, 0.4947475269436836, 0.49339840561151505, 0.4885459914803505, 0.48516945540905, 0.48083267360925674, 0.48115289956331253, 0.47769666463136673, 0.47579655796289444, 0.47526179999113083, 0.4738238528370857, 0.4736828878521919, 0.4683179184794426, 0.47715001553297043, 0.4718243181705475, 0.4738279953598976, 0.4745934158563614, 0.4686344116926193, 0.4657241925597191, 0.47180919349193573, 0.46040430665016174, 0.4708326756954193, 0.46656715869903564, 0.4671904072165489, 0.4630633518099785, 0.4611567258834839, 0.4644719585776329, 0.4665198028087616, 0.4613829255104065, 0.46309205889701843, 0.45987240970134735, 0.4608468785881996, 0.45689334720373154, 0.4593057930469513, 0.46020684391260147, 0.46293894946575165, 0.4579597935080528, 0.4540664926171303, 0.4518533796072006, 0.4600263833999634, 0.4555409103631973, 0.45911360532045364, 0.452245756983757, 0.45194999873638153, 0.45588337630033493, 0.4541369378566742, 0.4489344283938408, 0.4537801593542099, 0.4539250433444977, 0.45073340833187103, 0.45026571303606033, 0.4483968913555145, 0.45329128950834274, 0.44359542429447174, 0.4501628279685974, 0.4520910456776619, 0.44760748744010925, 0.45572637021541595, 0.4496682733297348, 0.44701993465423584, 0.44785427302122116, 0.44577039778232574, 0.45029786974191666, 0.45068760961294174]}