{"best_val": 0.473908893764019, "train_loss": [0.665405359533098, 0.6526739531093173, 0.6399906376997629, 0.6283270683553484, 0.6152760949399736, 0.6016886598534055, 0.5869832899835374, 0.5734841061962975, 0.5616537928581238, 0.5489062700006697, 0.5401809132761426, 0.531438829170333, 0.5235308491521411, 0.5156494478384653, 0.5116513288683362, 0.5066228227482902, 0.5050203253825506, 0.5003512799739838, 0.4980471233526866, 0.49834372765488094, 0.49470137225257027, 0.4959464453988605, 0.4951625449789895, 0.49377461936738754, 0.4918703966670566, 0.49089236226346755, 0.4888959560129378, 0.4884913017352422, 0.48784487115012276, 0.4891823083162308, 0.49174416561921436, 0.48538706368870205, 0.48949479560057324, 0.48745661973953247, 0.48867000970575547, 0.48533205025725895, 0.4831487039724986, 0.4862739228539997, 0.4839166005452474, 0.4853343665599823, 0.482130229473114, 0.4830459240410063, 0.48668819500340355, 0.483302719063229, 0.48028500709268784, 0.4818509303861194, 0.4824082437488768, 0.48196027013990617, 0.48048998249901664, 0.4803512427541945, 0.48034227391084033, 0.4786360694302453, 0.47873731785350376, 0.47983430160416496, 0.47901449931992424, 0.4802091204457813, 0.47993485629558563, 0.4755304588211907, 0.47652217249075574, 0.4787748240762287, 0.4742722163597743, 0.47474949724144405, 0.4750664548741447, 0.47695227960745495, 0.4740740292602115, 0.47166785101095837, 0.4773533178700341, 0.47492747174368966, 0.47437352935473126, 0.4726022399134106], "val_loss": [0.6475577503442764, 0.6394716650247574, 0.6282077431678772, 0.6155901402235031, 0.6014899462461472, 0.5890265852212906, 0.5772514790296555, 0.5666396915912628, 0.5532757043838501, 0.5465109050273895, 0.5276737734675407, 0.5238408297300339, 0.5156696364283562, 0.5178293809294701, 0.5083828195929527, 0.5062746182084084, 0.5025204569101334, 0.5022872239351273, 0.4986136332154274, 0.5015900433063507, 0.49495553970336914, 0.49289586395025253, 0.5052682086825371, 0.4984515905380249, 0.4962524026632309, 0.48996880650520325, 0.49732670187950134, 0.49073877930641174, 0.4930354431271553, 0.48879407346248627, 0.4891284629702568, 0.4939856678247452, 0.49530378729104996, 0.49239295721054077, 0.49575380235910416, 0.4864915981888771, 0.4911709502339363, 0.48895419389009476, 0.4874449223279953, 0.4888624995946884, 0.4841240495443344, 0.4860460236668587, 0.49099573493003845, 0.487127885222435, 0.4839915856719017, 0.4930035173892975, 0.4909040853381157, 0.486346572637558, 0.4838346913456917, 0.4885077327489853, 0.486933171749115, 0.4819381833076477, 0.4829062223434448, 0.48617085069417953, 0.48006222397089005, 0.4820001870393753, 0.4808981865644455, 0.4848066493868828, 0.4892604351043701, 0.473908893764019, 0.48031626641750336, 0.4848898723721504, 0.4780240058898926, 0.4746324196457863, 0.4844825118780136, 0.4845653623342514, 0.4757331982254982, 0.4848581850528717, 0.48579005897045135, 0.4809120371937752]}