{"best_val": 0.46294932067394257, "train_loss": [0.6409904559453329, 0.5944573448763953, 0.5521492080556022, 0.5181878639592065, 0.5058186517821418, 0.4916416125165092, 0.4883342103825675, 0.4863947249121136, 0.4803193045987023, 0.4797813296318054, 0.47534700565867954, 0.4773751431041294, 0.4735790027512444, 0.4736235953039593, 0.4722355736626519, 0.47338831259144676, 0.46904728478855556, 0.4657248788409763, 0.46904521849420333, 0.4652384685145484, 0.467112864057223, 0.46407344275050694, 0.4662516365448634, 0.4630274607075585, 0.4641092535522249, 0.46131230559613967, 0.46064948704507613, 0.45804522103733486, 0.46312519080109066, 0.4608655869960785, 0.45988285541534424, 0.4576897952291701, 0.4581403235594432, 0.4590365108516481, 0.4591975145869785, 0.4565281768639882, 0.4556017468372981, 0.4573487788438797, 0.4544000145461824, 0.45670322246021694, 0.4545353319909837], "val_loss": [0.6189919859170914, 0.5744055062532425, 0.5343832746148109, 0.5113183334469795, 0.4979845732450485, 0.48908331245183945, 0.4821062311530113, 0.4819881170988083, 0.47795240581035614, 0.4758043438196182, 0.4739695265889168, 0.47852038592100143, 0.47545475512742996, 0.47720563411712646, 0.47437507659196854, 0.4715978875756264, 0.4774540439248085, 0.4737696945667267, 0.47254951298236847, 0.485028900206089, 0.4672562852501869, 0.4660375565290451, 0.4716792032122612, 0.46981048583984375, 0.477170430123806, 0.47832629084587097, 0.4746181517839432, 0.47203589975833893, 0.4806816130876541, 0.47646399587392807, 0.46294932067394257, 0.473673939704895, 0.4770306199789047, 0.4749010056257248, 0.47274740785360336, 0.4732498973608017, 0.48094382137060165, 0.47592032700777054, 0.4781244322657585, 0.46819139271974564, 0.4774330407381058]}