{"best_val": 0.5433000922203064, "train_loss": [0.7459047701623704, 0.7437231838703156, 0.7413472533226013, 0.7387617031733195, 0.7366153366035886, 0.7339517805311415, 0.7315910226768918, 0.7293137576844957, 0.7265914645459917, 0.7240807116031647, 0.7216768032974668, 0.7188167638248868, 0.7162111037307315, 0.7134319742520651, 0.7107248538070254, 0.7077223923471239, 0.7048685914940305, 0.7017181018988291, 0.698669519689348, 0.695395204755995, 0.6920739842785729, 0.6884353525108762, 0.6849561399883695, 0.6814200348324246, 0.6773059831725227, 0.673284778992335, 0.668371727069219, 0.6635481814543406, 0.6574684613280826, 0.6517692340744866, 0.6461887856324514, 0.6407567196422153, 0.6355946527587043, 0.6297350658310784, 0.6244455807738833, 0.6191838151878781, 0.613454689582189, 0.6076133284303877, 0.6019099685880873, 0.59616909093327, 0.5921618574195437, 0.5869200726350149, 0.581629130575392, 0.576272083653344, 0.5708274708853828, 0.5693677696916792, 0.5632491674688127, 0.560537209113439, 0.5561701771285799, 0.5523313995864656, 0.550911534163687, 0.5466473119126426, 0.5462599893411001, 0.543092280626297, 0.5402078529198965, 0.5383729322089089, 0.5372206717729568, 0.5379868845144907, 0.5319533596436182, 0.531327818830808, 0.5305439233779907, 0.5279590222570631, 0.5275790078772439, 0.5279761370685365, 0.5239102393388748, 0.5246146967013677, 0.5241138256258435, 0.5213771412769953, 0.5197494427363077, 0.5190747711393568, 0.5204778561989466, 0.5184785144196616, 0.5168811579545339, 0.5180742657846875, 0.5153945419523451, 0.5167927013503181, 0.514699175953865, 0.5142603152328067, 0.5139398045010037, 0.5131147884660296], "val_loss": [0.7419404238462448, 0.7406971305608749, 0.7393856793642044, 0.7363504469394684, 0.7338298708200455, 0.7314514815807343, 0.7300890237092972, 0.7269517928361893, 0.7246035784482956, 0.7228228151798248, 0.7199995070695877, 0.718012660741806, 0.7156446725130081, 0.7131977379322052, 0.7097867876291275, 0.7078913599252701, 0.705259159207344, 0.7022272050380707, 0.6993324905633926, 0.6965246051549911, 0.6934647113084793, 0.690173402428627, 0.6868628859519958, 0.6837175786495209, 0.6803958564996719, 0.6767642796039581, 0.671755239367485, 0.6671614348888397, 0.6623650342226028, 0.6585022509098053, 0.6531672030687332, 0.647461548447609, 0.6434110552072525, 0.6393724381923676, 0.6339669227600098, 0.6305363029241562, 0.6224202364683151, 0.6232170015573502, 0.6133973151445389, 0.6110355108976364, 0.6075277775526047, 0.6048048585653305, 0.5990773588418961, 0.595394179224968, 0.5940173864364624, 0.58821702003479, 0.5845954716205597, 0.58104407787323, 0.5799777805805206, 0.576331615447998, 0.5726222693920135, 0.5725893825292587, 0.5727235376834869, 0.5744031071662903, 0.567555233836174, 0.57023885846138, 0.5666040331125259, 0.5646037608385086, 0.5638956278562546, 0.555188775062561, 0.5629680156707764, 0.5573034733533859, 0.5570746660232544, 0.5561100393533707, 0.5512084066867828, 0.5526026338338852, 0.5532242357730865, 0.5464992076158524, 0.5525516122579575, 0.5495398789644241, 0.5479452013969421, 0.5488491058349609, 0.5460411906242371, 0.5522740632295609, 0.5474856495857239, 0.5433018356561661, 0.5464991256594658, 0.5470937937498093, 0.5449957251548767, 0.5433000922203064]}