{"best_val": 0.4686165228486061, "train_loss": [0.7191759943962097, 0.6893028683132596, 0.6618564890490638, 0.6343615551789602, 0.5988281998369429, 0.5574028491973877, 0.5313788089487288, 0.5099440730280347, 0.49513740340868634, 0.48830246925354004, 0.48443486789862317, 0.4781618201070362, 0.48084310524993473, 0.4758868051899804, 0.47435271243254346, 0.47474126683341134, 0.46991406712267136, 0.4725644124878777, 0.47119177877902985, 0.47118592427836525, 0.47225306431452435, 0.4694613615671794, 0.4663664052883784, 0.4664401412010193, 0.4644455413023631, 0.46400723689132267, 0.4642563114563624, 0.4649214578999413, 0.4629749423927731, 0.4602351784706116, 0.4635612616936366, 0.46046195096439785], "val_loss": [0.6936712861061096, 0.6703287959098816, 0.6483318507671356, 0.6217676252126694, 0.5973138213157654, 0.5697392374277115, 0.5454208552837372, 0.5202587321400642, 0.5088027343153954, 0.5078307688236237, 0.4882306605577469, 0.4857846572995186, 0.4909055307507515, 0.4898605942726135, 0.47968124598264694, 0.4861486628651619, 0.4748629182577133, 0.47433702647686005, 0.4723381921648979, 0.4769536033272743, 0.48007334768772125, 0.4686165228486061, 0.47737304866313934, 0.472875639796257, 0.46865857392549515, 0.47301071882247925, 0.4708656743168831, 0.47285373508930206, 0.47547412663698196, 0.47519929707050323, 0.47866933047771454, 0.47650768607854843]}