{"best_val": 0.47875749319791794, "train_loss": [0.6687763432661692, 0.619755615790685, 0.5780799951818254, 0.5437431981166204, 0.5246397687329186, 0.5125758432679706, 0.5063845117886862, 0.5004325144820743, 0.49226991997824776, 0.4897026452753279, 0.48617423242992824, 0.48318518367078567, 0.4828973081376817, 0.47886092629697585, 0.4811403552691142, 0.4807354195250405, 0.4760974678728316, 0.47530439330471885, 0.46954059766398537, 0.47020379536681706, 0.4674023389816284, 0.4685108545753691, 0.46665630572372013, 0.4683746811416414, 0.46667060752709705, 0.4647802263498306, 0.4641427629523807, 0.4631284839577145, 0.46254154211945003, 0.46079587439695996, 0.46318458517392475, 0.458956284655465, 0.4603050433927112, 0.4586380339331097, 0.45737534595860374, 0.45834024747212726, 0.45997879571384853, 0.4572380632162094, 0.4596114390426212], "val_loss": [0.6293040812015533, 0.5844079107046127, 0.5402245819568634, 0.515571303665638, 0.5052311643958092, 0.5007171705365181, 0.49561163038015366, 0.4963372126221657, 0.49705152958631516, 0.49903834611177444, 0.4932558909058571, 0.497988723218441, 0.4921959638595581, 0.4946397691965103, 0.4956127479672432, 0.49226876348257065, 0.49508432298898697, 0.4911639392375946, 0.48670022189617157, 0.48840324580669403, 0.4833392947912216, 0.4847083240747452, 0.48507603257894516, 0.4877995625138283, 0.4814748540520668, 0.48046348989009857, 0.4829194024205208, 0.48591646552085876, 0.47875749319791794, 0.4844270125031471, 0.4858836904168129, 0.4804295003414154, 0.48124729841947556, 0.48305612057447433, 0.482318252325058, 0.4813232943415642, 0.4882173463702202, 0.48196861147880554, 0.48509738594293594]}