{"best_val": 0.4665279760956764, "train_loss": [0.6412342952357398, 0.6071847909026675, 0.5763928492863973, 0.5556123902400335, 0.5415776206387414, 0.5322637425528632, 0.5267040265931023, 0.5177246679862341, 0.5139282478226556, 0.51442442006535, 0.5118933916091919, 0.5098529077238507, 0.5088147405121062, 0.507101426521937, 0.5061548368798362, 0.5034739308887057, 0.5004815128114488, 0.5027405851417117, 0.49941274027029675, 0.49578528106212616, 0.4951531622144911, 0.4953024900621838, 0.4953680949078666, 0.4939445091618432, 0.4955873092015584, 0.49521521892812514, 0.4911416206094954, 0.49114281435807544, 0.4914264314704471], "val_loss": [0.6119327247142792, 0.572595089673996, 0.5388572216033936, 0.5068209171295166, 0.49910102784633636, 0.49577419459819794, 0.4881293401122093, 0.4878375455737114, 0.4777781441807747, 0.47846825420856476, 0.4798181429505348, 0.4860151559114456, 0.48220396041870117, 0.4760749638080597, 0.4809151813387871, 0.4765203297138214, 0.47238465398550034, 0.47217004746198654, 0.4665279760956764, 0.47201676666736603, 0.47354545444250107, 0.4684351235628128, 0.46668849885463715, 0.4748062640428543, 0.46884238719940186, 0.4685240536928177, 0.4709637463092804, 0.47248779982328415, 0.46685031801462173]}