{"best_val": 0.4642309844493866, "train_loss": [0.7474126517772675, 0.7101030151049296, 0.6752486725648245, 0.6487403810024261, 0.6210851834879981, 0.5854229364130232, 0.5574577781889174, 0.5371076232857175, 0.5293080227242576, 0.522771053844028, 0.5147572242551379, 0.5100801553991106, 0.5087413986523946, 0.5019791026910146, 0.5024338248703215, 0.5018636633952459, 0.4969758954313066, 0.49548251264625126, 0.49463535679711235, 0.49329258998235065, 0.4902416417996089, 0.4900098310576545, 0.4848785284492705, 0.486162930727005, 0.4853935092687607, 0.48504649102687836, 0.4844190511438582, 0.4826289729939567, 0.4821365177631378, 0.4805314309067196, 0.4783520499865214, 0.4792739881409539, 0.4760404411289427, 0.4788597093688117, 0.4750174151526557, 0.47612908316983116, 0.4740720573398802, 0.47484322885672253, 0.4759570144944721, 0.47524305515819126, 0.4727349430322647, 0.4759741640753216, 0.47305304143163895], "val_loss": [0.7059182822704315, 0.6798265278339386, 0.6558429151773453, 0.6255284398794174, 0.5934836864471436, 0.5602034032344818, 0.5426044017076492, 0.5183306187391281, 0.5150988921523094, 0.5113874599337578, 0.49540232867002487, 0.492622047662735, 0.4952460154891014, 0.49269719421863556, 0.484451487660408, 0.47925732284784317, 0.48197799921035767, 0.47947508096694946, 0.48585712909698486, 0.4774922728538513, 0.4747680276632309, 0.4702668711543083, 0.4728488102555275, 0.47092753648757935, 0.4781791567802429, 0.4765833914279938, 0.47512368112802505, 0.4739953801035881, 0.47368210554122925, 0.47997409850358963, 0.4689144939184189, 0.47048234194517136, 0.4642309844493866, 0.4700882285833359, 0.46973562240600586, 0.4740599989891052, 0.47167566418647766, 0.47025245428085327, 0.4664413183927536, 0.47207410633563995, 0.4704936370253563, 0.4660995155572891, 0.47614841163158417]}