{"best_val": 0.43549399077892303, "train_loss": [0.6828911602497101, 0.6655807793140411, 0.6473278767532773, 0.6253769364621904, 0.6009689304563735, 0.5772464772065481, 0.5521835188070933, 0.5362315144803789, 0.5253172599607043, 0.5195320943991343, 0.5163890338606305, 0.5100281288226446, 0.5093430346912808, 0.5042800472842323, 0.5040721727742089, 0.4981779257456462, 0.4990314443906148, 0.497000300221973, 0.4935814440250397, 0.4918413493368361, 0.4932665493753221, 0.4932420684231652, 0.4904138015376197, 0.49070917235480416, 0.49059246314896476, 0.4871853126419915, 0.48844186464945477, 0.4830084525876575, 0.48699478639496696, 0.48668955597612595, 0.48506873846054077, 0.4847119235330158, 0.48089276750882465, 0.48427403966585797, 0.4808663825194041, 0.4815977033641603, 0.484129140774409, 0.48110194007555646, 0.48144350945949554, 0.4807106289598677, 0.4796622445185979, 0.47668077713913387, 0.4795323494407866, 0.4792394803629981, 0.48180291056632996, 0.47754985921912724, 0.47816889981428784, 0.4780750423669815, 0.47891125579675037, 0.47418008910285103, 0.4743204050593906, 0.4757700198226505, 0.47681229644351536, 0.4724270486169391, 0.47400059302647907, 0.4725319875611199, 0.47266116903887856, 0.4724304874738057, 0.4734983245531718, 0.4716729174057643, 0.47073914607365924, 0.47018398841222125, 0.47003986769252354, 0.47041456070211196, 0.4733241597811381, 0.46975327365928227, 0.47233881056308746, 0.4712428434027566, 0.46925243735313416, 0.4687124225828383, 0.46826600697305465, 0.466481594575776, 0.46700367000367904, 0.4654877831538518, 0.4667014231284459, 0.46928442683484817, 0.4681260966592365, 0.46634935670428806], "val_loss": [0.6814852803945541, 0.663349449634552, 0.6442520618438721, 0.6200336813926697, 0.5932293683290482, 0.5638735294342041, 0.5423859804868698, 0.5239883810281754, 0.5164091736078262, 0.5009902864694595, 0.49517185240983963, 0.4962964281439781, 0.49092913419008255, 0.48239199817180634, 0.483705997467041, 0.47990361601114273, 0.47472352534532547, 0.4771834462881088, 0.4709956645965576, 0.4731091409921646, 0.4659416303038597, 0.47358372062444687, 0.4658473804593086, 0.46871352940797806, 0.4639410823583603, 0.46422575414180756, 0.465408630669117, 0.4613545313477516, 0.46653204411268234, 0.4596884846687317, 0.4589290991425514, 0.45704668015241623, 0.4581295996904373, 0.45615254342556, 0.4582275375723839, 0.453373484313488, 0.4593633562326431, 0.4517064020037651, 0.4572547823190689, 0.45561517775058746, 0.46429410576820374, 0.45393119752407074, 0.4519280716776848, 0.45754802227020264, 0.44851692020893097, 0.45013663172721863, 0.4513787552714348, 0.45750319212675095, 0.4499277397990227, 0.4455570876598358, 0.45361003279685974, 0.4454750120639801, 0.4461545795202255, 0.44532015919685364, 0.4463535025715828, 0.4450669065117836, 0.44772277772426605, 0.44755595177412033, 0.44045016914606094, 0.44130852073431015, 0.44183050841093063, 0.4494091719388962, 0.43765414506196976, 0.4402347430586815, 0.43907296657562256, 0.4448578730225563, 0.4407178685069084, 0.43549399077892303, 0.4412211701273918, 0.4426148757338524, 0.4412257522344589, 0.44145534187555313, 0.4403930902481079, 0.43626875430345535, 0.4388542026281357, 0.441145695745945, 0.4425949528813362, 0.43565797805786133]}