{"best_val": 0.5044615194201469, "train_loss": [0.6765343381298913, 0.668102439906862, 0.6604084703657362, 0.6513098643885719, 0.6437603698836433, 0.6353029310703278, 0.6273575557602776, 0.6184903383255005, 0.609463569190767, 0.5973353054788377, 0.5843425922923617, 0.5717057519488864, 0.5593138602044847, 0.545901185936398, 0.5355032367838753, 0.5286152329709795, 0.5231298605600992, 0.5200641552607218, 0.5167868336041769, 0.5127429217100143, 0.512633815407753, 0.5079460706975725, 0.509294773141543, 0.5085323055585226, 0.5076747453875012, 0.5053982685009638, 0.5039513624376721, 0.5073036634259753, 0.5045250190628899, 0.5020884755584929, 0.5008879287375344, 0.5009360777007209, 0.500859280427297, 0.5002915743324492, 0.4987800700796975, 0.49961797727478874, 0.4976482159561581, 0.49827104310194653, 0.4972657793098026, 0.4973222580220964, 0.4961303290393617, 0.49379416306813556, 0.4942203180657493, 0.4963817811674542, 0.49758003320958877, 0.4944324907329347, 0.4922561893860499, 0.4891125029987759, 0.49282673994700116, 0.49121178024344975, 0.4915486474831899, 0.4895728925863902, 0.4899421665403578, 0.4897451599438985, 0.48637082510524327, 0.4886888050370746, 0.4897929827372233, 0.4899841629796558, 0.48868707815806073, 0.48915769987636143, 0.48970096309979755, 0.48501888579792446, 0.4887522641155455, 0.4856733199622896, 0.4888925602038701], "val_loss": [0.6735071390867233, 0.6664767414331436, 0.6573756188154221, 0.648899033665657, 0.6415656059980392, 0.6356151700019836, 0.6275649666786194, 0.6184138804674149, 0.6110821068286896, 0.5997186750173569, 0.5865740031003952, 0.5777472853660583, 0.565602257847786, 0.55251345038414, 0.5407044962048531, 0.5348163768649101, 0.5386077836155891, 0.5342298671603203, 0.5259012803435326, 0.5301623567938805, 0.5261450111865997, 0.5242418944835663, 0.5216104835271835, 0.5271614491939545, 0.522215873003006, 0.5194599255919456, 0.5178572982549667, 0.5188104659318924, 0.5195460021495819, 0.5190374776721001, 0.5145916789770126, 0.5159260928630829, 0.5151978060603142, 0.5123174488544464, 0.5129427388310432, 0.5187270268797874, 0.5154566392302513, 0.5115105733275414, 0.5122869610786438, 0.5176444873213768, 0.5120877400040627, 0.515497200191021, 0.5142752081155777, 0.5158208534121513, 0.5101101845502853, 0.5145798176527023, 0.5122241079807281, 0.5107716098427773, 0.5105240121483803, 0.5082111358642578, 0.5112522765994072, 0.5116836801171303, 0.5046696662902832, 0.5078788846731186, 0.5044615194201469, 0.5072662383317947, 0.5087249353528023, 0.5107096061110497, 0.5107001215219498, 0.5096184611320496, 0.5114409103989601, 0.5081801787018776, 0.5096450001001358, 0.5055396631360054, 0.5076254457235336]}