{"best_val": 0.47144700586795807, "train_loss": [0.7347335252496932, 0.6912740733888414, 0.6587578422493405, 0.6353804833359189, 0.614354650179545, 0.596456464793947, 0.5783082279894087, 0.5670737458599938, 0.555601480934355, 0.5476892441511154, 0.5433355106247796, 0.5391323549879922, 0.5375430915090773, 0.5315760059489144, 0.5299385901954439, 0.5272820360130734, 0.5227035383383433, 0.5204739852084054, 0.5235279202461243, 0.5224505646361245, 0.521701893872685, 0.5211432344383664, 0.5192935350868437, 0.5154313859012392, 0.5159443318843842, 0.5150815761751599, 0.5138996756739087, 0.5114000803894467, 0.5137516657511393, 0.5079832126696905, 0.5075818813509412, 0.5088081856568655, 0.5057369752062691, 0.5055365049176745, 0.5056684397988849, 0.5026192135281033, 0.5082113179895613, 0.5040703631109662, 0.5029261277781593, 0.5048309730158912, 0.5023094995154275, 0.5012730591826968, 0.5010977751678891, 0.5036252935727438, 0.4997887859741847, 0.49819130698839825, 0.5027124401595857, 0.498368576169014, 0.498481434252527, 0.4988194952408473, 0.5015424870782428, 0.4992010063595242, 0.5011758158604304, 0.4992073227961858, 0.49704645574092865, 0.49830980598926544, 0.49695175389448804, 0.4988846100038952, 0.49730975098080105], "val_loss": [0.6790572851896286, 0.6481097042560577, 0.619893878698349, 0.5960140228271484, 0.5699103474617004, 0.5547682642936707, 0.5354031771421432, 0.520751491189003, 0.5136137753725052, 0.5116628855466843, 0.506024181842804, 0.5074583142995834, 0.5027220100164413, 0.5046402961015701, 0.50052709877491, 0.5005010664463043, 0.4949306920170784, 0.49571605026721954, 0.49399474263191223, 0.49184612184762955, 0.4901915341615677, 0.49299050867557526, 0.49194326251745224, 0.4885394051671028, 0.489425390958786, 0.4832175299525261, 0.4851662963628769, 0.4894779771566391, 0.48127807676792145, 0.48219241946935654, 0.480807363986969, 0.48274296522140503, 0.47894977033138275, 0.4757259339094162, 0.4786612167954445, 0.4815225228667259, 0.4811338856816292, 0.4811447039246559, 0.4844684600830078, 0.4787278026342392, 0.47521669417619705, 0.47412341088056564, 0.4761843904852867, 0.47781767696142197, 0.4779689386487007, 0.4757322072982788, 0.4723862111568451, 0.4739456921815872, 0.47144700586795807, 0.477206327021122, 0.4715094640851021, 0.4745698943734169, 0.47910818457603455, 0.47830797731876373, 0.4756237864494324, 0.47301359474658966, 0.4778202548623085, 0.47336944937705994, 0.47581280022859573]}