{"best_val": 0.5486617833375931, "train_loss": [0.6788559026188321, 0.6731547117233276, 0.66751100619634, 0.6624203158749474, 0.6575982371966044, 0.6523661613464355, 0.6465841134389242, 0.641770687368181, 0.6365384062131246, 0.629762182633082, 0.6242912775940366, 0.6178022722403208, 0.6120795177088844, 0.605585644642512, 0.5977920956081815, 0.5918050905068716, 0.5859099758995904, 0.5789766046735976, 0.5739141934447818, 0.5677847497993045, 0.5625765687889523, 0.5578780372937521, 0.5538175370958116, 0.5485811779896418, 0.5471025953690211], "val_loss": [0.6770613491535187, 0.6705335378646851, 0.6652919948101044, 0.6607095897197723, 0.6555920839309692, 0.6502980887889862, 0.6457568109035492, 0.6404677629470825, 0.6330593526363373, 0.6308531314134598, 0.6230380237102509, 0.6159462779760361, 0.6102507263422012, 0.6040811985731125, 0.5980498641729355, 0.5903964042663574, 0.5846024304628372, 0.5790579915046692, 0.5700115263462067, 0.5687724649906158, 0.5639141201972961, 0.558490589261055, 0.5486682578921318, 0.5495463609695435, 0.5486617833375931]}