{"best_val": 0.478321798145771, "train_loss": [0.6916433705223931, 0.6670771174960666, 0.64389036099116, 0.6143222947915395, 0.5838813914193047, 0.5560517079300351, 0.5370303375853432, 0.5227133499251472, 0.5178521292077171, 0.509600892663002, 0.505195462041431, 0.5037429995006986, 0.5009506444136301, 0.500606174270312, 0.49677080743842655, 0.4977615674336751, 0.4957147224081887, 0.4903439266814126, 0.4912472913662593, 0.49147631227970123, 0.48950159549713135, 0.48951934112442863, 0.48674461907810634, 0.4870632853772905, 0.48596958484914565, 0.4831051445669598, 0.4851188063621521, 0.4837428281704585, 0.4836511164903641, 0.4858368999428219, 0.48129845493369633, 0.48263461059994167, 0.4815392659770118, 0.48066675828562844, 0.480991683072514], "val_loss": [0.6708258539438248, 0.647650882601738, 0.6240776032209396, 0.5949221253395081, 0.5623578876256943, 0.5344261229038239, 0.5105178952217102, 0.5051878914237022, 0.4994310736656189, 0.4999057427048683, 0.4908737316727638, 0.4917702153325081, 0.48086708039045334, 0.48293329775333405, 0.4852600544691086, 0.4848894253373146, 0.4826253280043602, 0.48384518921375275, 0.48989246785640717, 0.4839886203408241, 0.4800085052847862, 0.4792853891849518, 0.48483775556087494, 0.48844191431999207, 0.478321798145771, 0.48548904061317444, 0.4845763370394707, 0.48287682235240936, 0.4800250455737114, 0.4855952858924866, 0.4876708462834358, 0.4847995862364769, 0.4881512075662613, 0.4891262501478195, 0.4875851720571518]}