{"best_val": 0.4824601709842682, "train_loss": [0.6746676531102922, 0.6372382839520773, 0.6020300885041555, 0.5635781851079729, 0.5267750985092587, 0.5020031101173825, 0.48709165553251904, 0.48105671173996395, 0.47193058166239, 0.4673479017284181, 0.4646076543463601, 0.46700961391131085, 0.4599544670846727, 0.45845313039090896, 0.45620717273818123, 0.4542463852299584, 0.4548891848988003, 0.453109762734837, 0.4496871812476052, 0.44890284538269043, 0.44692611859904396, 0.44786851439211106, 0.4456747786866294, 0.44980843365192413, 0.4463011423746745, 0.44198694825172424, 0.43973594738377464, 0.44457922048038906, 0.43995486696561176, 0.4401377985874812], "val_loss": [0.6610446721315384, 0.6273454427719116, 0.5941161960363388, 0.5600632727146149, 0.5306226909160614, 0.5092303529381752, 0.5052993521094322, 0.503121480345726, 0.5003174021840096, 0.49679630994796753, 0.4954194650053978, 0.49789734184741974, 0.4934648275375366, 0.49072279781103134, 0.4927073121070862, 0.48908837139606476, 0.49361543357372284, 0.5011837854981422, 0.49000076949596405, 0.4824601709842682, 0.4881385564804077, 0.4923952594399452, 0.4872604086995125, 0.4881915748119354, 0.49225693941116333, 0.4875907152891159, 0.48550064861774445, 0.483905591070652, 0.48931192606687546, 0.4883166700601578]}