{"best_val": 0.4570394456386566, "train_loss": [0.6495875219504038, 0.6040119859907362, 0.5579045580493079, 0.5187804649273554, 0.49616579877005684, 0.47797180546654594, 0.4713839143514633, 0.4649273306131363, 0.46277417408095467, 0.4563998861445321, 0.45599259932835895, 0.45668811599413556, 0.4510909699731403, 0.4496404727300008, 0.44796011182996964, 0.44927901526292163, 0.4494411316182878, 0.4468501756588618, 0.44994647138648564, 0.44385353061887955, 0.44407860106892055, 0.44204196830590564, 0.4415006720357471, 0.4395524776644177, 0.44050563209586674, 0.4413627866241667, 0.43996717035770416, 0.43754636579089695, 0.43915340801080066, 0.43808332747883266, 0.43633011480172473, 0.43888242211606765, 0.43401745789580876, 0.4338135951095157, 0.4341147045294444, 0.4339331669939889, 0.42916884687211776, 0.43258582221137154, 0.42950208650694954, 0.4305490603049596, 0.42851658165454865, 0.4306670112742318, 0.4287121676736408, 0.43127798206276363, 0.4253157195117738, 0.42581818832291496, 0.42344534397125244, 0.42405540082189774, 0.42725324796305764], "val_loss": [0.6381018906831741, 0.6021854877471924, 0.5656910836696625, 0.5369846969842911, 0.5116095170378685, 0.49734610319137573, 0.49103718996047974, 0.4878554418683052, 0.4810304790735245, 0.4798169732093811, 0.48394619673490524, 0.4768805354833603, 0.4716239273548126, 0.47598523646593094, 0.46970030665397644, 0.4727477878332138, 0.47439222037792206, 0.46950022876262665, 0.46910322457551956, 0.46646061539649963, 0.46733175218105316, 0.4686724469065666, 0.47131986171007156, 0.46504614502191544, 0.46561673283576965, 0.4617036357522011, 0.4710925742983818, 0.46123461425304413, 0.4639768525958061, 0.46742862462997437, 0.4619612470269203, 0.46814412623643875, 0.46231693029403687, 0.47426018863916397, 0.4588840901851654, 0.46240635961294174, 0.4687010943889618, 0.46707452088594437, 0.4570394456386566, 0.4652983248233795, 0.4584541693329811, 0.46634944528341293, 0.45941397547721863, 0.4652256891131401, 0.46091465651988983, 0.46544792503118515, 0.4666134938597679, 0.4669156149029732, 0.463172011077404]}