{"best_val": 0.5063044354319572, "train_loss": [0.6867929365899827, 0.6836878889136844, 0.6805691123008728, 0.6772914263937209, 0.6744366553094652, 0.6713651021321615, 0.668368892537223, 0.6648949980735779, 0.6620090438259972, 0.6587062080701193, 0.6549621389971839, 0.6513167156113518, 0.6474645866288079, 0.6439418428474002, 0.6409324540032281, 0.6377295653025309, 0.6328909198443095, 0.6292502085367838, 0.6260054508845011, 0.6228305200735728, 0.619172089629703, 0.6154589255650839, 0.612048453754849, 0.6085952818393707, 0.6050589780012766, 0.6018981999821134, 0.5986752178933885, 0.5939816302723355, 0.5921244753731622, 0.587830298476749, 0.583384739028083, 0.5802569389343262, 0.578213224808375, 0.5745255284839206, 0.5719268487559425, 0.5685266488128238, 0.5656651490264468, 0.562080141570833, 0.5585210025310516, 0.5565770119428635, 0.5533260934882693, 0.5500939852661557, 0.5493484603034126, 0.5452562073866526, 0.54316246509552, 0.54172183573246, 0.5390144818358951, 0.5379346327649223, 0.5355172604322433, 0.532995280292299, 0.533380217022366, 0.5298914826578565, 0.5277436938550737, 0.5257174985276328, 0.5279701368676292, 0.5229586710532507, 0.5223294297854105, 0.5213666028446622, 0.5193705674674776, 0.5214026487535901, 0.5183104342884488, 0.5168501834074656, 0.516979404621654, 0.514857174621688, 0.5131311549080743, 0.5184865593910217, 0.5149239814943738, 0.5132830921146605, 0.5112772600518333, 0.511989563703537, 0.5128626922766367, 0.5099617176585727, 0.5088078760438495, 0.5088274793492423, 0.5118688278728061, 0.5077143145932091, 0.507456930147277, 0.5039401335848702, 0.5045223666561974, 0.5053363906012641, 0.5057235641611947, 0.50547028084596, 0.504308412472407, 0.505731064412329, 0.5005994720591439, 0.49965322183238137, 0.5065777632925246, 0.5043630765544044, 0.5053994523154365, 0.4992767307493422, 0.5021166404088339, 0.5030079053507911, 0.49880969524383545, 0.5011381291680865, 0.5015342169337802, 0.5016206552584966, 0.5006355825397704, 0.4978560507297516, 0.49938950273725724, 0.5006630536582735, 0.4964952650997374, 0.5001565963029861, 0.5006750110122893, 0.4977870252397325, 0.4962681283553441, 0.4981354922056198, 0.4963541527589162, 0.4967411673731274, 0.4948872658941481, 0.49765249093373615, 0.49576308992173934, 0.49824656049410504, 0.495070219039917, 0.49309233327706653, 0.4940732518831889], "val_loss": [0.6857533156871796, 0.6826344430446625, 0.6798271238803864, 0.676939070224762, 0.6732709407806396, 0.670673742890358, 0.6675533801317215, 0.6636582612991333, 0.6607002168893814, 0.6575640141963959, 0.6533589214086533, 0.6491990089416504, 0.6462471783161163, 0.6424664407968521, 0.6387745141983032, 0.6342025548219681, 0.6308151930570602, 0.6278585940599442, 0.6238785088062286, 0.6193724721670151, 0.6157890260219574, 0.6105313450098038, 0.6102102547883987, 0.6073630452156067, 0.6034425348043442, 0.6009514182806015, 0.596812054514885, 0.5932879596948624, 0.5905032306909561, 0.5861221551895142, 0.5837837904691696, 0.5801112353801727, 0.5776893645524979, 0.5749214589595795, 0.5744189769029617, 0.5665159076452255, 0.5692453533411026, 0.565595805644989, 0.5628928244113922, 0.5572145134210587, 0.5577914267778397, 0.555620551109314, 0.5581742823123932, 0.5505422800779343, 0.5486167222261429, 0.5449758917093277, 0.5485269501805305, 0.5431120693683624, 0.5401872992515564, 0.5436889603734016, 0.5399576053023338, 0.5363706052303314, 0.5337922722101212, 0.5290595814585686, 0.5288310572504997, 0.5335342884063721, 0.529867634177208, 0.5296659618616104, 0.5247621834278107, 0.5251945778727531, 0.5240617319941521, 0.5284671038389206, 0.5253329798579216, 0.5248646959662437, 0.5265379548072815, 0.5228990763425827, 0.5231868848204613, 0.5204541087150574, 0.5176151394844055, 0.5211894735693932, 0.5156315565109253, 0.5233111530542374, 0.5240015238523483, 0.5179067552089691, 0.5170486867427826, 0.5194837525486946, 0.514945425093174, 0.5150684118270874, 0.5161885246634483, 0.5161897987127304, 0.5193148255348206, 0.5192956626415253, 0.5087569057941437, 0.5161605030298233, 0.5092483386397362, 0.5196825489401817, 0.5179512724280357, 0.5108717232942581, 0.510961152613163, 0.5166983008384705, 0.5138360410928726, 0.5079414322972298, 0.5129856541752815, 0.5111048147082329, 0.5114868730306625, 0.5124234780669212, 0.5173931494355202, 0.5089701414108276, 0.5067109689116478, 0.5069359093904495, 0.5134830176830292, 0.5092589110136032, 0.5148210749030113, 0.5142892003059387, 0.5063044354319572, 0.5115206688642502, 0.5096899792551994, 0.5075721219182014, 0.5095482021570206, 0.5067071244120598, 0.5104176253080368, 0.5127965956926346, 0.5140879154205322, 0.5088339373469353, 0.511404313147068]}