{"best_val": 0.47560781240463257, "train_loss": [0.713130944304996, 0.6954777075184716, 0.6775362855858273, 0.6618505517641703, 0.6463683346907297, 0.6286329395241208, 0.6123781237337325, 0.5961515969700284, 0.5799425939718882, 0.5655999713473849, 0.5517888830767738, 0.535903576347563, 0.523939256866773, 0.5135776218440797, 0.5034353021118376, 0.49690770937336814, 0.4924069080087874, 0.4864082336425781, 0.48387859265009564, 0.4819745620091756, 0.47993377016650307, 0.4768957048654556, 0.4754645625750224, 0.4722558408975601, 0.47323297295305466, 0.46804870665073395, 0.4729754527409871, 0.46987520820564693, 0.46817028191354537, 0.4671924130784141, 0.4687516738971074, 0.4717036402887768, 0.4692150470283296, 0.46571145786179435, 0.4656191021203995, 0.4647573133309682, 0.462629990445243, 0.464161550005277, 0.4649466358953052, 0.46111174921194714, 0.45904404752784306, 0.4596772789955139, 0.45838430689440834, 0.45923440820640987, 0.45656312505404156, 0.4564758787552516, 0.45948418974876404, 0.46102095809247756, 0.4588726262251536, 0.45611341463194954, 0.45752201477686566, 0.4581499463982052], "val_loss": [0.7089125514030457, 0.6900244951248169, 0.6734831482172012, 0.657727524638176, 0.6376236230134964, 0.6205051392316818, 0.6057528406381607, 0.5874847173690796, 0.5701740831136703, 0.5570008754730225, 0.5414909869432449, 0.5263075232505798, 0.5196505412459373, 0.5080618113279343, 0.49872323870658875, 0.49296271800994873, 0.4964696168899536, 0.49632832407951355, 0.4871799945831299, 0.48726140707731247, 0.4866993725299835, 0.48326660692691803, 0.48184315860271454, 0.48231326043605804, 0.4892853796482086, 0.4811207726597786, 0.4811243489384651, 0.4821507856249809, 0.48091667890548706, 0.4851922318339348, 0.4798591062426567, 0.48669908940792084, 0.48310553282499313, 0.48856498301029205, 0.4846251755952835, 0.47679292410612106, 0.4796440079808235, 0.48151008784770966, 0.4781847521662712, 0.4825824126601219, 0.4814009517431259, 0.47560781240463257, 0.48002152889966965, 0.4817625507712364, 0.48441313952207565, 0.48090796917676926, 0.4805169403553009, 0.48276420682668686, 0.4793514534831047, 0.477749302983284, 0.47848092019557953, 0.48248325288295746]}