{"best_val": 0.4531615450978279, "train_loss": [0.698662218120363, 0.6769598060184054, 0.657750278711319, 0.6357860896322463, 0.6109951403405931, 0.5867087013191647, 0.5674405925803714, 0.553397493229972, 0.5429810401466157, 0.5361391488048766, 0.5293800052669313, 0.5246023486057917, 0.5230084442430072, 0.5212346447838677, 0.5181968973742591, 0.5186341222789552, 0.513974032468266, 0.5112643424007628, 0.5100665274593565, 0.5116921017567316, 0.5086931950516171, 0.5068047344684601, 0.5054459191030927, 0.5015545520517561, 0.5032540079620149, 0.502385386162334, 0.5028903285662333, 0.49939752784040237, 0.4993930525249905, 0.49755021764172447, 0.5022440966632631, 0.4968637244568931, 0.4960240837600496, 0.4951048046350479, 0.4941231558720271, 0.49415046473344165, 0.4954696314202415, 0.4945373353030946, 0.49495316048463184, 0.4928504874308904, 0.4928506314754486, 0.49479030403825974, 0.49146322574880386, 0.4927029675907559, 0.49281984236505294, 0.49198222822613186, 0.4920383128854964, 0.4894084135691325, 0.49086661636829376, 0.4908899731106228, 0.4914255638917287, 0.4886206371916665, 0.4907252854771084, 0.48797400130165947, 0.4880227595567703, 0.48624921838442486, 0.48679740230242413], "val_loss": [0.6748128235340118, 0.6609288454055786, 0.6433366984128952, 0.6202738285064697, 0.5920408666133881, 0.5696603059768677, 0.5574142187833786, 0.5412131994962692, 0.5233369320631027, 0.5180630162358284, 0.5060625672340393, 0.5092164054512978, 0.4965422675013542, 0.5005890652537346, 0.49552375823259354, 0.4967031553387642, 0.49438653141260147, 0.48917945474386215, 0.4874201565980911, 0.48654183000326157, 0.47744740545749664, 0.4799148216843605, 0.48086579144001007, 0.47752582281827927, 0.47216206789016724, 0.47417768836021423, 0.47537779808044434, 0.471943661570549, 0.46775906533002853, 0.47001758962869644, 0.46545616537332535, 0.4691113457083702, 0.4687880203127861, 0.47095127403736115, 0.4613540321588516, 0.46511103212833405, 0.4711214080452919, 0.4653966799378395, 0.4698190242052078, 0.4668102264404297, 0.4705943763256073, 0.465649276971817, 0.46295105665922165, 0.4576304331421852, 0.4654495194554329, 0.4600621908903122, 0.4531615450978279, 0.4627217650413513, 0.4594194293022156, 0.45973261445760727, 0.4580952450633049, 0.4611593335866928, 0.4604928493499756, 0.46050623059272766, 0.4604194909334183, 0.4645094722509384, 0.4574796035885811]}