{"best_val": 0.5145915001630783, "train_loss": [0.7554699016941918, 0.7211147646109263, 0.6830246382289462, 0.6415924463007185, 0.6074504024452634, 0.5832658840550317, 0.566077298588223, 0.5512803081009123, 0.5451847430732515, 0.5374405036369959, 0.5329632262388865, 0.5309695684247546, 0.5260682933860354, 0.5235046015845405, 0.5277887102630403, 0.525544211268425, 0.5219571888446808, 0.5181587123208575, 0.5193083087603251, 0.5175947000583013, 0.512633310423957, 0.5156352255079482, 0.5139064855045743, 0.5120499713553323, 0.5118499745925268, 0.5131901154915491, 0.5098464488983154, 0.5076911615000831, 0.5077644271983041, 0.5083704822593265, 0.508491994606124, 0.5111992756525675, 0.5023365037308799, 0.5041336334413953, 0.5070381412903467, 0.503071622716056], "val_loss": [0.6938183009624481, 0.6685235053300858, 0.6415199190378189, 0.610835462808609, 0.5895838439464569, 0.5707397758960724, 0.5576192438602448, 0.5440160781145096, 0.5338591635227203, 0.5374248027801514, 0.5363758951425552, 0.533538892865181, 0.5331215411424637, 0.5352385193109512, 0.5260835364460945, 0.532078318297863, 0.5260280817747116, 0.5285937115550041, 0.5280900299549103, 0.5312968865036964, 0.5227153301239014, 0.5314298868179321, 0.5231691226363182, 0.520348884165287, 0.5205712616443634, 0.5145915001630783, 0.5199961215257645, 0.5228747054934502, 0.5152683928608894, 0.5220497623085976, 0.5185102671384811, 0.5162204131484032, 0.5209883823990822, 0.5159722343087196, 0.5178554952144623, 0.521979533135891]}