{"best_val": 0.5041700899600983, "train_loss": [0.7255083322525024, 0.7001561092005836, 0.6708709432019128, 0.6358173257774777, 0.595562196440167, 0.5601484411292605, 0.5408400876654519, 0.5270659261279635, 0.5164887772666084, 0.5132429351409277, 0.5077346911032995, 0.5039319727155898, 0.5028486235274209, 0.49862032300896114, 0.499456246693929, 0.49948954747782814, 0.4992906865146425, 0.49627947476175094, 0.49610867102940875, 0.4961025052600437, 0.49525590737660724, 0.4959351138936149, 0.4929281870524089, 0.4929728027847078, 0.4906357096301185, 0.4915524621804555, 0.489887739221255, 0.48758026791943443, 0.4894728875822491, 0.48654301630126107, 0.4890658176607556, 0.4854267156786389, 0.48599246475431657, 0.4837441212601132, 0.4859464466571808, 0.485578296913041, 0.4847625212536918, 0.4792181220319536, 0.4829406175348494, 0.48036131759484607, 0.47998937633302474, 0.4818904979361428, 0.47921814852290684], "val_loss": [0.7152466624975204, 0.6911144107580185, 0.662605345249176, 0.6260712295770645, 0.5893383026123047, 0.5701899826526642, 0.5467754453420639, 0.5425771176815033, 0.5283718258142471, 0.5210810452699661, 0.5188235342502594, 0.5201069861650467, 0.5197494551539421, 0.5187767148017883, 0.5214743390679359, 0.5161039382219315, 0.5157649964094162, 0.5150891244411469, 0.5208869725465775, 0.5127032399177551, 0.517513744533062, 0.5202285125851631, 0.5118366703391075, 0.5210966318845749, 0.516152560710907, 0.5164729282259941, 0.5063203126192093, 0.5133155509829521, 0.5115594789385796, 0.5098852515220642, 0.5172476470470428, 0.5144683048129082, 0.5041700899600983, 0.5119501948356628, 0.509998545050621, 0.5132526978850365, 0.5079591274261475, 0.5067293792963028, 0.5041894093155861, 0.5082744657993317, 0.5112845450639725, 0.5043581649661064, 0.509924590587616]}