{"best_val": 0.4696468934416771, "train_loss": [0.7478131817446815, 0.7264930970138974, 0.7051941388183169, 0.6836452583471934, 0.659442298942142, 0.6372879809803433, 0.6132069693671333, 0.5890463325712416, 0.5720007684495714, 0.5566181391477585, 0.549180280831125, 0.541107651260164, 0.537879091170099, 0.5345338549878862, 0.5368050767315758, 0.5311495777633455, 0.529905777838495, 0.527019182840983, 0.5275488115019269, 0.5274037900898192, 0.5267481174733903, 0.5232484489679337, 0.5258273796902763, 0.5252835833364062, 0.523418116900656, 0.5235811173915863, 0.5226329300138686, 0.5232960747347938, 0.5199157330724928, 0.5215099288357629, 0.5194984989033805, 0.5209638327360153, 0.5199456363916397, 0.5185989373260074, 0.5212053408225378, 0.517997274796168, 0.5180001341634326, 0.5172610282897949, 0.5163051270776324, 0.513706397679117, 0.5145774566464953, 0.5162766956620746, 0.5144209381606843, 0.5143566081921259, 0.510699267188708, 0.5118571403953764, 0.5083843916654587, 0.5098104046450721, 0.5076760583453708, 0.5067019975847669, 0.5069629533423318, 0.5062153355942832, 0.505382228228781, 0.5023153556717767, 0.5061710311306847, 0.5055759052435557, 0.5027286012967428, 0.5034791181484858, 0.5022445271412531, 0.499934411711163, 0.4987082795964347, 0.5010167592101626, 0.4995177802112367, 0.49789970616499585, 0.49758024348153007, 0.49813337955209946], "val_loss": [0.7370497286319733, 0.7153337597846985, 0.6931767016649246, 0.669434204697609, 0.6420812606811523, 0.6105526834726334, 0.5861287266016006, 0.5612694323062897, 0.540483757853508, 0.5231684222817421, 0.5044866427779198, 0.4958234652876854, 0.5006062090396881, 0.49023735523223877, 0.4881867244839668, 0.48912014067173004, 0.49165188521146774, 0.4898003116250038, 0.48279036581516266, 0.48669949918985367, 0.4805988073348999, 0.4843433275818825, 0.4830521494150162, 0.48460742831230164, 0.4961359277367592, 0.49032263457775116, 0.49124085903167725, 0.4815938025712967, 0.4848630055785179, 0.48408515751361847, 0.47772950679063797, 0.4822468161582947, 0.4884747639298439, 0.48053424060344696, 0.47913168370723724, 0.4792908802628517, 0.4883093014359474, 0.481562539935112, 0.47469836473464966, 0.4788551852107048, 0.4827638193964958, 0.4764077588915825, 0.4733844920992851, 0.47840528935194016, 0.4738815203309059, 0.4755440056324005, 0.47180625051259995, 0.47376880049705505, 0.47419269382953644, 0.4738587439060211, 0.4797912463545799, 0.4717281088232994, 0.4730904847383499, 0.4739483520388603, 0.47290804982185364, 0.4696468934416771, 0.47426287829875946, 0.47273100912570953, 0.47432345151901245, 0.47129567712545395, 0.4750099778175354, 0.4703541621565819, 0.47104576230049133, 0.47195082902908325, 0.4751267060637474, 0.4717474654316902]}