{"best_val": 0.48834650963544846, "train_loss": [0.7124194006125132, 0.6995760069953071, 0.6872566044330597, 0.674268149667316, 0.6605915824572245, 0.6461166044076284, 0.6293497383594513, 0.6095527741644118, 0.5885384546385871, 0.5690023137463464, 0.5534343388345506, 0.5365175041887495, 0.5294024182690514, 0.518861206041442, 0.5100179546409183, 0.5073683079746034, 0.5017647412088182, 0.49556202524238163, 0.4932807187239329, 0.4898487577835719, 0.4888887753089269, 0.48740915457407635, 0.48150760266515946, 0.47891899446646374, 0.4807527959346771, 0.48133420447508496, 0.47723135517703164, 0.476449696554078, 0.47204024427466923, 0.47854310936397976, 0.47695256272951764, 0.47345810135205585, 0.4701518631643719, 0.4700898660553826, 0.4699005004432466, 0.4691572818491194, 0.4730633629692925], "val_loss": [0.7016745954751968, 0.6908927261829376, 0.6774174273014069, 0.6660221517086029, 0.6506817638874054, 0.6368080526590347, 0.620773121714592, 0.603834718465805, 0.586739107966423, 0.5652800798416138, 0.5536582171916962, 0.5409028977155685, 0.5358274579048157, 0.5250781998038292, 0.5194542407989502, 0.5169229134917259, 0.5131318420171738, 0.508641317486763, 0.5035395324230194, 0.5055124461650848, 0.5064337104558945, 0.49983350187540054, 0.5087701827287674, 0.5006601065397263, 0.4930194690823555, 0.5027227476239204, 0.48834650963544846, 0.5004276409745216, 0.4965388774871826, 0.4943767264485359, 0.4957832619547844, 0.4915560781955719, 0.4975270628929138, 0.4906950816512108, 0.49358801543712616, 0.49545183032751083, 0.49176672101020813]}