{"best_val": 0.42818086594343185, "train_loss": [0.6387271086374918, 0.6108237140708499, 0.5848764412932925, 0.5573951568868425, 0.5385961284240087, 0.5270170536306169, 0.5150289999114143, 0.5059240344497893, 0.5004165536827512, 0.4983372125360701, 0.49659568402502274, 0.4936847786108653, 0.4908221314350764, 0.49004877772596145, 0.4847548223204083, 0.4853423304027981, 0.4826774050792058, 0.4826986889044444, 0.48024026387267643, 0.4778042485316594, 0.4822960098584493, 0.4763992130756378, 0.47603373726209003, 0.47589732044272953, 0.47416946788628894, 0.46985744602150387, 0.4722417957252926, 0.4716475655635198, 0.47508785625298816, 0.47005710502465564, 0.4705629249413808, 0.4706104314989514, 0.4669595526324378, 0.468776555524932, 0.4691663765245014, 0.46847011148929596, 0.46579503681924606, 0.46569644411404926, 0.4661727448304494, 0.46558040380477905, 0.46397076216008926, 0.4645318041245143, 0.4648062570227517, 0.4654345115025838, 0.46013879113727146, 0.4659978515572018, 0.46300841205649906, 0.45654286278618705, 0.4629792670408885, 0.4582642763853073, 0.46030688451396096, 0.45818859173191917, 0.46156055066320634, 0.4574921843078401, 0.46152231097221375, 0.4596434202459123, 0.4561576164431042, 0.4564848293860753, 0.45798968109819627, 0.4559113184611003, 0.45266568826304543, 0.45473884377214646, 0.45175715784231824, 0.4512097073925866, 0.45475246674484676, 0.4557640337281757, 0.4505814148320092, 0.4507271862692303, 0.45240413149197894, 0.45019858247703975, 0.4533993916379081, 0.4508509933948517, 0.4519561380147934, 0.4502272721793916, 0.4490839292605718, 0.45137423442469704, 0.4481649133894179, 0.4479179200198915, 0.4501143760151333, 0.4505275289217631, 0.4504781398508284, 0.44951369365056354, 0.4498984201086892, 0.4470634046528075, 0.44651294747988385, 0.44797028601169586, 0.4454635762506061, 0.4518884668747584, 0.4487161768807305, 0.4455669704410765, 0.4456697785192066, 0.4482870234383477, 0.4427771286831962, 0.4459849066204495, 0.4452487958802117, 0.4455886085828145, 0.4423687524265713, 0.4446703443924586, 0.4446623490916358, 0.4482026646534602, 0.44293687906530166, 0.44412680466969806, 0.44324744906690383, 0.44405409693717957, 0.4417655865351359], "val_loss": [0.6417374163866043, 0.6136283874511719, 0.5848570019006729, 0.5568618476390839, 0.5359974354505539, 0.5173541083931923, 0.5001459792256355, 0.49522606283426285, 0.48886317014694214, 0.482769638299942, 0.47882571816444397, 0.4736282154917717, 0.4705496281385422, 0.46742428094148636, 0.46714864671230316, 0.47135523706674576, 0.4603912681341171, 0.4688285067677498, 0.454537570476532, 0.45995496958494186, 0.45873796194791794, 0.4554844796657562, 0.4571105167269707, 0.45580510050058365, 0.4491683393716812, 0.4574381932616234, 0.45585209131240845, 0.449871189892292, 0.4498578608036041, 0.44294607639312744, 0.4498693123459816, 0.4453243613243103, 0.44351212680339813, 0.44203464686870575, 0.44603605568408966, 0.44128794223070145, 0.4500436931848526, 0.4445008561015129, 0.44006016105413437, 0.44986554235219955, 0.44051045179367065, 0.44309747219085693, 0.44384587556123734, 0.4461626186966896, 0.4422440081834793, 0.4398646056652069, 0.44895704090595245, 0.44293423742055893, 0.4414513260126114, 0.43592023849487305, 0.4410119876265526, 0.4412055164575577, 0.4393130987882614, 0.4417059123516083, 0.43821555376052856, 0.43963805586099625, 0.4403478354215622, 0.4347071573138237, 0.4381859675049782, 0.435223251581192, 0.43474774062633514, 0.43631596863269806, 0.4367860481142998, 0.4376087114214897, 0.433779776096344, 0.4391978085041046, 0.440496526658535, 0.44064778834581375, 0.4380912631750107, 0.4346640035510063, 0.43703844398260117, 0.4339996576309204, 0.43808552622795105, 0.4322573095560074, 0.4345169961452484, 0.43972886353731155, 0.4397697448730469, 0.44260645657777786, 0.43553128093481064, 0.43714039772748947, 0.4314795583486557, 0.4413478150963783, 0.43370936810970306, 0.43159066140651703, 0.43569499254226685, 0.4377317428588867, 0.4387868344783783, 0.431289941072464, 0.4328739419579506, 0.4397239089012146, 0.43275438249111176, 0.4401233568787575, 0.43498289585113525, 0.43124008923768997, 0.42818086594343185, 0.43685777485370636, 0.4318937212228775, 0.4328896924853325, 0.43340054899454117, 0.4329533353447914, 0.4371590316295624, 0.42942915111780167, 0.4364478215575218, 0.4330475330352783, 0.43531709909439087]}