{"best_val": 0.45979248732328415, "train_loss": [0.640524791346656, 0.6257284184296926, 0.608381470044454, 0.5897316502200233, 0.5735393928156959, 0.5549116995599535, 0.5382479810052447, 0.5239352732896805, 0.5082317474815581, 0.4970073054234187, 0.4889178176720937, 0.4850843846797943, 0.4808063755432765, 0.4820365624295341, 0.4754857536819246, 0.476285672850079, 0.4715792056587007, 0.4751882685555352, 0.473382830619812, 0.4735022121005588, 0.47022728787528145, 0.471505085627238, 0.46796608633465236, 0.47201118535465664, 0.47115716338157654, 0.4693886753585603, 0.4717734687858158, 0.4673045525948207, 0.4634977612230513, 0.4634231925010681, 0.4656723605261909, 0.46318329870700836, 0.4681445260842641, 0.46347472237216103, 0.46476996110545266, 0.463697729839219], "val_loss": [0.63037109375, 0.6138681471347809, 0.5946687161922455, 0.5778177976608276, 0.5566487163305283, 0.5409719198942184, 0.5257691740989685, 0.5192111879587173, 0.49600549042224884, 0.4929063990712166, 0.48775695264339447, 0.47946546226739883, 0.47876669466495514, 0.47802579402923584, 0.4773310646414757, 0.4722420647740364, 0.4749588221311569, 0.4686928912997246, 0.4720766171813011, 0.4731112942099571, 0.46454498171806335, 0.4695113077759743, 0.47508881241083145, 0.4718744158744812, 0.4665594920516014, 0.45979248732328415, 0.4674571827054024, 0.46472278237342834, 0.4683965966105461, 0.47326480597257614, 0.46752210706472397, 0.46865275502204895, 0.4691518172621727, 0.46958473324775696, 0.4686998203396797, 0.4615357369184494]}