{"best_val": 0.45419979840517044, "train_loss": [0.6987714502546523, 0.6648957331975301, 0.6372944083478715, 0.6127015584044986, 0.5927569336361356, 0.5728364719284905, 0.5616182949807909, 0.5543869270218743, 0.5479222883780798, 0.5438843170801798, 0.5385704437891642, 0.5345422244734235, 0.5321691003110673, 0.5312969899839826, 0.5273997005489137, 0.5264385624064339, 0.5207964877287546, 0.5225626958741082, 0.5197320116890801, 0.5157857305473752, 0.5135280986626943, 0.5165842059585783, 0.5135373787747489, 0.5118808845678965, 0.5125177502632141, 0.5123199224472046, 0.5051800707976023, 0.5088981091976166, 0.5073750962813696, 0.5053609593047036, 0.5025740762551626, 0.5010263638363944, 0.5007685191101499, 0.5002010083860822, 0.5006148384677039, 0.5016431477334764, 0.4972052060895496, 0.4960397614373101, 0.497117774354087, 0.49453240136305493, 0.49424125088585746, 0.4920804500579834, 0.49470367862118614, 0.4933673077159458, 0.4950590150223838, 0.49460188878907096, 0.49219532973236507, 0.49151768121454453, 0.4911431471506755, 0.49346968200471664, 0.49346982936064404, 0.49181479546758866, 0.49121735493342084, 0.4904663413763046, 0.49051201509104836, 0.4906989915503396, 0.49049996336301166, 0.4893423517545064, 0.4893854591581557, 0.4898691856198841, 0.49035945865843034], "val_loss": [0.6609851121902466, 0.637150764465332, 0.614626094698906, 0.5931472331285477, 0.5733654946088791, 0.5594176799058914, 0.5444554686546326, 0.5337419584393501, 0.53530403226614, 0.530573308467865, 0.5237159207463264, 0.5200598537921906, 0.512114092707634, 0.5138431638479233, 0.5084240436553955, 0.5082303360104561, 0.506726898252964, 0.5071137845516205, 0.5002408176660538, 0.493703730404377, 0.4993615224957466, 0.4885691776871681, 0.48862384259700775, 0.493551105260849, 0.48802609741687775, 0.4892698600888252, 0.48817776143550873, 0.48888101428747177, 0.4741084352135658, 0.4772690087556839, 0.47565966099500656, 0.47214046120643616, 0.47433966398239136, 0.4728390946984291, 0.4718767777085304, 0.47439858317375183, 0.4720351994037628, 0.4699511304497719, 0.46041596680879593, 0.4701206758618355, 0.46423424035310745, 0.46312277764081955, 0.4621877744793892, 0.46463168412446976, 0.4569348990917206, 0.46349693089723587, 0.46111445128917694, 0.45874984562397003, 0.45879923552274704, 0.4609374776482582, 0.45419979840517044, 0.46036969870328903, 0.46308669447898865, 0.4665858969092369, 0.45632096379995346, 0.4600719287991524, 0.45993927866220474, 0.45627228915691376, 0.4625953435897827, 0.4560934826731682, 0.4609518200159073]}