{"best_val": 0.4912562221288681, "train_loss": [0.6581396493646834, 0.6537468665175967, 0.6487182213200463, 0.6444226933850182, 0.6390647093454996, 0.6344333059257932, 0.6281489531199137, 0.6227055291334788, 0.6164824234114753, 0.6094116336769528, 0.6027412745687697, 0.5934856534004211, 0.586284511619144, 0.5777968499395583, 0.569320281346639, 0.5613513390223185, 0.5523766676584879, 0.5461957984500461, 0.5377930154403051, 0.534166791372829, 0.5262113395664427, 0.5245472656355964, 0.5162951515780555, 0.5132837974362903, 0.507681229048305, 0.506324150496059, 0.5017433961232504, 0.5003670685821109, 0.49531736969947815, 0.4947347359524833, 0.4919891075955497, 0.49046168559127384, 0.4874126397901111, 0.49118192659484017, 0.4845135195387734, 0.48261096907986534, 0.48394636809825897, 0.4817145930396186, 0.4803266657723321, 0.48066486418247223, 0.47717409829298657, 0.4799780895312627, 0.475463330745697, 0.4794798658953773, 0.4737327992916107, 0.47421300907929737, 0.4717264705234104, 0.4701675623655319, 0.4706090837717056, 0.47137807971901363, 0.46902305715613896, 0.46963291035758126, 0.46954504483275944, 0.4695154064231449, 0.4647644923792945, 0.4643632686800427, 0.46653992931048077, 0.4644846386379666, 0.462128973669476, 0.46544940604103935, 0.4634334213203854, 0.46644796927769977, 0.4630754043658574, 0.46209225720829433, 0.4634572019179662, 0.45786040359073216, 0.4600898375113805, 0.4588583707809448, 0.46022218962510425, 0.46144794589943355, 0.4613241453965505, 0.45717213882340324, 0.4588664455546273, 0.4571124580171373, 0.4589325702852673, 0.4558404866192076, 0.4556525597969691, 0.4593822095129225, 0.4587904628780153, 0.4578630460633172, 0.45787034763230217, 0.4561585585276286, 0.45664387775792015, 0.4550530993276172, 0.45446594225035775, 0.4551824811432097, 0.45397283302413094, 0.45087845457924736, 0.45114999181694454, 0.45433088805940414], "val_loss": [0.6595892012119293, 0.6550953835248947, 0.652497187256813, 0.645668625831604, 0.6418516337871552, 0.6368386149406433, 0.631088137626648, 0.6251425445079803, 0.6199181526899338, 0.6141372323036194, 0.6081336736679077, 0.5994070321321487, 0.5889047384262085, 0.5838799029588699, 0.5766029506921768, 0.5695117861032486, 0.5602182298898697, 0.5579905062913895, 0.5487771034240723, 0.5472785606980324, 0.5445139110088348, 0.5413792729377747, 0.5372755527496338, 0.5372795462608337, 0.5322866588830948, 0.5351700559258461, 0.5307166054844856, 0.5309625416994095, 0.5196951478719711, 0.5229108184576035, 0.5211820676922798, 0.5264181792736053, 0.523627907037735, 0.5250894874334335, 0.5192779153585434, 0.5162952467799187, 0.521442249417305, 0.5180078148841858, 0.517734557390213, 0.5178614556789398, 0.5194249153137207, 0.5156658738851547, 0.5130853801965714, 0.5119192972779274, 0.5066346377134323, 0.5099763870239258, 0.5085057690739632, 0.512081004679203, 0.5133698657155037, 0.5154026076197624, 0.5098271369934082, 0.5060377046465874, 0.5075793638825417, 0.5082378536462784, 0.5069843083620071, 0.5106125026941299, 0.5121278017759323, 0.49922948330640793, 0.5024795234203339, 0.5073861852288246, 0.5038779228925705, 0.507754348218441, 0.49839111417531967, 0.5059668496251106, 0.503882423043251, 0.5007227137684822, 0.4973243251442909, 0.49653318524360657, 0.5011567249894142, 0.5012025162577629, 0.494174562394619, 0.498830646276474, 0.49948669970035553, 0.4923092722892761, 0.5013111010193825, 0.5027146562933922, 0.5064355432987213, 0.4977475702762604, 0.49579595774412155, 0.4912562221288681, 0.4988259896636009, 0.4970944672822952, 0.4960447773337364, 0.49280892312526703, 0.49270234256982803, 0.4917770102620125, 0.493898369371891, 0.4920283332467079, 0.4934523031115532, 0.4934839606285095]}