{"best_val": 0.5111221522092819, "train_loss": [0.6522400014930301, 0.6305079261461893, 0.6094312601619296, 0.5888602568043603, 0.5649745100074344, 0.5425380600823296, 0.5264846483866373, 0.512381374835968, 0.5037868453396691, 0.49576758510536617, 0.49008867310153115, 0.4871559689442317, 0.4840795132848952, 0.47842856910493636, 0.47650475800037384, 0.47594087322552997, 0.47402967181470657, 0.47569984363185036, 0.4703151716126336, 0.46837971607844037, 0.4664251324203279, 0.4667549348539776, 0.46574933330218, 0.46420304973920185, 0.4599969701634513, 0.4590936220354504, 0.4585091653797362, 0.4573691023720635], "val_loss": [0.631770983338356, 0.6172096282243729, 0.6021944135427475, 0.5880089849233627, 0.5713982880115509, 0.5581110417842865, 0.5436438620090485, 0.5306180119514465, 0.5290768146514893, 0.5243493318557739, 0.5183095932006836, 0.5176088660955429, 0.5167380645871162, 0.5157288461923599, 0.5143600031733513, 0.518449492752552, 0.5152963548898697, 0.5111221522092819, 0.5134786739945412, 0.5166825279593468, 0.515774592757225, 0.5135719776153564, 0.5168157517910004, 0.5150859877467155, 0.5146749243140221, 0.5146035179495811, 0.5158700048923492, 0.5181084871292114]}