{"best_val": 0.49398820102214813, "train_loss": [0.6827696363131205, 0.6773146788279215, 0.6716051366594102, 0.6658798158168793, 0.6597592764430575, 0.653072264459398, 0.646308958530426, 0.6384907133049436, 0.6302243537373013, 0.6201413869857788, 0.6113425923718346, 0.6003298494550917, 0.5910199152098762, 0.5794475575288137, 0.5658379760053422, 0.5561529828442467, 0.5440300603707632, 0.5357545283105638, 0.5285829189750884, 0.5207607448101044, 0.5176845673057768, 0.512562687198321, 0.5075056586000655, 0.5028611206346087, 0.5006747163004346, 0.4994273367855284, 0.49313772718111676, 0.4918333755599128, 0.48969680733150905, 0.4871828986538781, 0.48491403957207996, 0.47908270524607766, 0.47904205156697166, 0.4776115086343553, 0.4776242325703303, 0.47606969707541996, 0.480043437745836, 0.47352687186665005, 0.46898572974734837, 0.47013751831319595, 0.46934090223577285, 0.4702945798635483, 0.46677621371216244, 0.4670444230238597, 0.46628104481432175, 0.46333616144127315, 0.46480415099196964, 0.4639149953921636, 0.46000399357742733, 0.461701480878724, 0.46091246273782516, 0.46021182503965163, 0.4601617223686642, 0.4608173155122333, 0.45924801296657985, 0.45906955500443775, 0.45823730528354645], "val_loss": [0.6813489645719528, 0.6758195012807846, 0.6709455251693726, 0.664707213640213, 0.6586264073848724, 0.6530336439609528, 0.6462524235248566, 0.6390514224767685, 0.6311043500900269, 0.6239041686058044, 0.6139190793037415, 0.6015344858169556, 0.5921796709299088, 0.5820425599813461, 0.5742577463388443, 0.5653737336397171, 0.5571820288896561, 0.5505510568618774, 0.5395942404866219, 0.5393129587173462, 0.5326772630214691, 0.5268319323658943, 0.5279497802257538, 0.5282881110906601, 0.5265543609857559, 0.5264555141329765, 0.5192812904715538, 0.5139574781060219, 0.5199509486556053, 0.5099415853619576, 0.514177218079567, 0.5134339556097984, 0.5136442482471466, 0.5109795704483986, 0.5095848366618156, 0.5073161125183105, 0.5058258548378944, 0.504973441362381, 0.49988529831171036, 0.5016906559467316, 0.5024511888623238, 0.5039768218994141, 0.504296787083149, 0.4982379302382469, 0.4997405335307121, 0.49990878254175186, 0.49398820102214813, 0.49890848249197006, 0.4977678656578064, 0.4997277781367302, 0.5011409968137741, 0.49704521894454956, 0.49891477078199387, 0.5034888684749603, 0.4977530613541603, 0.4997623413801193, 0.4972282126545906]}