{"best_val": 0.4614214152097702, "train_loss": [0.7282437549697028, 0.6981822881433699, 0.6716114746199714, 0.6422423389222887, 0.614572654167811, 0.5876433617538876, 0.5634689993328519, 0.5436741411685944, 0.5280479656325446, 0.5216142551766502, 0.5113238311476178, 0.5067574497726228, 0.5033215665154986, 0.5009284251266055, 0.4967648850546943, 0.4969081911775801, 0.493723784883817, 0.49719300369421643, 0.4927391591999266, 0.49236970643202466, 0.4917536477247874, 0.4942924562427733, 0.4904034220510059, 0.4901609834697511, 0.4886903597248925, 0.4880700508753459, 0.4861619555287891, 0.48604899313714767, 0.4840274287594689, 0.4860990477932824, 0.48775019082758164, 0.48536669214566547, 0.48850272430313957, 0.48382483919461566, 0.48441000282764435, 0.48509864343537223, 0.48100901477866703, 0.48251962661743164, 0.48337437874741024, 0.4817182570695877, 0.4800364739365048, 0.4811798450019624, 0.47923720048533547, 0.4790080438057582, 0.47847424778673386, 0.47988422711690265, 0.4790918346908357, 0.4787991527054045, 0.4808434165186352, 0.4799223310417599, 0.4770651360352834], "val_loss": [0.7052855938673019, 0.6784415543079376, 0.6490543782711029, 0.6223916411399841, 0.5941362380981445, 0.5687791854143143, 0.5449825525283813, 0.5320311039686203, 0.5213747397065163, 0.5081220865249634, 0.5031902939081192, 0.4985215738415718, 0.4922669678926468, 0.4954530596733093, 0.49193909019231796, 0.48846858739852905, 0.48966529220342636, 0.48060236126184464, 0.4796391800045967, 0.47287821024656296, 0.47525693476200104, 0.4739355370402336, 0.47899072617292404, 0.474980928003788, 0.4746052175760269, 0.47161225974559784, 0.4733722060918808, 0.4694472774863243, 0.47471368312835693, 0.47412653267383575, 0.4763328731060028, 0.4691784009337425, 0.4730265513062477, 0.4672134295105934, 0.46736473590135574, 0.4667515233159065, 0.46348070353269577, 0.47376948595046997, 0.4737592712044716, 0.4646885171532631, 0.4614214152097702, 0.46298734843730927, 0.4668494537472725, 0.46956758201122284, 0.46668799221515656, 0.46975379437208176, 0.4636549651622772, 0.46652302891016006, 0.4636020138859749, 0.4654659405350685, 0.4683816507458687]}