{"best_val": 0.4690318703651428, "train_loss": [0.7523359821902381, 0.6886334121227264, 0.6376443836424086, 0.5949381623003218, 0.5701741029818853, 0.5544047256310781, 0.544050951798757, 0.5369852499829398, 0.5334246539407306, 0.5275607522990968, 0.5268100665675269, 0.5231805427206887, 0.5212711807754304, 0.5188761932982339, 0.5187984688414468, 0.5152151137590408, 0.5132744958003362, 0.512906551361084, 0.5107540504799949, 0.5088977764050165, 0.5068775051169925, 0.5075879991054535, 0.5114681671063105, 0.5036305454042223, 0.50396937959724, 0.5038249095280966, 0.505659936202897, 0.5025075442261167, 0.5034401698244942, 0.5043551160229577, 0.5003083447615305, 0.50471992790699, 0.5001013775666555, 0.5003368837965859, 0.5003124988741345, 0.5014409555329217, 0.4970438281695048, 0.4986974596977234, 0.4990076753828261, 0.49815640681319767, 0.5001571178436279, 0.49768171707789105, 0.4984094732337528, 0.49644697540336186, 0.49424287842379677, 0.5000594357649485], "val_loss": [0.6916472017765045, 0.6368971616029739, 0.5781547129154205, 0.5347406566143036, 0.5171563625335693, 0.5066808313131332, 0.5065422058105469, 0.4987497553229332, 0.498327799141407, 0.49289875477552414, 0.4941583052277565, 0.491166889667511, 0.4881729781627655, 0.4893977493047714, 0.48817478120326996, 0.48840058594942093, 0.4836059734225273, 0.48768819123506546, 0.4801340103149414, 0.48534107953310013, 0.4819664880633354, 0.4842756688594818, 0.48057713359594345, 0.47585348784923553, 0.47608189284801483, 0.47691982239484787, 0.4805120602250099, 0.4774511829018593, 0.47785840183496475, 0.4758201614022255, 0.4775802120566368, 0.47422780096530914, 0.4762236922979355, 0.4739273935556412, 0.47936056554317474, 0.4690318703651428, 0.4718733951449394, 0.4725603088736534, 0.47314172238111496, 0.4734504744410515, 0.4695669636130333, 0.4766319841146469, 0.47107359021902084, 0.4730495437979698, 0.469604030251503, 0.4805903136730194]}