{"best_val": 0.46244438737630844, "train_loss": [0.6780524452527364, 0.6558884978294373, 0.631456153260337, 0.6003779106669955, 0.5739780167738596, 0.5560873879326714, 0.5386892474359937, 0.532343895898925, 0.5263589719931284, 0.5179477764500512, 0.5152752614683576, 0.5116468237506019, 0.5063197728660371, 0.5047982997364469, 0.5073363367054198, 0.5058917303880056, 0.5035038441419601, 0.49728218879964614, 0.49590208464198643, 0.4979654550552368, 0.4967851969930861, 0.4965429769621955, 0.49787578648991054, 0.49433233671718174, 0.49475907782713574, 0.4912728402349684, 0.48998744785785675, 0.4901140448119905, 0.4900962743494246, 0.4877704150146908, 0.4891190462642246, 0.4875642988416884, 0.48840097420745426, 0.4886631816625595, 0.4870167159371906, 0.4868628713819716, 0.4863057881593704, 0.4809948702653249, 0.48156270384788513, 0.4812332871887419], "val_loss": [0.6552857905626297, 0.6289785206317902, 0.5943194329738617, 0.5629975348711014, 0.5343303605914116, 0.5082932263612747, 0.5005702748894691, 0.4922464042901993, 0.49336400628089905, 0.4844292625784874, 0.47611550241708755, 0.4791945368051529, 0.4791644215583801, 0.4746379181742668, 0.475640170276165, 0.47593505680561066, 0.470958836376667, 0.4705960154533386, 0.47521501034498215, 0.4683145359158516, 0.46611907333135605, 0.4697086811065674, 0.4694688245654106, 0.4699258953332901, 0.4689480662345886, 0.4671161100268364, 0.4721417799592018, 0.4678339287638664, 0.463337779045105, 0.46244438737630844, 0.465986929833889, 0.46670372039079666, 0.47334572672843933, 0.46801480650901794, 0.47032251209020615, 0.46917354315519333, 0.4732160344719887, 0.46665751934051514, 0.4658081382513046, 0.4688192307949066]}