{"best_val": 0.5306448414921761, "train_loss": [0.6351563533147176, 0.6339738070964813, 0.6318304505613115, 0.630682004822625, 0.628831105099784, 0.6271041797267066, 0.6252899633513557, 0.6232334971427917, 0.6217606829272376, 0.6192483935091231, 0.61750438147121, 0.6164008378982544, 0.6148651109801399, 0.6111158066325717, 0.6099690563148923, 0.6081340379185147, 0.6054995920923021, 0.6025839646657308, 0.6005797286828359, 0.5985821684201559, 0.5960773527622223, 0.5935024950239394, 0.5909189714325799, 0.5877659320831299, 0.5850954618718889, 0.582343621386422, 0.5793342590332031, 0.5778917537795173, 0.5725706020991007, 0.569314761294259, 0.5658798714478811, 0.5634185042646196, 0.5596755776140425, 0.5561678442690108, 0.5516629897885852, 0.5522052182091607, 0.5469910469320085, 0.5427980356746249, 0.5401365773545371, 0.5379147976636887, 0.5360131760438284, 0.5334632827175988, 0.5316816998852624, 0.529939654800627, 0.5266382015413709, 0.5239538980854882, 0.5212666011518903, 0.5229534457127253, 0.5191909654272927, 0.5169123692644967, 0.5163370271523794, 0.5142096529404322, 0.5138974272542529, 0.5121350387732188, 0.5098756617969937, 0.5092687391572528, 0.5053378724389606, 0.5066988915205002, 0.5095595005485747, 0.505303818318579, 0.5030262784825431, 0.504769523938497, 0.5082857956488928, 0.5035832309060626, 0.5055277281337314, 0.5056988298892975, 0.49888777401712203, 0.5032947444253497, 0.5015442338254716, 0.5001207888126373, 0.4952840556701024, 0.49800781740082634, 0.496980768111017, 0.500763561990526, 0.5007335957553651, 0.49555811285972595, 0.4956089175409741, 0.4959266467226876, 0.49755804902977413, 0.4928034510877397, 0.4913344085216522, 0.4914044274224175, 0.4918295393387477, 0.49340559045473736, 0.49468160172303516, 0.49174988600942826, 0.48978229032622445, 0.48880109190940857, 0.49164553814464146], "val_loss": [0.6420281827449799, 0.6403730809688568, 0.6396471709012985, 0.6384584456682205, 0.6364506930112839, 0.6329629868268967, 0.6336069703102112, 0.6317447274923325, 0.6297899037599564, 0.6290378123521805, 0.6274091452360153, 0.6243413388729095, 0.6220570653676987, 0.6211342960596085, 0.6190894842147827, 0.6160576194524765, 0.6161662489175797, 0.6155910193920135, 0.6118105202913284, 0.6113850772380829, 0.609665110707283, 0.605347067117691, 0.6035073399543762, 0.5985783040523529, 0.6012664884328842, 0.5957822799682617, 0.5997510403394699, 0.5923019200563431, 0.5894438028335571, 0.5869056284427643, 0.5861423462629318, 0.5849103182554245, 0.5821869671344757, 0.5760301053524017, 0.573937863111496, 0.5731755942106247, 0.5680125802755356, 0.5716975331306458, 0.5656838864088058, 0.563855916261673, 0.5613612085580826, 0.561152771115303, 0.5548807382583618, 0.5618810802698135, 0.5559433698654175, 0.5571203678846359, 0.554621085524559, 0.5523810833692551, 0.5474500954151154, 0.5546787977218628, 0.5484998375177383, 0.5504894033074379, 0.5481889247894287, 0.5464791655540466, 0.5432068854570389, 0.5445706397294998, 0.5434473156929016, 0.542324036359787, 0.5442854166030884, 0.5369568318128586, 0.5427492707967758, 0.5424942076206207, 0.545505091547966, 0.5408698916435242, 0.53974249958992, 0.5446978062391281, 0.5413172394037247, 0.5392030775547028, 0.533582054078579, 0.5395356193184853, 0.5427891984581947, 0.5355321615934372, 0.5387656539678574, 0.5436183959245682, 0.5384542942047119, 0.5343100726604462, 0.5346916988492012, 0.5366463363170624, 0.5306448414921761, 0.542368121445179, 0.5368353128433228, 0.5374070927500725, 0.5374886691570282, 0.5357584953308105, 0.5317122787237167, 0.5415358692407608, 0.5328408777713776, 0.5339645147323608, 0.5370979681611061]}