{"best_val": 0.5125340446829796, "train_loss": [0.8065877821710374, 0.8022072381443448, 0.7977324393060472, 0.7940323518382179, 0.7889047761758169, 0.7848377956284417, 0.7815894285837809, 0.7777540451950498, 0.7739573121070862, 0.7707943717638651, 0.7670613394843208, 0.762996902068456, 0.7595514390203688, 0.7563105755382113, 0.7528611752721999, 0.7493784990575578, 0.7451535728242662, 0.7423373162746429, 0.7386497987641228, 0.7350303298897214, 0.7308183312416077, 0.7268867095311483, 0.7229861782656776, 0.7189246250523461, 0.7146494289239248, 0.7103417416413625, 0.7055919037924873, 0.7002425392468771, 0.6947867837217119, 0.6889848344855838, 0.6828455858760409, 0.6762471629513634, 0.669299989938736, 0.6628107262982262, 0.6552682386504279, 0.6482282181580862, 0.6414444843928019, 0.6342946688334147, 0.6269158522288004, 0.6211345891157786, 0.6141015456782447, 0.6075643102327982, 0.6020663579305013, 0.5961161785655551, 0.5902082390255399, 0.5838363700442843, 0.579754865831799, 0.5731729136572944, 0.5681944721274905, 0.5626600815190209, 0.5582137140962813, 0.5541710224416521, 0.5496888723638322, 0.545734370748202, 0.5430349492364459, 0.5398366467820274, 0.5359642919566896, 0.5313030050860511, 0.5312753534979291, 0.5260923388931487, 0.5234203156497743, 0.521907177236345, 0.520344023903211, 0.5179404069979986, 0.5124395936727524, 0.5114635527133942, 0.5099538167317709, 0.5068870352374183, 0.5050732592741648, 0.5032800916168425, 0.49997943970892167, 0.4993029004997677, 0.4969079660044776, 0.4978328976366255, 0.4958011209964752, 0.49164892070823246, 0.49108246631092495, 0.49280964500374264, 0.491015268696679, 0.4874114708767997, 0.48805683851242065, 0.4842449360423618, 0.48560899164941573, 0.48297887047131854, 0.48282188011540306, 0.4800943368011051, 0.4786652856402927, 0.47650858097606236, 0.47801603542433846], "val_loss": [0.7963890135288239, 0.792653501033783, 0.7877983748912811, 0.7851641923189163, 0.781750038266182, 0.7778164446353912, 0.7737298458814621, 0.7703188061714172, 0.7671491801738739, 0.7623940259218216, 0.7610377669334412, 0.7577863186597824, 0.7542771250009537, 0.751089945435524, 0.7468895316123962, 0.7441467940807343, 0.7414332330226898, 0.7377954870462418, 0.7343613058328629, 0.7306704819202423, 0.7268518656492233, 0.7231242656707764, 0.7197444885969162, 0.7158090025186539, 0.7121547609567642, 0.7082040458917618, 0.7034691125154495, 0.6985833048820496, 0.6932770758867264, 0.688293993473053, 0.6823444068431854, 0.6758164018392563, 0.6697496026754379, 0.6635168343782425, 0.6567828804254532, 0.6500003635883331, 0.6442211270332336, 0.6386616080999374, 0.6320125311613083, 0.6258675754070282, 0.6219006478786469, 0.6150491535663605, 0.6091741919517517, 0.6036334484815598, 0.6005573868751526, 0.593384176492691, 0.5871094316244125, 0.5859179943799973, 0.5789817124605179, 0.5723046213388443, 0.5706033706665039, 0.5678384155035019, 0.5614661276340485, 0.5641816556453705, 0.5569931417703629, 0.5550115406513214, 0.5517182499170303, 0.5508967339992523, 0.5518341138958931, 0.5471706688404083, 0.5370984524488449, 0.54295314848423, 0.5462855100631714, 0.5396254286170006, 0.5376269817352295, 0.5385564342141151, 0.5396184474229813, 0.5285541042685509, 0.5286741405725479, 0.5291185826063156, 0.5374842286109924, 0.5255065932869911, 0.5315333604812622, 0.5308499932289124, 0.5178001150488853, 0.5264748185873032, 0.5227077007293701, 0.5195266455411911, 0.5125340446829796, 0.5159188136458397, 0.5175860747694969, 0.5213748216629028, 0.5188320726156235, 0.5199808701872826, 0.5200170874595642, 0.5197059512138367, 0.5195780918002129, 0.5194622725248337, 0.5160092040896416]}