{"best_val": 0.48457974940538406, "train_loss": [0.7168766558170319, 0.6940178904268477, 0.6660465962356992, 0.6344640155633291, 0.602699425485399, 0.5829497112168206, 0.5661507844924927, 0.5586999257405599, 0.5472338000933329, 0.5428965869877074, 0.5369503762986925, 0.5323115388552347, 0.5325137674808502, 0.5255822688341141, 0.5241202480263181, 0.5203704684972763, 0.5210699323150847, 0.5147924373547236, 0.5153125441736646, 0.5108130243089464, 0.5093344317542182, 0.5080810685952505, 0.501709403263198, 0.5014323029253218, 0.49899717171986896, 0.4942100230190489, 0.490781737698449, 0.49074691865179276, 0.4906142188443078, 0.48977097372214, 0.4851980424589581, 0.48496392534838784, 0.4884848776790831, 0.4810259739557902, 0.47997024324205184, 0.4783976359499825, 0.4801318413681454, 0.4793090406391356, 0.47777492304642993, 0.47820785972807145, 0.4758677019013299, 0.4793934573729833, 0.4745001925362481, 0.47460586991575027, 0.47263870471053654, 0.47470354868306053, 0.4760638392633862, 0.47184684375921887, 0.47023293872674304, 0.4743133352862464, 0.4726632667912377, 0.4716294589969847, 0.4707094513707691, 0.4703683786922031, 0.4669974231057697, 0.46799466013908386, 0.4683229708009296, 0.4684169938166936, 0.46821292572551304, 0.4673703047964308, 0.46919164558251697, 0.4673922492398156, 0.46907611687978107, 0.4701000269916322, 0.4656626085440318, 0.4686700486474567, 0.4673810948928197, 0.46559688614474404, 0.4665033370256424, 0.4647397730085585, 0.46793126397662693, 0.46421071390310925, 0.46338370276821983, 0.4639281498061286, 0.463740951485104], "val_loss": [0.6246416717767715, 0.6138481944799423, 0.5992067009210587, 0.5830622762441635, 0.5668442100286484, 0.5589527785778046, 0.5510813146829605, 0.5379892289638519, 0.5318038985133171, 0.5253565758466721, 0.5213050171732903, 0.520320288836956, 0.5146278440952301, 0.5190630629658699, 0.5185577571392059, 0.5134583190083504, 0.5139640346169472, 0.5131786540150642, 0.5161939561367035, 0.5086694061756134, 0.5132787376642227, 0.5099105015397072, 0.5128740891814232, 0.5087108388543129, 0.5048480182886124, 0.5002585723996162, 0.5011211857199669, 0.5015363767743111, 0.49729351699352264, 0.4956924244761467, 0.5032905340194702, 0.49738451838493347, 0.4969724491238594, 0.49319911003112793, 0.4943022131919861, 0.49582338333129883, 0.4969266206026077, 0.4903450235724449, 0.4929003193974495, 0.488831527531147, 0.4946467652916908, 0.48879075795412064, 0.49474839866161346, 0.49191179126501083, 0.49078428000211716, 0.4972156062722206, 0.49100954830646515, 0.48888881504535675, 0.49883905053138733, 0.48901931941509247, 0.4899611100554466, 0.4878952354192734, 0.48869509994983673, 0.4913075417280197, 0.49164364486932755, 0.48491320759058, 0.48868566006422043, 0.4907493218779564, 0.49006565660238266, 0.4919498786330223, 0.49009744077920914, 0.487971194088459, 0.48873210698366165, 0.49135445058345795, 0.48457974940538406, 0.49141815304756165, 0.4956524148583412, 0.492616206407547, 0.48818376660346985, 0.48876572400331497, 0.4896986559033394, 0.492332823574543, 0.4944023862481117, 0.4882878139615059, 0.48854049295186996]}