{"best_val": 0.46888455748558044, "train_loss": [0.6772378749317594, 0.6494362155596415, 0.6232419576909807, 0.5942946275075277, 0.5620374745792813, 0.5382779240608215, 0.5209892259703742, 0.5121577945020463, 0.50411400033368, 0.4978921165068944, 0.49469536874029374, 0.49342286586761475, 0.4904521173901028, 0.4885207828548219, 0.4882014724943373, 0.48736142615477246, 0.4828526857826445, 0.48120878471268547, 0.4791162394815021, 0.48128677904605865, 0.4784300360414717, 0.47528786957263947, 0.4794055124123891, 0.4769551042053435, 0.4766204208135605, 0.47489714953634476, 0.4745989160405265, 0.4720878005027771, 0.4724096738629871, 0.47266128493679893, 0.47358396814929116, 0.4698881142669254, 0.4698783606290817, 0.4701872236198849, 0.4663432190815608, 0.4677119486861759, 0.4671175330877304, 0.4686208830939399], "val_loss": [0.652178019285202, 0.626752644777298, 0.5987051278352737, 0.5721458196640015, 0.5443306714296341, 0.5269753336906433, 0.5127297416329384, 0.5031189396977425, 0.4984241649508476, 0.4976951405405998, 0.4945683553814888, 0.48684653639793396, 0.48427334427833557, 0.4829018712043762, 0.48252998292446136, 0.4763108119368553, 0.4778969883918762, 0.4808415547013283, 0.4772517755627632, 0.4710743725299835, 0.4697224348783493, 0.4738917872309685, 0.4773689806461334, 0.472858190536499, 0.4762031137943268, 0.47510070353746414, 0.4720255061984062, 0.46888455748558044, 0.47555430978536606, 0.4741724506020546, 0.4738907963037491, 0.47131845355033875, 0.47097496688365936, 0.4730941355228424, 0.47538281977176666, 0.4711552709341049, 0.4742976650595665, 0.47289806604385376]}