{"best_val": 0.45397549867630005, "train_loss": [0.7039310269885592, 0.6846740312046475, 0.6649236910872989, 0.639797674285041, 0.6108207272158729, 0.5784851246409946, 0.5514334241549174, 0.5297008603811264, 0.5201767202880647, 0.5083979765574137, 0.5085367146465514, 0.5021863414181603, 0.49742129776212907, 0.4948124570979012, 0.493532281782892, 0.4907554934422175, 0.4903060065375434, 0.48862633605798084, 0.4899932344754537, 0.48681746588812935, 0.4853443106015523, 0.4852064682377709, 0.48298387229442596, 0.481787340508567, 0.4858900242381626, 0.48335031668345135, 0.48244123491976, 0.48047452833917403, 0.4777618630064858, 0.48014754222499, 0.4758935852183236, 0.47817088001304203, 0.47813530762990314, 0.47722766796747845, 0.48165878653526306, 0.4752194235722224, 0.4795784105857213, 0.4781094408697552, 0.4750348627567291, 0.47873621682326, 0.47576716707812416, 0.47258831560611725, 0.47490450739860535, 0.4729599075184928, 0.47183908853265977, 0.4721152385075887], "val_loss": [0.6945445984601974, 0.6781001091003418, 0.6525934338569641, 0.6242206543684006, 0.5946350246667862, 0.5656026601791382, 0.5404605641961098, 0.5225511938333511, 0.5162194594740868, 0.5060044452548027, 0.49551670998334885, 0.4880301281809807, 0.49015654623508453, 0.4822007641196251, 0.4825357124209404, 0.47060903906822205, 0.47472284734249115, 0.47900962829589844, 0.4734634608030319, 0.4703422114253044, 0.47247879207134247, 0.4702230244874954, 0.466733381152153, 0.4688894897699356, 0.4635078236460686, 0.4655826464295387, 0.4668153449892998, 0.4662150889635086, 0.46491290628910065, 0.46191125363111496, 0.45913607627153397, 0.4620761424303055, 0.4641202837228775, 0.46013008058071136, 0.461230993270874, 0.45397549867630005, 0.46061987429857254, 0.45947857946157455, 0.4650384336709976, 0.46043820679187775, 0.4622633457183838, 0.4615789204835892, 0.45725860446691513, 0.4633646532893181, 0.46031033992767334, 0.46113090962171555]}