{"best_val": 0.4722237288951874, "train_loss": [0.7488246924347348, 0.7343483865261078, 0.7203742431269752, 0.7066998150613573, 0.6934461328718398, 0.6809350219037797, 0.6669232745965322, 0.6537470552656386, 0.6393224961227841, 0.6214638517962562, 0.601145648294025, 0.5810879634486305, 0.5628392067220476, 0.549304735329416, 0.53915350470278, 0.5286784337626563, 0.5194353560606638, 0.5190379487143623, 0.5133883108695348, 0.5107049859232373, 0.5071527262528738, 0.5028137548102273, 0.5013737065924538, 0.49911052154170144, 0.4957895179589589, 0.49267946349249947, 0.49169595374001396, 0.49214855167600846, 0.49072757363319397, 0.4873912019862069, 0.4872676415575875, 0.4883577939536836, 0.48597797089152867, 0.4851450588968065, 0.4851507974995507, 0.48223695324526894, 0.4848256856203079, 0.48483733501699233, 0.48132150371869403, 0.4817396402359009, 0.4820021556483375, 0.477373449338807, 0.48435360855526394, 0.47985507878992295, 0.4794776837031047], "val_loss": [0.7345239520072937, 0.7204293608665466, 0.7079336494207382, 0.6955227702856064, 0.68315789103508, 0.6688703000545502, 0.6563763618469238, 0.6379440426826477, 0.6242284774780273, 0.6024533808231354, 0.5816455632448196, 0.5653200447559357, 0.5442950874567032, 0.5380686521530151, 0.522403821349144, 0.5136333853006363, 0.5076009556651115, 0.502483032643795, 0.5027627646923065, 0.49528806656599045, 0.4928692728281021, 0.4905536323785782, 0.49303971976041794, 0.48593807965517044, 0.4888624921441078, 0.4867089241743088, 0.486535482108593, 0.48033344000577927, 0.48200898617506027, 0.4826927036046982, 0.4755943641066551, 0.4780934154987335, 0.47767776995897293, 0.482258103787899, 0.4722237288951874, 0.48108935356140137, 0.47672537714242935, 0.4814870059490204, 0.4771752953529358, 0.4741530418395996, 0.476126030087471, 0.4745330810546875, 0.47556526213884354, 0.47576579451560974, 0.4755425378680229]}