{"best_val": 0.48957905173301697, "train_loss": [0.733916891945733, 0.7042353649934133, 0.673579196135203, 0.6436397333939871, 0.6128958629237281, 0.5850331783294678, 0.5630485117435455, 0.5471235480573442, 0.5384476863675647, 0.5286588139004178, 0.52407296664185, 0.5196302483479182, 0.5144158138169183, 0.5114277352889379, 0.510936384399732, 0.5075852870941162, 0.5099935945537355, 0.5052809947066836, 0.50702379975054, 0.5012998332579931, 0.49971209632025826, 0.4992841449048784, 0.4990659985277388, 0.49646860029962325, 0.4971500055657493, 0.49785560369491577, 0.4956183003054725, 0.49377065069145626, 0.4923122740454144, 0.49238216049141353, 0.49072546429104275, 0.48925723632176715, 0.4892054282956653, 0.49050041867627037, 0.4914616760280397, 0.48805318938361275, 0.49087586502234143, 0.4885144316487842, 0.4872058464421166, 0.48601333962546456, 0.4889959560500251, 0.4855375670724445, 0.4835619346963035, 0.48503805862532723, 0.4876224100589752, 0.48386474947134656, 0.48511935108237797, 0.48459090954727596], "val_loss": [0.6884986013174057, 0.6725243926048279, 0.6504545956850052, 0.6192091554403305, 0.5871355384588242, 0.5652216672897339, 0.5469595193862915, 0.540560893714428, 0.5300541445612907, 0.5229770019650459, 0.5224808976054192, 0.5216863080859184, 0.5153346210718155, 0.516174890100956, 0.5048633739352226, 0.5133461877703667, 0.5067631751298904, 0.5069049522280693, 0.5020764097571373, 0.49999667704105377, 0.5037569627165794, 0.5000244304537773, 0.5054276511073112, 0.5006961673498154, 0.49789024889469147, 0.49683598428964615, 0.4939740300178528, 0.5021985247731209, 0.4992203712463379, 0.49436575919389725, 0.4965630918741226, 0.49484485387802124, 0.4972619041800499, 0.49455612152814865, 0.49430522322654724, 0.49229173362255096, 0.4929667264223099, 0.48957905173301697, 0.49819740653038025, 0.4922959581017494, 0.496307834982872, 0.49636320769786835, 0.4957313761115074, 0.4937957599759102, 0.49008265137672424, 0.4955768659710884, 0.4998609125614166, 0.4912058711051941]}