{"best_val": 0.48250215500593185, "train_loss": [0.6815691557195451, 0.6200185153219435, 0.5660982065730624, 0.5292019098997116, 0.5133080234130224, 0.5035225186083052, 0.49561302695009446, 0.4935748411549462, 0.48763521677917904, 0.4841114713086022, 0.482732774482833, 0.47942082749472725, 0.4777298933929867, 0.47362914350297713, 0.4724211096763611, 0.47237468593650395, 0.47032997343275285, 0.4684607767396503, 0.4687756333086226, 0.47032629284593797, 0.4675259060329861, 0.4682706577910317, 0.4629935572544734, 0.4651469323370192, 0.4646776467561722, 0.46399109231101143, 0.4592601392004225, 0.46117672324180603, 0.4618600441349877, 0.46196762058469987], "val_loss": [0.6421684175729752, 0.5964009910821915, 0.5606745481491089, 0.5484214127063751, 0.535223938524723, 0.5231736823916435, 0.5170128419995308, 0.5141019523143768, 0.50957141071558, 0.49930740147829056, 0.5071165934205055, 0.49662071466445923, 0.49786143004894257, 0.4931170493364334, 0.48452742397785187, 0.4930170103907585, 0.48886188864707947, 0.49561643600463867, 0.48981741070747375, 0.48250215500593185, 0.49351629614830017, 0.48531340062618256, 0.4840799644589424, 0.4854663833975792, 0.4869098365306854, 0.4858889654278755, 0.4840000495314598, 0.4838930517435074, 0.48449260741472244, 0.4893651157617569]}