{"best_val": 0.4254653751850128, "train_loss": [0.7239097654819489, 0.6978984839386411, 0.6683361894554563, 0.6354135539796617, 0.5973528226216634, 0.5623172091113197, 0.5397323138184018, 0.5242787400881449, 0.5130001952250799, 0.5065093321932687, 0.49870751798152924, 0.49510160585244495, 0.4920222842031055, 0.4895458519458771, 0.48913750383589005, 0.48653309875064427, 0.4836299071709315, 0.48523571921719444, 0.4831928180323707, 0.48039332032203674, 0.4792748855219947, 0.4799852851364348, 0.4792398727602429, 0.4754410617881351, 0.47273260520564186, 0.47432033717632294, 0.47110793325636124, 0.4737473792499966, 0.47503267725308734, 0.47131192353036666, 0.4686284164587657, 0.46694808039400315, 0.4697761601871914, 0.46377164291010964, 0.46778254707654315, 0.46354928612709045, 0.46541110840108657, 0.46459533439742196, 0.46203552848762935, 0.4620995935466554, 0.46391621728738147, 0.462575086288982, 0.46048059066136676, 0.46220289667447406, 0.45797565744982827, 0.45750807060135734, 0.46006616784466636, 0.4615139596992069, 0.45632561047871906, 0.45447472234567005, 0.4587466898891661, 0.45810092323356205, 0.4567139281166924, 0.4548977149857415, 0.45389092630810207, 0.45358794762028587, 0.45658399330245125, 0.4543011221620772, 0.453673521677653, 0.4559884054793252, 0.4552510480086009, 0.4540515210893419, 0.45274227526452804, 0.45138030582004124, 0.4491937624083625, 0.4505346119403839, 0.44842669036653304, 0.4486420717504289, 0.45009026262495255, 0.4515995879968007, 0.4512053264511956], "val_loss": [0.708612933754921, 0.6830166578292847, 0.6525057554244995, 0.6178378164768219, 0.5826438069343567, 0.5489662438631058, 0.5216618031263351, 0.5013586804270744, 0.4897363856434822, 0.479278527200222, 0.48378199338912964, 0.47286032885313034, 0.47274862229824066, 0.46634119749069214, 0.466974601149559, 0.4574352875351906, 0.4628298282623291, 0.46122317016124725, 0.46060679852962494, 0.4565216451883316, 0.45843905955553055, 0.44957180321216583, 0.4530253931879997, 0.45655010640621185, 0.4491182416677475, 0.45259976387023926, 0.4477600008249283, 0.4527151361107826, 0.4484338089823723, 0.4466254487633705, 0.4485558569431305, 0.43923167884349823, 0.4380777180194855, 0.44154705852270126, 0.43729521334171295, 0.44016462564468384, 0.44279107451438904, 0.43919602036476135, 0.436850368976593, 0.43781983107328415, 0.43769995868206024, 0.43757394701242447, 0.4354202374815941, 0.44505688548088074, 0.4381679520010948, 0.439792700111866, 0.4387514367699623, 0.4360041320323944, 0.4400903582572937, 0.4351317808032036, 0.4336716830730438, 0.4346446394920349, 0.4303831160068512, 0.43633628636598587, 0.4362303987145424, 0.4328978583216667, 0.4340132027864456, 0.4347224459052086, 0.43377140909433365, 0.43289048969745636, 0.4254653751850128, 0.4301728904247284, 0.4338202103972435, 0.4328607842326164, 0.43185580521821976, 0.43614423274993896, 0.43168143928050995, 0.42580243200063705, 0.43076133728027344, 0.432141050696373, 0.4331834763288498]}