{"best_val": 0.45879770815372467, "train_loss": [0.7329458627435896, 0.6877917779816521, 0.6535377932919396, 0.6255015333493551, 0.6010920604070028, 0.5867274867163764, 0.5750238564279344, 0.563984278175566, 0.5597181800338957, 0.5523996932639016, 0.5513347619109683, 0.5474688112735748, 0.5457226634025574, 0.5420208838250902, 0.5395733399523629, 0.5386695447895262, 0.5373876012033887, 0.5356628563668993, 0.5340151091416677, 0.5321201499965456, 0.5336021665069792, 0.529863629076216, 0.5267654723591275, 0.5255615380075243, 0.5261766927109824, 0.5248393846882714, 0.5247340351343155, 0.521618116233084, 0.5243818942043517, 0.5222431272268295, 0.5166333417097727, 0.5163093242380354, 0.5169140133592818, 0.51802206867271, 0.5159948319196701, 0.5178794463475546, 0.5131374100844065, 0.5163470374213325, 0.5143511659569211, 0.5113162282440398, 0.5129269692632887, 0.5145353178183237, 0.5099107921123505, 0.510423536101977, 0.5108612974484762, 0.5077573342455758, 0.5090392414066527, 0.5062449640697904, 0.5099755856725905, 0.506641204158465, 0.5071408185693953, 0.5026250431934992, 0.506232468618287, 0.5040214343203439, 0.5037987563345168, 0.5055332084496816, 0.5012439125114017, 0.5038413835896386, 0.5030781543917127, 0.5024224751525455, 0.5007380561696159, 0.5030619932545556, 0.5003998329242071, 0.49936556650532615, 0.5010462005933126, 0.49958742492728764, 0.5010921673642265, 0.4974874456723531, 0.4969107343090905, 0.4987087547779083, 0.49620816773838466, 0.4982570740911696, 0.49898284673690796, 0.4987357176012463, 0.4988725913895501, 0.49620597395632005, 0.4974251919322544, 0.49541202518675065, 0.49566683835453457, 0.49504897991816205, 0.4952872196833293, 0.4922418213552899, 0.4970846739080217, 0.49432915780279374, 0.49275166624122196, 0.49319454034169513, 0.4943824377324846, 0.4958580152855979, 0.49326721992757583, 0.49171114961306256, 0.49374716811709934, 0.4921880000167423, 0.49297862417168087, 0.49307557609346175, 0.494523372915056, 0.4916541626056035, 0.489818768368827, 0.491876267724567], "val_loss": [0.6484706252813339, 0.6246446073055267, 0.6076099425554276, 0.5927785933017731, 0.5846794247627258, 0.5689415782690048, 0.5629040002822876, 0.5544627457857132, 0.5480615198612213, 0.5388934686779976, 0.5376552045345306, 0.5363028347492218, 0.5327766537666321, 0.531500793993473, 0.5257058814167976, 0.5314024463295937, 0.5252220183610916, 0.5256010964512825, 0.5262267515063286, 0.5196505337953568, 0.5163968652486801, 0.5287149399518967, 0.5174548402428627, 0.5120606943964958, 0.5114921107888222, 0.5088479816913605, 0.5075448006391525, 0.5060875937342644, 0.4989281967282295, 0.49928274005651474, 0.5007273256778717, 0.5005220547318459, 0.4994135797023773, 0.49963733553886414, 0.4997282028198242, 0.4942348152399063, 0.490917332470417, 0.4927527531981468, 0.48754168301820755, 0.4892769828438759, 0.49325187504291534, 0.48488809168338776, 0.4916675165295601, 0.48768386244773865, 0.49047940969467163, 0.4883635565638542, 0.48701999336481094, 0.48072635382413864, 0.48197348415851593, 0.4895303100347519, 0.4826185405254364, 0.4814681187272072, 0.4854828119277954, 0.48038286715745926, 0.48035039007663727, 0.4807879403233528, 0.4798356592655182, 0.4748748019337654, 0.4738922566175461, 0.4731041416525841, 0.4772292599081993, 0.47736959159374237, 0.478074312210083, 0.4769357740879059, 0.47401978075504303, 0.4740111529827118, 0.47742632776498795, 0.46948152035474777, 0.47196315973997116, 0.4692537412047386, 0.46978338062763214, 0.47397177666425705, 0.4758996069431305, 0.47287001460790634, 0.4659360721707344, 0.46455323696136475, 0.4718444347381592, 0.46728868037462234, 0.4666837751865387, 0.46971599757671356, 0.46669962257146835, 0.4678770750761032, 0.4698280170559883, 0.4698859751224518, 0.4649820923805237, 0.463459350168705, 0.4656175523996353, 0.45879770815372467, 0.46013330668210983, 0.46416638046503067, 0.4647323787212372, 0.46321143209934235, 0.46643610298633575, 0.4597744196653366, 0.4632134810090065, 0.4629121720790863, 0.4630115032196045, 0.46167223900556564]}