{"best_val": 0.4781813248991966, "train_loss": [0.6208599044217004, 0.5937586459848616, 0.5699066983328925, 0.5465296606222788, 0.5260438240236707, 0.5047735439406501, 0.4901746329334047, 0.483148487077819, 0.4727764361434513, 0.4651070303387112, 0.4620324903064304, 0.4611601018243366, 0.45850572486718494, 0.4574236257208718, 0.4578123324447208, 0.4541325751278136, 0.4520239581664403, 0.45031954016950393, 0.4505795141061147, 0.4508325010538101, 0.4492863251103295, 0.44581715100341374, 0.44579148789246875, 0.44326608379681903, 0.44499112996790147, 0.44329381320211625, 0.44351913697189754, 0.4422432432572047, 0.43984415630499524, 0.44233252108097076, 0.4385126282771428, 0.440763458609581, 0.4410000907050239, 0.4416077203220791, 0.4395659565925598, 0.43737924761242336, 0.43802547289265525], "val_loss": [0.6088773161172867, 0.5869011729955673, 0.5666695237159729, 0.5411813259124756, 0.5250458419322968, 0.5212227925658226, 0.5052880942821503, 0.5049872621893883, 0.49466006457805634, 0.4982518330216408, 0.490477092564106, 0.4903421327471733, 0.4852752834558487, 0.48581966757774353, 0.4890868291258812, 0.49313984811306, 0.4893461689352989, 0.4838709682226181, 0.4901299923658371, 0.4876323565840721, 0.4882243052124977, 0.4862492308020592, 0.48953715711832047, 0.4871538504958153, 0.4917808100581169, 0.48927852511405945, 0.4781813248991966, 0.4832431599497795, 0.4882131665945053, 0.48260799795389175, 0.48754172772169113, 0.49496133625507355, 0.4872326925396919, 0.48805736750364304, 0.4884624779224396, 0.4800802543759346, 0.4812120124697685]}