{"best_val": 0.5035543888807297, "train_loss": [0.7511947088771396, 0.7345619433455997, 0.7178896334436204, 0.6983553535408444, 0.6760081317689683, 0.6499338646729788, 0.6186103986369239, 0.5864259401957194, 0.5517516599761115, 0.5254402839475207, 0.5041258152988222, 0.49840764039092594, 0.48643172283967334, 0.482301092810101, 0.4751407818661796, 0.4745098948478699, 0.46924861934449935, 0.4659988731145859, 0.46201619340313804, 0.46313083668549854, 0.46016379694143933, 0.45976919266912675, 0.45454229414463043, 0.4565557870599959, 0.45915845698780483, 0.4527960817019145, 0.45480793052249485, 0.4499912874566184, 0.4517100718286302, 0.44939860701560974, 0.4511655436621772, 0.4499016006787618], "val_loss": [0.7262537628412247, 0.713990792632103, 0.7001891881227493, 0.68324314057827, 0.6648084819316864, 0.6420366317033768, 0.6186347603797913, 0.5931436717510223, 0.5737804621458054, 0.558146744966507, 0.5461542755365372, 0.5341456159949303, 0.5281060636043549, 0.529210202395916, 0.5238827764987946, 0.5196778029203415, 0.5141509100794792, 0.5104859247803688, 0.5062676966190338, 0.5094921588897705, 0.5089983567595482, 0.5035543888807297, 0.5053364783525467, 0.507325641810894, 0.5082626789808273, 0.5069424733519554, 0.5037925839424133, 0.5106149464845657, 0.5084455758333206, 0.5104060545563698, 0.5067315250635147, 0.505251556634903]}