{"best_val": 0.48217128217220306, "train_loss": [0.7183361682626936, 0.7059363457891676, 0.6944858961635165, 0.6828719509972466, 0.6701470050546858, 0.6576934225029416, 0.643217639790641, 0.629596104224523, 0.6122989588313632, 0.5967155794302622, 0.5789986186557345, 0.5625125583675172, 0.5445466952191459, 0.5297964728540845, 0.5207572993304994, 0.5105243275562922, 0.5017867452568479, 0.49774353702863056, 0.492539385954539, 0.48815975421004826, 0.48617789645989734, 0.48418237268924713, 0.4808497660689884, 0.4772748086187575, 0.4765462693240907, 0.4762861612770293, 0.47606172329849666, 0.4754313247071372, 0.47293289171324837, 0.4753689484463798, 0.47122761938307023, 0.4707070175144408, 0.47442809409565395, 0.4689534803231557, 0.4712228510114882, 0.4692758288648393, 0.4727376136514876, 0.46434350808461505, 0.46748442120022243, 0.46568417217996383, 0.4677491668197844, 0.4679795652627945], "val_loss": [0.7173608988523483, 0.7041783183813095, 0.693488597869873, 0.6808875352144241, 0.6675180345773697, 0.6567967236042023, 0.6420449763536453, 0.625270888209343, 0.6113371402025223, 0.5903555601835251, 0.5770644843578339, 0.5627994239330292, 0.5458472818136215, 0.5295417755842209, 0.522801548242569, 0.5150820016860962, 0.501652404665947, 0.5001857057213783, 0.49899549037218094, 0.5032526925206184, 0.49952950328588486, 0.4912634491920471, 0.5031623244285583, 0.4929889217019081, 0.49481842666864395, 0.4919980317354202, 0.4923246055841446, 0.4897935315966606, 0.4939213991165161, 0.4846166968345642, 0.489696241915226, 0.48217128217220306, 0.4874057397246361, 0.4871914014220238, 0.48474792391061783, 0.4838120862841606, 0.4924549385905266, 0.4838172569870949, 0.49799083918333054, 0.48324931412935257, 0.48600536584854126, 0.4881223291158676]}