{"best_val": 0.47113149613142014, "train_loss": [0.6842072440518273, 0.6611427598529391, 0.6346846686469184, 0.6050428847471873, 0.5708429978953468, 0.5419626666439904, 0.5199228442377515, 0.5045984619193606, 0.4881593684355418, 0.48080725305610233, 0.47938786778185105, 0.4792555653386646, 0.4761114567518234, 0.47316428025563556, 0.47332507371902466, 0.47167844076951343, 0.4712297320365906, 0.47087476154168445, 0.46965391933918, 0.46833497451411354, 0.4646686365207036, 0.4652356935871972, 0.4680161360237334, 0.46274296939373016, 0.46546275748146904, 0.4623890800608529, 0.4616023351748784, 0.46000782317585415, 0.4614531248807907, 0.4656518018907971, 0.46190689669715035, 0.46153144041697186, 0.45916128324137795, 0.4608464969529046, 0.4603637473450767, 0.45671423772970837, 0.45876919229825336, 0.45605817437171936, 0.4570191452900569], "val_loss": [0.6671282052993774, 0.644716426730156, 0.6163174211978912, 0.5830131024122238, 0.5516626834869385, 0.5188508480787277, 0.5078572407364845, 0.492680087685585, 0.4862966313958168, 0.48718511313199997, 0.481056846678257, 0.4753514975309372, 0.4818184971809387, 0.4833136349916458, 0.48095013946294785, 0.4892370104789734, 0.48425406217575073, 0.48424866795539856, 0.4784477576613426, 0.4809716120362282, 0.47979428619146347, 0.4752989858388901, 0.48166003078222275, 0.4789435714483261, 0.48243121802806854, 0.4719928503036499, 0.47403935343027115, 0.4771246612071991, 0.47113149613142014, 0.4772270619869232, 0.4741309583187103, 0.47708700597286224, 0.4748770520091057, 0.4721158668398857, 0.4793132096529007, 0.48165420442819595, 0.47507596760988235, 0.4854445606470108, 0.4715772271156311]}