{"best_val": 0.44714485108852386, "train_loss": [0.7310158941480849, 0.7082611819108328, 0.6854575044578977, 0.6547167499860128, 0.612775961558024, 0.5712934301959144, 0.5324927038616605, 0.5076003654135598, 0.4932043453057607, 0.4859427495135201, 0.4794681304030948, 0.4765375488334232, 0.4706905914677514, 0.47005364795525867, 0.4668379740582572, 0.4654783374733395, 0.4630299922492769, 0.4644110898176829, 0.4622788114680184, 0.4627057347032759, 0.46251339217027027, 0.4576891031530168, 0.4585460325082143, 0.4584439628654056, 0.45789431863360935, 0.4578206522597207, 0.4554764148261812, 0.45612241824467975, 0.45765966011418235, 0.4557783239417606, 0.45364562339252895, 0.4507711198594835, 0.45552852087550694, 0.45158776972028947, 0.4523457669549518, 0.4504137916697396, 0.4517450018061532, 0.44970910747845966, 0.4495625164773729, 0.4510520266162025, 0.45168835752540165, 0.44929010172684986, 0.44728535413742065, 0.4479541960689757, 0.44838353329234654, 0.44599371817376876, 0.4449438518948025], "val_loss": [0.7280931770801544, 0.7048864960670471, 0.6816533803939819, 0.6417639255523682, 0.5942190736532211, 0.558242991566658, 0.5247929766774178, 0.5129230096936226, 0.5022891908884048, 0.4903211370110512, 0.48615632206201553, 0.47870130836963654, 0.48216717690229416, 0.48007897287607193, 0.464472733438015, 0.46407413482666016, 0.46998631209135056, 0.47169942408800125, 0.46431703865528107, 0.47114934027194977, 0.46513210237026215, 0.4613366350531578, 0.47256238758563995, 0.46059805154800415, 0.46326014399528503, 0.4684605225920677, 0.4634055271744728, 0.4650251343846321, 0.46261146664619446, 0.4594162404537201, 0.4570213854312897, 0.4584220200777054, 0.4527183026075363, 0.46140481531620026, 0.45661497116088867, 0.4659382477402687, 0.44714485108852386, 0.4565179869532585, 0.453173004090786, 0.45441458374261856, 0.46108924597501755, 0.4574241489171982, 0.4587140828371048, 0.4583030268549919, 0.45277106016874313, 0.45119495689868927, 0.4573560655117035]}