{"best_val": 0.4927638918161392, "train_loss": [0.6694988012313843, 0.6659872796800401, 0.6617670688364241, 0.6576813922988044, 0.6541861494382223, 0.649881147676044, 0.6447993516921997, 0.6402626699871488, 0.6352352102597555, 0.6280284656418694, 0.6219910151428647, 0.6149564021163516, 0.6073590053452386, 0.5995887782838609, 0.5894245306650797, 0.583232237233056, 0.5763728651735518, 0.5684055321746402, 0.5654871463775635, 0.5579741597175598, 0.5534376899401346, 0.5503519508573744, 0.5484968192047543, 0.5451862861712774, 0.5432312621010674, 0.5410864171054628, 0.5399827063083649, 0.5378217399120331, 0.5385266178184085, 0.536723342206743, 0.5358488923973508, 0.5337859524620904, 0.5313932448625565, 0.531852513551712, 0.5336643473969566, 0.5297438270515866, 0.5270609110593796, 0.5280814170837402, 0.5280624743964937, 0.5280193835496902, 0.5262865573167801, 0.5283590902884802, 0.5257865919007195, 0.5249152034521103, 0.5240471214056015, 0.5264770868751738], "val_loss": [0.6645041704177856, 0.6604304164648056, 0.6554535329341888, 0.651574045419693, 0.6465130597352982, 0.6420443058013916, 0.6351598799228668, 0.6294592320919037, 0.6238171458244324, 0.6163277626037598, 0.6077567934989929, 0.6014032065868378, 0.5907703936100006, 0.5814706981182098, 0.570721760392189, 0.5615467131137848, 0.5561782568693161, 0.5444600731134415, 0.5419493466615677, 0.5355450063943863, 0.5301322340965271, 0.5283395946025848, 0.5199785977602005, 0.5152116194367409, 0.5169914588332176, 0.5138107612729073, 0.5091341733932495, 0.514861948788166, 0.5077689066529274, 0.5033162906765938, 0.5023564398288727, 0.4989342540502548, 0.4980757609009743, 0.5058865323662758, 0.49993541091680527, 0.4927638918161392, 0.5098789632320404, 0.4945784881711006, 0.5014836564660072, 0.495688833296299, 0.5053783655166626, 0.49516140669584274, 0.4982016831636429, 0.5032628402113914, 0.49823372811079025, 0.499322272837162]}