{"best_val": 0.5025770291686058, "train_loss": [0.7169112861156464, 0.6896036201053195, 0.658264183335834, 0.6225562989711761, 0.5869060291184319, 0.5627713402112325, 0.5426512045992745, 0.5293469660811954, 0.5221628811624315, 0.5160892622338401, 0.5102290428347058, 0.5079751726653841, 0.5031344294548035, 0.5027307040161557, 0.5039293567339579, 0.5053801023297839, 0.5008298241429858, 0.5005810128317939, 0.4974379390478134, 0.4957271483209398, 0.49528638356261784, 0.4917476872603099, 0.4946125994126002, 0.4937148839235306], "val_loss": [0.70999975502491, 0.6789029985666275, 0.6429992318153381, 0.6017148047685623, 0.5679594278335571, 0.5484806597232819, 0.5340972170233727, 0.5244741588830948, 0.5158647745847702, 0.5099579319357872, 0.5101105943322182, 0.5109259262681007, 0.5093009695410728, 0.5025770291686058, 0.5116222500801086, 0.510439544916153, 0.5082466974854469, 0.5102742612361908, 0.5059332922101021, 0.5113351494073868, 0.504206657409668, 0.5028050765395164, 0.5054106488823891, 0.5066819489002228]}