{"best_val": 0.4721560403704643, "train_loss": [0.7344206240442064, 0.7312335338857439, 0.727769285440445, 0.7241512172751956, 0.7205910384654999, 0.7165874441464742, 0.7129094567563798, 0.7090262406402164, 0.704914884434806, 0.7008167372809516, 0.6963258981704712, 0.6917211446497176, 0.6867551141315036, 0.6816501882341173, 0.67640135023329, 0.6708381705813937, 0.6651673681206174, 0.6593107183774313, 0.6530647675196329, 0.6467959351009793, 0.6394372317526076, 0.6315929392973582, 0.6248121460278829, 0.6168616380956438, 0.6097762021753523, 0.6007142431206174, 0.5935222109158834, 0.5855943063894907, 0.5779786871539222, 0.5725570652219985, 0.5647083752685123, 0.5587080750200484, 0.5524149570200179, 0.5482852061589559, 0.5420875350634257, 0.5374052772919337, 0.5350231263372633, 0.5306871616178088, 0.5276677873399522, 0.5239596747689776, 0.5224793288442824, 0.5191944688558578, 0.5157748377985425, 0.5134925362136629, 0.511942552195655, 0.5099288026491801, 0.50748201376862, 0.5066424757242203, 0.5037620249721739, 0.5052484025557836, 0.49971379505263436, 0.49769903388288284, 0.49650442434681785, 0.4951409697532654, 0.49599960611926186, 0.495860767033365, 0.4920573631922404, 0.49362025327152675, 0.4919979241159227, 0.48828215069240993, 0.48860413167211747, 0.4855397442976634, 0.4876948826842838, 0.484072455101543, 0.4842497971322801, 0.481566834780905, 0.48083649575710297, 0.47941205236646867, 0.4792884753810035, 0.477168728907903, 0.47973818249172634, 0.4773542135953903, 0.4773920906914605, 0.4762248661783006, 0.47440742949644726, 0.4751364009247886, 0.4776956770155165, 0.47464221881495583, 0.47308717171351117, 0.4733603364891476, 0.4728304660982556, 0.4707951049009959, 0.4715124550792906, 0.47181061406930286, 0.4697633551226722, 0.46966912349065143, 0.46715862055619556, 0.4675948636399375, 0.4685579439004262, 0.4668552709950341, 0.4666818959845437, 0.46685410539309186, 0.46911512315273285, 0.4672606786092122, 0.4681299891736772, 0.4687870095173518, 0.4645741283893585], "val_loss": [0.7324842363595963, 0.7280772775411606, 0.725364163517952, 0.7214879840612411, 0.7177258431911469, 0.7140130400657654, 0.7103211879730225, 0.7063683122396469, 0.7023534178733826, 0.6980112791061401, 0.6934584379196167, 0.6887438595294952, 0.6839986741542816, 0.678376317024231, 0.6733048558235168, 0.667274683713913, 0.661732867360115, 0.6561716198921204, 0.6492313593626022, 0.6417645961046219, 0.63674196600914, 0.6295684278011322, 0.6201412677764893, 0.6129235029220581, 0.6047935634851456, 0.5959933549165726, 0.5875075161457062, 0.5820749402046204, 0.5743356198072433, 0.5674853324890137, 0.5599498897790909, 0.5562153160572052, 0.5525036305189133, 0.5403741374611855, 0.5414303094148636, 0.535186231136322, 0.5320030376315117, 0.5276911556720734, 0.5240685194730759, 0.5260763540863991, 0.5341629311442375, 0.5185358077287674, 0.5139350220561028, 0.5178583189845085, 0.5131598338484764, 0.5092951655387878, 0.5060507580637932, 0.5022285655140877, 0.504605233669281, 0.5007295683026314, 0.504790410399437, 0.5009754523634911, 0.4959022104740143, 0.49712659418582916, 0.500480405986309, 0.49500755220651627, 0.49617041647434235, 0.4899303615093231, 0.48890623450279236, 0.48868195712566376, 0.48831096291542053, 0.4907839298248291, 0.4913351461291313, 0.4889431670308113, 0.4871050640940666, 0.4838448390364647, 0.485589936375618, 0.48664022237062454, 0.48713917285203934, 0.4877671152353287, 0.4859258010983467, 0.4880140945315361, 0.49180782586336136, 0.4873443841934204, 0.4836285933852196, 0.4820887967944145, 0.48703519254922867, 0.4814198166131973, 0.4795653074979782, 0.47589603066444397, 0.4809405505657196, 0.4806956648826599, 0.4828983321785927, 0.47572074085474014, 0.47759971767663956, 0.48312395066022873, 0.4721560403704643, 0.47438183426856995, 0.4785855859518051, 0.4730836898088455, 0.47917257249355316, 0.48301636427640915, 0.4766804203391075, 0.4826113134622574, 0.47682148963212967, 0.47863588482141495, 0.47532205283641815]}