{"best_val": 0.48021508008241653, "train_loss": [0.6591109500990974, 0.6503234008948008, 0.6416552596622043, 0.6334781381818984, 0.6248040431075625, 0.6176338096459707, 0.6081792049937778, 0.5989924172560374, 0.5885682768291898, 0.5750275452931722, 0.56256502866745, 0.5490844680203332, 0.5335024495919546, 0.5186616265111499, 0.5101557075977325, 0.49989153444767, 0.49235648413499195, 0.48712141149573857, 0.4842997093995412, 0.47875311805142295, 0.4773065216011471, 0.46983037723435295, 0.4698869172069762, 0.4688962267504798, 0.46728764639960396, 0.4668905023071501, 0.46860940257708233, 0.4659521099593904, 0.4632052679856618, 0.46379269659519196, 0.4640513178375032, 0.46156153248416054, 0.4595108975966771, 0.45983996821774376, 0.4617289255062739, 0.46049948202239144, 0.46018359230624306, 0.45864008532630074, 0.46166714198059505, 0.4606998645597034, 0.45315591825379264, 0.45921789440843797, 0.4585350321398841, 0.45708641078737045, 0.45580972565544975, 0.4560143318441179, 0.4545588427119785, 0.453192843331231, 0.4566022919283973], "val_loss": [0.6616440266370773, 0.6516565531492233, 0.6447446048259735, 0.6382793188095093, 0.6285966783761978, 0.6203440725803375, 0.6133987158536911, 0.602188766002655, 0.5913998186588287, 0.5829862505197525, 0.569079652428627, 0.5533482432365417, 0.5431140959262848, 0.536328598856926, 0.5239261165261269, 0.5147072374820709, 0.5132309794425964, 0.5055905133485794, 0.510662741959095, 0.5005704537034035, 0.49691030383110046, 0.5028283670544624, 0.4968634694814682, 0.4919048994779587, 0.5014379844069481, 0.4954075962305069, 0.49407491832971573, 0.49653079360723495, 0.49916016310453415, 0.49337485432624817, 0.4929385557770729, 0.49445274472236633, 0.4956144243478775, 0.4858969524502754, 0.49430976808071136, 0.5000322684645653, 0.4897187426686287, 0.4907815009355545, 0.48021508008241653, 0.4974013566970825, 0.4925790950655937, 0.49334897100925446, 0.4859676882624626, 0.4900466576218605, 0.4969429224729538, 0.5015112236142159, 0.48795434832572937, 0.4909634068608284, 0.4998946785926819]}