{"best_val": 0.4594012200832367, "train_loss": [0.7321742607487572, 0.7052198714680142, 0.6817841562959883, 0.6630055970615811, 0.6445458200242784, 0.6263649430539873, 0.6132041249010298, 0.5992317762639787, 0.5858776734934913, 0.5757859812842475, 0.5666843818293678, 0.5595310462845696, 0.5502538780371348, 0.5472713609536489, 0.5412351058589088, 0.5391329510344399, 0.5349536389112473, 0.5335467143191231, 0.532023087143898, 0.5316550433635712, 0.5287264419926537, 0.5289993203348584, 0.525963361064593, 0.5250670048925612, 0.5227709031767316, 0.5239823410908381, 0.5224988046619627, 0.5206561502483156, 0.5197382188505597, 0.5221033659246233, 0.516519394185808, 0.5177179078261057, 0.5176669392320845, 0.5170021918084886, 0.5144514722956551, 0.5114247351884842, 0.5165180861949921, 0.5125457478894128, 0.5120754341284434, 0.5112771491209666, 0.5108064081933763, 0.5113932506905662, 0.5084865722391341, 0.5076635016335381, 0.5089814679490196, 0.5082712719837824, 0.5088426189290153, 0.5065718193848928, 0.5062010122670068, 0.5046446919441223, 0.5053732047478358, 0.5027846064832475, 0.5046576741668913, 0.5052487552165985, 0.5024505820539262, 0.5039840307500627, 0.49885192182328963, 0.498162974913915, 0.49920576645268333, 0.4999159342712826, 0.4968683189815945, 0.4982696258359485, 0.49672431250413257, 0.4966808772749371, 0.5001251300175985, 0.5002142820093367, 0.49469417499171364, 0.4973603238662084, 0.49776143829027814, 0.4945883121755388, 0.49286096294720966, 0.49452142748567796, 0.4973120954301622, 0.49215877718395656, 0.49531833165221745, 0.49216197099950576, 0.49332807461420697, 0.49302102459801567, 0.49549533426761627, 0.4933413714170456, 0.4925650374756919, 0.4927726884682973, 0.492262323697408, 0.4926275329457389, 0.49398377868864274, 0.49110696878698135, 0.4926934424373839], "val_loss": [0.7197348177433014, 0.6923897564411163, 0.6679957509040833, 0.6422335207462311, 0.6264853775501251, 0.606911301612854, 0.5901177674531937, 0.5747762620449066, 0.5578397959470749, 0.5454539954662323, 0.5318693667650223, 0.5212052538990974, 0.5138381645083427, 0.5099116638302803, 0.5074413120746613, 0.5042212530970573, 0.4991592764854431, 0.49642254412174225, 0.4935203045606613, 0.496021032333374, 0.5028588846325874, 0.49075814336538315, 0.49037761986255646, 0.4858824163675308, 0.49274055659770966, 0.4897802025079727, 0.48271411657333374, 0.4812183305621147, 0.48610617220401764, 0.4911896139383316, 0.4825576990842819, 0.48941395431756973, 0.482573427259922, 0.4844859316945076, 0.4810427203774452, 0.4776909500360489, 0.4800557419657707, 0.47751887887716293, 0.4815499633550644, 0.47746840864419937, 0.4755227118730545, 0.47624196857213974, 0.4748079180717468, 0.4766625538468361, 0.4740961641073227, 0.4833966791629791, 0.47608600556850433, 0.4750967100262642, 0.47699887305498123, 0.4684813693165779, 0.4730309620499611, 0.4741967096924782, 0.47434718161821365, 0.4726072624325752, 0.4792034476995468, 0.4682212918996811, 0.46871399879455566, 0.46737799048423767, 0.4688725620508194, 0.46989068388938904, 0.4660094305872917, 0.47065867483615875, 0.4663888067007065, 0.46710583567619324, 0.46743253618478775, 0.4693058505654335, 0.47245024889707565, 0.46495363116264343, 0.46823396533727646, 0.4641878232359886, 0.4699515104293823, 0.4654199182987213, 0.46561868488788605, 0.47098153829574585, 0.4688505306839943, 0.46402066200971603, 0.4594012200832367, 0.46966636925935745, 0.4643683284521103, 0.46355607360601425, 0.4631762281060219, 0.46482281386852264, 0.4608532637357712, 0.46697140485048294, 0.4685560241341591, 0.4673169180750847, 0.4634779468178749]}