{"best_val": 0.5053011849522591, "train_loss": [0.6990113390816582, 0.6778236428896586, 0.6615402499834696, 0.6437783042589823, 0.6322003106276194, 0.621189620759752, 0.6076165503925748, 0.5932009948624505, 0.5796949962774912, 0.5646674964163039, 0.5538790225982666, 0.5415339254670672, 0.5314212391773859, 0.5246958467695448, 0.5202219254440732, 0.5160104417138629, 0.5084991918669807, 0.5071107331249449, 0.5030387490987778, 0.5017586052417755, 0.49964220656288993, 0.4980001317130195, 0.49897467924488914, 0.49442917439672684, 0.49439194798469543, 0.49249840444988674, 0.4900010890430874, 0.4870687574148178, 0.48887935446368325, 0.4873380859692891, 0.49054696824815536, 0.48503000868691337, 0.48519964185025954, 0.4800567130247752, 0.4821314513683319, 0.4819345590141084, 0.48294056455294293, 0.4790519227584203, 0.47995465828312767], "val_loss": [0.6477976888418198, 0.6373681873083115, 0.6271512657403946, 0.617410197854042, 0.6087738573551178, 0.5994615405797958, 0.591227263212204, 0.5821487605571747, 0.5701617300510406, 0.558581605553627, 0.547421008348465, 0.5464858636260033, 0.5354120135307312, 0.5303829237818718, 0.5309169068932533, 0.5287659391760826, 0.523465171456337, 0.5179974660277367, 0.5214756280183792, 0.5190905183553696, 0.519083172082901, 0.5214096754789352, 0.5243405476212502, 0.5164976119995117, 0.5131294205784798, 0.515548013150692, 0.5211598798632622, 0.5163308829069138, 0.5053011849522591, 0.5135537087917328, 0.5147100165486336, 0.5136381387710571, 0.5178134515881538, 0.5166736841201782, 0.5142756775021553, 0.5101504027843475, 0.5100501552224159, 0.5124712735414505, 0.505955696105957]}