{"best_val": 0.4726470187306404, "train_loss": [0.6564320425192515, 0.6153359976079729, 0.5686533914672004, 0.5267916371424993, 0.5034717685646481, 0.4883211784892612, 0.48231548567612964, 0.47637280656231773, 0.4733908176422119, 0.47118770082791644, 0.46534283624755013, 0.4632046338584688, 0.46116766499148476, 0.4572149482038286, 0.45999164713753593, 0.45934845010439557, 0.4575210180547502, 0.4545046140750249, 0.45291930105951095, 0.45343783994515735, 0.45138469172848594, 0.45152027739418876, 0.4500095678700341, 0.447925125559171, 0.4516014489862654, 0.4464532766077254, 0.4485299239555995, 0.44440826111369663, 0.4452735036611557, 0.44498664637406665, 0.446055649055375, 0.4412766645352046, 0.4462755537695355, 0.4430079244905048, 0.4391813360982471, 0.43931668003400165, 0.4390980684094959, 0.4401620907915963, 0.4410931252770954, 0.43881747292147744], "val_loss": [0.6357468515634537, 0.595922127366066, 0.5474789142608643, 0.5177561491727829, 0.5099748373031616, 0.49770934879779816, 0.4974664896726608, 0.49683927744627, 0.4929284453392029, 0.49651647359132767, 0.4894934147596359, 0.4863542392849922, 0.4891596958041191, 0.4927886575460434, 0.4908533841371536, 0.4873814284801483, 0.48505933582782745, 0.4851032570004463, 0.49067501723766327, 0.4960268884897232, 0.4876372665166855, 0.48531168699264526, 0.48567813634872437, 0.4802308529615402, 0.4895470440387726, 0.4837597385048866, 0.48610884696245193, 0.48624955862760544, 0.4777843728661537, 0.4726470187306404, 0.482841320335865, 0.483730785548687, 0.4879916161298752, 0.47916803508996964, 0.48674920201301575, 0.49069684743881226, 0.4791582152247429, 0.48526789993047714, 0.48883138597011566, 0.48705925792455673]}