{"best_val": 0.4509604573249817, "train_loss": [0.6486407683955299, 0.6458446847067939, 0.6430094871256087, 0.6399473481708102, 0.6384655502107408, 0.6348303688897027, 0.6325713826550378, 0.6290338138739268, 0.6265596217579312, 0.6231849160459306, 0.6203193763891856, 0.6171526677078671, 0.6134420964452956, 0.607534259557724, 0.605474998553594, 0.6009422772460513, 0.5961901081932915, 0.5936901900503371, 0.5890186660819583, 0.5851132373015085, 0.5801432298289405, 0.5768582158618503, 0.5698880122767555, 0.5680035948753357, 0.5634937816196017, 0.5609220895502303, 0.5568522347344292, 0.5526463505294588, 0.5532671064138412, 0.547948537601365, 0.5440537217590544, 0.5423182348410288, 0.5403443906042311, 0.5369577010472616, 0.5373425599601533, 0.5348067531983057, 0.528155247370402, 0.5307388272550371, 0.5282179647021823, 0.524005694521798, 0.5221439864900377, 0.5213204390472836, 0.5183324068784714, 0.518146812915802, 0.5179336865743002, 0.5167152302132713, 0.5107966976033317, 0.510982483625412, 0.5093994157181846, 0.5070250382026037, 0.5042497283882565, 0.50552755759822, 0.5050668219725291, 0.49952055513858795, 0.4995989849170049, 0.49902403520213234, 0.4961692889531453, 0.49438608354992336, 0.4959128068553077, 0.4931373910771476, 0.4932184964418411, 0.4942518754137887, 0.4933783213297526, 0.4928795364167955, 0.49092069102658165, 0.488890129658911, 0.48882744047376847, 0.49092375569873387, 0.4874987287653817, 0.48836170468065476, 0.48813242879178786, 0.4869464933872223, 0.4894683361053467, 0.48565374977058834, 0.48750147223472595, 0.48707277079423267, 0.48771559529834324, 0.48331071105268264, 0.4864286101526684, 0.48424797256787616, 0.4873050914870368, 0.4832087655862172, 0.48188691006766426, 0.4826686812771691, 0.4872901870144738, 0.48145228293206954, 0.4829394949807061, 0.48366743326187134, 0.48144781755076516, 0.4846176140838199, 0.4850687351491716, 0.4859789378113217, 0.4816378371583091, 0.48174840543005204, 0.47773199611239964, 0.48136531478828853, 0.4792067888710234, 0.48030129902892643, 0.48131540086534286], "val_loss": [0.6506078392267227, 0.6464921981096268, 0.6443705260753632, 0.6412613838911057, 0.6393153816461563, 0.6375904083251953, 0.6329822540283203, 0.6290259212255478, 0.6267029643058777, 0.6229298710823059, 0.6211282312870026, 0.6136568933725357, 0.6137880235910416, 0.610601931810379, 0.6057521849870682, 0.603524923324585, 0.5987773090600967, 0.5943373292684555, 0.5892777740955353, 0.5882222652435303, 0.5827720761299133, 0.5782427191734314, 0.5749002546072006, 0.5663736015558243, 0.570022463798523, 0.5643227398395538, 0.5577092617750168, 0.5567592829465866, 0.5530332326889038, 0.5476782023906708, 0.5449325889348984, 0.541812352836132, 0.54484923183918, 0.5361716002225876, 0.5352654308080673, 0.5310349613428116, 0.5315536707639694, 0.5237726420164108, 0.5207583382725716, 0.5237635746598244, 0.5201768055558205, 0.519735224545002, 0.51288753002882, 0.5160986334085464, 0.5120188370347023, 0.5115852206945419, 0.49782954901456833, 0.4994195029139519, 0.5016279816627502, 0.5002802759408951, 0.49606822431087494, 0.4908442720770836, 0.48996105790138245, 0.490522138774395, 0.48332106322050095, 0.48783812671899796, 0.48322921246290207, 0.4823968932032585, 0.4794556275010109, 0.4816242977976799, 0.47617442160844803, 0.4763811305165291, 0.4761367067694664, 0.4746291860938072, 0.47437309473752975, 0.47420621663331985, 0.47122763842344284, 0.46928488463163376, 0.46518315374851227, 0.4745175167918205, 0.46308035403490067, 0.4674602076411247, 0.46306777000427246, 0.4652683809399605, 0.4589526280760765, 0.4574875608086586, 0.46127235144376755, 0.4639096036553383, 0.45802198350429535, 0.464759036898613, 0.46030180901288986, 0.4624533951282501, 0.4594513699412346, 0.4662940353155136, 0.45210765302181244, 0.4628215581178665, 0.45616645365953445, 0.45311711728572845, 0.4509604573249817, 0.4565908685326576, 0.45675796270370483, 0.45743219554424286, 0.4510836973786354, 0.4595782980322838, 0.45683787763118744, 0.4518367126584053, 0.45677678287029266, 0.4519393593072891, 0.4541342258453369]}