{"best_val": 0.462851382791996, "train_loss": [0.6383189260959625, 0.5911255048380958, 0.544090704785453, 0.5059589462147819, 0.48576322032345665, 0.47416894137859344, 0.46821822226047516, 0.4627009414964252, 0.4600877563158671, 0.45753249691592324, 0.45389270451333785, 0.4539232932858997, 0.4488696621523963, 0.44878693256113267, 0.4488999727699492, 0.4507430013683107, 0.4477515088187324, 0.4464830590618981, 0.4454034037060208, 0.4433712512254715, 0.4424704876210954, 0.4418218235174815, 0.44207050402959186, 0.43992621534400517, 0.4422854532798131, 0.43840477367242175, 0.44194454616970485], "val_loss": [0.6148204803466797, 0.5686245858669281, 0.5233717560768127, 0.4982471615076065, 0.48767857998609543, 0.48197920620441437, 0.483566515147686, 0.4798388406634331, 0.4755549356341362, 0.4779612421989441, 0.4872685596346855, 0.48039253801107407, 0.483788326382637, 0.47671814262866974, 0.46875789016485214, 0.4728696942329407, 0.462851382791996, 0.4688862934708595, 0.47068599611520767, 0.47837337851524353, 0.47239071875810623, 0.4727875366806984, 0.4769134819507599, 0.47021255642175674, 0.47596626728773117, 0.4706632196903229, 0.4747871235013008]}