{"best_val": 0.500073067843914, "train_loss": [0.71613190902604, 0.6909213662147522, 0.6683639387289683, 0.6459699107540978, 0.6227708591355218, 0.598278135061264, 0.5688926113976372, 0.5419045156902738, 0.5214658876260122, 0.5100219233168496, 0.4979870931969749, 0.4946737405326631, 0.48951419028970933, 0.48886217176914215, 0.4837615208493339, 0.4836173885398441, 0.4844594183895323, 0.48281120094988084, 0.48048097060786354, 0.47822702924410504, 0.4780682606829537, 0.47762756380769944, 0.47866836190223694, 0.47776705192195046, 0.4759893665711085, 0.47380228340625763, 0.47507833772235447, 0.4717361993259854, 0.4726973987287945, 0.4721188412772285], "val_loss": [0.6953546702861786, 0.6721191853284836, 0.6499965935945511, 0.6287643611431122, 0.6062023788690567, 0.5832169353961945, 0.5656580924987793, 0.5450309813022614, 0.5338398292660713, 0.5229116678237915, 0.5180608481168747, 0.5144960805773735, 0.5103627443313599, 0.5101102516055107, 0.5092664808034897, 0.511397160589695, 0.5002633854746819, 0.5060155615210533, 0.5020405948162079, 0.500073067843914, 0.5028486624360085, 0.5034642145037651, 0.501556932926178, 0.5090004280209541, 0.5036132335662842, 0.5055030360817909, 0.5005204454064369, 0.5021485090255737, 0.5075237900018692, 0.5020275339484215]}