{"best_val": 0.4670014902949333, "train_loss": [0.7027801904413435, 0.6522375113434262, 0.5995702975326114, 0.547042234076394, 0.5183689809507794, 0.4998932265573078, 0.4956638548109267, 0.4920656118128035, 0.4867331385612488, 0.48392122156090206, 0.48122888969050515, 0.4811113675435384, 0.4799509462383058, 0.47726767592959934, 0.47396854559580487, 0.47307903236813015, 0.47316188448005253, 0.47405267589622074, 0.4705342368947135, 0.4690907779667113, 0.4700310577948888, 0.4686579174465603, 0.4655391292439567, 0.467514274848832, 0.46705839534600574, 0.46402546266714734, 0.46678481499354046, 0.46432603398958844, 0.4648613995975918, 0.4640975230269962, 0.45882251693142784], "val_loss": [0.6771939545869827, 0.625674232840538, 0.5652109980583191, 0.5268394201993942, 0.5008681192994118, 0.49292416125535965, 0.4847406893968582, 0.48204123228788376, 0.48196959495544434, 0.47820132970809937, 0.4787445068359375, 0.479572057723999, 0.473425954580307, 0.4724223166704178, 0.4763866513967514, 0.4766640216112137, 0.47878168523311615, 0.47095175832509995, 0.4751534014940262, 0.46927742660045624, 0.4670014902949333, 0.47550955414772034, 0.4699290320277214, 0.47772230207920074, 0.476404033601284, 0.4734584540128708, 0.47977642714977264, 0.47860533744096756, 0.4733958914875984, 0.4748895540833473, 0.48099467158317566]}