{"best_val": 0.44812188297510147, "train_loss": [0.7075553602642484, 0.6768250862757365, 0.6419998937182956, 0.5965041882461972, 0.5526987115542094, 0.5182431621683968, 0.5046914766232172, 0.4909726050164964, 0.4824897017743852, 0.47613525390625, 0.4742142889234755, 0.475314908557468, 0.46928953958882225, 0.46867304378085667, 0.46884353790018296, 0.46568644212351906, 0.46618269715044236, 0.46531447271505993, 0.4625522543986638, 0.4659293062157101, 0.4614269849326875, 0.4609203487634659, 0.4608192394177119, 0.4633624338441425, 0.4619467672374513, 0.4577031268013848, 0.4575192928314209, 0.45846061574088204, 0.4581166472699907, 0.45713358786371017, 0.4546136756738027, 0.4557491574022505, 0.455082173148791, 0.45588361885812545, 0.45638521015644073, 0.4552230503824022, 0.4500916798909505, 0.4521224879556232, 0.44996949864758384, 0.45048780408170486, 0.44773154622978634, 0.4472690059079064, 0.4480801423390706, 0.44580645362536114, 0.44641080498695374, 0.4451412591669295, 0.44594424962997437, 0.44688475794262356, 0.44504725601938033, 0.44391445484426284, 0.4435716321070989, 0.44366587532891166, 0.43947438564565444, 0.4424160553349389, 0.4422552403476503, 0.43828367193539935, 0.4425217393371794, 0.4422353555758794, 0.44192054371039075, 0.4402557694249683, 0.44085350798236, 0.43876388172308606, 0.438898245493571, 0.4398216919766532], "val_loss": [0.6930590271949768, 0.6624103486537933, 0.6222561895847321, 0.5757070928812027, 0.5405362248420715, 0.5189816579222679, 0.5009693056344986, 0.49299056082963943, 0.48826689273118973, 0.4855114445090294, 0.47680579870939255, 0.47435928881168365, 0.4736190661787987, 0.4708937704563141, 0.4733426719903946, 0.47489267587661743, 0.4718056246638298, 0.46798834949731827, 0.46760834008455276, 0.46597491204738617, 0.4694899022579193, 0.4673621580004692, 0.4627275839447975, 0.46377595514059067, 0.4638749733567238, 0.4639879837632179, 0.46250373870134354, 0.46254584938287735, 0.4596383571624756, 0.4603472426533699, 0.4614962935447693, 0.45607638359069824, 0.45934121310710907, 0.4624321982264519, 0.4625183865427971, 0.4583202078938484, 0.4579830542206764, 0.4538101851940155, 0.45642201602458954, 0.4578665867447853, 0.45843271166086197, 0.4513786807656288, 0.4615311175584793, 0.4607055261731148, 0.452743798494339, 0.45939359068870544, 0.4487007111310959, 0.4527684599161148, 0.4483061954379082, 0.4511670097708702, 0.4554949849843979, 0.4544292911887169, 0.4613876938819885, 0.44812188297510147, 0.4568101689219475, 0.45475518703460693, 0.45265786349773407, 0.4543651416897774, 0.4521786794066429, 0.45521363615989685, 0.4603509455919266, 0.453122615814209, 0.4545401856303215, 0.44968482851982117]}