{"best_val": 0.48484357446432114, "train_loss": [0.7346720331244998, 0.6801199283864763, 0.643261730670929, 0.6088370349672105, 0.5773386922147539, 0.5523083143764072, 0.5316546807686487, 0.521652200155788, 0.5121517678101858, 0.508304700255394, 0.5050429138872359, 0.5046526491641998, 0.4991377211279339, 0.4978046831157472, 0.49441494544347125, 0.49332916405465865, 0.49408696095148724, 0.49424368308650124, 0.48712217973338234, 0.488098391228252, 0.4862495958805084, 0.48404139114750755, 0.4818982713752323, 0.4818965709871716, 0.47866657707426286, 0.4808441317743725, 0.479104350010554, 0.48088302214940387, 0.47578754193252987, 0.47543923556804657, 0.4767535991138882, 0.4773641526699066, 0.4767515824900733, 0.47124353216754067, 0.4734775059752994, 0.4722630133231481, 0.4734822991821501, 0.4716399510701497, 0.4711458534002304, 0.47152066727479297, 0.4710528983010186, 0.4685303767522176, 0.46936103370454574, 0.4681409431828393, 0.46934861110316384, 0.47124385668171775, 0.4667668524715636, 0.4681582699219386, 0.4669037361939748, 0.4682632502582338, 0.46612216035525006, 0.4645920279953215], "val_loss": [0.6776071041822433, 0.6442413181066513, 0.6211604326963425, 0.5976711362600327, 0.5779231041669846, 0.5598699450492859, 0.5529100596904755, 0.5483339428901672, 0.5445813089609146, 0.5369466245174408, 0.5325893759727478, 0.5249422863125801, 0.5337997227907181, 0.5281520262360573, 0.5241017043590546, 0.519829124212265, 0.5249605774879456, 0.5168758183717728, 0.5162295401096344, 0.5121069848537445, 0.506096251308918, 0.507711224257946, 0.5133820325136185, 0.5013206899166107, 0.5088485106825829, 0.5080981999635696, 0.5065163373947144, 0.4998910501599312, 0.4986565634608269, 0.5020186752080917, 0.5020551010966301, 0.496136337518692, 0.49689576029777527, 0.49182789772748947, 0.49262627959251404, 0.4945022761821747, 0.4951806217432022, 0.5002078711986542, 0.4977551996707916, 0.49815332144498825, 0.4917207658290863, 0.48484357446432114, 0.4957460016012192, 0.4920375868678093, 0.49399688094854355, 0.4897419884800911, 0.4907415956258774, 0.49739307910203934, 0.4899998903274536, 0.4884912073612213, 0.48917265981435776, 0.493280790746212]}