{"best_val": 0.506663516163826, "train_loss": [0.7284069756666819, 0.7077434559663137, 0.6889344851175944, 0.6679335402117835, 0.6462117764684889, 0.6261321041319106, 0.606120099623998, 0.5851419998539819, 0.5648588389158249, 0.5472181638081869, 0.5310953060785929, 0.5196713358163834, 0.5133412331342697, 0.5062363959021039, 0.49956585963567096, 0.4960160901149114, 0.4924842847718133, 0.4896020707156923, 0.48662717474831474, 0.4863801797231038, 0.4833212478293313, 0.4855523688925637, 0.48406839701864457, 0.4818774544530445, 0.482104351123174, 0.48107824226220447, 0.4831342250108719, 0.47922402289178634, 0.48218004239930046, 0.47930610014332664, 0.4802952590915892, 0.48053793609142303, 0.4776074290275574, 0.4800307916270362, 0.47598426871829563, 0.4779113084077835, 0.4789084212647544, 0.4765229473511378, 0.47717224558194477, 0.4796496431032817, 0.4759567843543159, 0.4767874826987584, 0.4738076710038715, 0.474101679192649, 0.47264518671565586, 0.4747095439169142, 0.47676149838500553, 0.4743901474608315, 0.4715779655509525, 0.4737600170903736, 0.47348441349135506, 0.4683247572845883, 0.47120596799585557, 0.4711383001671897, 0.4684210800462299, 0.46782731513182324, 0.46786392397350735, 0.4735931009054184, 0.4701983696884579, 0.46859420504834914, 0.4680029898881912, 0.46960312293635476, 0.4663267781337102, 0.4685246662961112, 0.469523709681299, 0.4688811981015735, 0.467508711748653, 0.46677720381153953, 0.46649113959736294, 0.4679195334513982], "val_loss": [0.719175398349762, 0.7008484303951263, 0.684600442647934, 0.6681223064661026, 0.649274468421936, 0.6341221630573273, 0.618061974644661, 0.6025109589099884, 0.5887592434883118, 0.5765031576156616, 0.5633687973022461, 0.555749699473381, 0.5495295375585556, 0.5411163046956062, 0.5346744135022163, 0.5363588631153107, 0.5279498919844627, 0.5315846279263496, 0.5283531993627548, 0.527091309428215, 0.524948813021183, 0.5253433883190155, 0.5274299085140228, 0.5267147049307823, 0.5244207680225372, 0.5255171880126, 0.5257016643881798, 0.5230472832918167, 0.5232771560549736, 0.5277969092130661, 0.5253295749425888, 0.5215322375297546, 0.5150320902466774, 0.5275825336575508, 0.5258730351924896, 0.5280521735548973, 0.5235120430588722, 0.5245252922177315, 0.5225588083267212, 0.5172025188803673, 0.5218677148222923, 0.5222420990467072, 0.5148756131529808, 0.5212489366531372, 0.5179336369037628, 0.5221805199980736, 0.5144909769296646, 0.5183621495962143, 0.5197675079107285, 0.518578551709652, 0.5150278955698013, 0.5180882886052132, 0.5169975012540817, 0.517033688724041, 0.5129686072468758, 0.5197154209017754, 0.5134016573429108, 0.512773372232914, 0.5137970149517059, 0.506663516163826, 0.5172416642308235, 0.5107655078172684, 0.515923373401165, 0.5176585763692856, 0.5162415206432343, 0.5164594128727913, 0.5137578547000885, 0.5113810151815414, 0.5196968242526054, 0.5144825130701065]}