{"best_val": 0.4811584800481796, "train_loss": [0.7079003552595774, 0.7043669488694932, 0.7008723550372653, 0.6977591050995721, 0.6945571270253923, 0.6915231082174513, 0.688474006123013, 0.6854545308483971, 0.6824085017045339, 0.6795266767342886, 0.6763145724932352, 0.6731896433565352, 0.6702439685662588, 0.6674429972966512, 0.6638576024108462, 0.6609445843431685, 0.657108078400294, 0.6538355814086066, 0.6504347191916572, 0.6459120677577125, 0.6434082223309411, 0.6400295992692312, 0.6360301607184939, 0.6319184468852149, 0.627525034877989, 0.6232215132978227, 0.618062264389462, 0.6148634023136563, 0.6094860997464921, 0.6068040761682723, 0.60194331407547, 0.5963665677441491, 0.5915609697500864, 0.5888102650642395, 0.5843029618263245, 0.5805540151066251, 0.5754872428046333, 0.5717379285229577, 0.5668595499462552, 0.5645902785989974, 0.5611303349335989, 0.5580846303039126, 0.5530820720725589, 0.5519497858153449, 0.5473264753818512, 0.5439117948214213, 0.5397693249914381, 0.5400858554575179, 0.5355666395690706, 0.5333471447229385, 0.5309802177879546, 0.5287834919161267, 0.5247244983911514, 0.526043615407414, 0.5226644145117866, 0.5200453748305639, 0.5208825088209577, 0.5182548960049947, 0.5156524595287111, 0.5131508724557029, 0.5116964512401156, 0.5086089786556032, 0.5058622558911642, 0.5066470354795456, 0.5042666991551717, 0.5054601215653949, 0.5023796425925361, 0.5025012294451395, 0.4986814277039634, 0.49736988213327193, 0.4940846645169788, 0.49583986070421004, 0.49484284553262925, 0.4921717842419942, 0.4911061641242769, 0.49157434536351097, 0.4924316174454159, 0.4906923787461387, 0.48950017160839504, 0.4849829011493259, 0.4891899956597222, 0.48861562377876705, 0.4853971368736691, 0.4837120920419693, 0.48505228757858276, 0.4840225577354431, 0.48200814922650653, 0.48261672092808616, 0.48102566930982804, 0.47849225666787887, 0.4781472500827577, 0.47679844829771256, 0.4767081356710858, 0.47821470929516685, 0.47696782151858014, 0.4761366198460261, 0.4764766991138458, 0.475682665904363, 0.47446097433567047, 0.4741592738363478, 0.4742676135566499, 0.47427089015642804, 0.4738735871182548, 0.47535282538996804, 0.4740859501891666, 0.47226804660426247, 0.4701473232772615, 0.4683444731765323, 0.46872442298465306, 0.4721122831106186, 0.4671071552568012, 0.4711445089843538, 0.4701590339342753, 0.4680720120668411], "val_loss": [0.7049092948436737, 0.7014354020357132, 0.6982558965682983, 0.6953809559345245, 0.6924291551113129, 0.6895848959684372, 0.6868501454591751, 0.6841069906949997, 0.6811827272176743, 0.6779097616672516, 0.6751034408807755, 0.6720855832099915, 0.6692833453416824, 0.6661052256822586, 0.6635683625936508, 0.6591719835996628, 0.656562551856041, 0.6532233208417892, 0.6503779590129852, 0.6468154788017273, 0.6432325541973114, 0.6395572572946548, 0.6354301869869232, 0.632522851228714, 0.6273607164621353, 0.6219625920057297, 0.6188323497772217, 0.6125572174787521, 0.6107697039842606, 0.6057385355234146, 0.6009199321269989, 0.5966242104768753, 0.5944375991821289, 0.5882246941328049, 0.5858664959669113, 0.5818834453821182, 0.5770684331655502, 0.5753457546234131, 0.5684731304645538, 0.5623937547206879, 0.5631823986768723, 0.5598933398723602, 0.5575637072324753, 0.5539654195308685, 0.5467971190810204, 0.543916717171669, 0.5449429601430893, 0.5428872108459473, 0.53700140863657, 0.5401325896382332, 0.5361049920320511, 0.5299768149852753, 0.5251436159014702, 0.5261454358696938, 0.5298666730523109, 0.5276548862457275, 0.5245160907506943, 0.5226055234670639, 0.5182011798024178, 0.51753169298172, 0.5143507570028305, 0.5187406092882156, 0.5186314582824707, 0.5082580521702766, 0.5111120641231537, 0.511332243680954, 0.509421817958355, 0.5045628473162651, 0.5074778124690056, 0.5078145414590836, 0.5080873668193817, 0.504145935177803, 0.5078531205654144, 0.5037331655621529, 0.5024724826216698, 0.5025933980941772, 0.5015709027647972, 0.500026561319828, 0.49651797860860825, 0.5047672688961029, 0.49732982367277145, 0.5020711421966553, 0.49440036714076996, 0.4955108091235161, 0.5001907795667648, 0.49148641526699066, 0.4935743436217308, 0.4933217093348503, 0.49083417654037476, 0.49011582881212234, 0.49088384211063385, 0.4889270141720772, 0.4925299510359764, 0.4872203543782234, 0.4874124079942703, 0.4882007911801338, 0.4888017475605011, 0.48565609008073807, 0.4976276233792305, 0.49080396443605423, 0.4852394163608551, 0.48804933577775955, 0.4884788766503334, 0.4811584800481796, 0.48226896673440933, 0.482385091483593, 0.48694102466106415, 0.48607203364372253, 0.485151931643486, 0.4814579710364342, 0.4851710721850395, 0.48174791038036346, 0.48398153483867645, 0.49137917906045914]}