{"best_val": 0.4940028488636017, "train_loss": [0.6600668860806359, 0.6180582245190939, 0.5716988344987234, 0.5358405030435986, 0.5130335224999322, 0.5028330617480807, 0.4964978877041075, 0.4924779385328293, 0.4888336095545027, 0.48679718044069076, 0.4837077690495385, 0.48221831851535374, 0.48292360703150433, 0.48171711299154496, 0.4777420626746284, 0.4776672356658512, 0.47664079235659707, 0.47316036456161076, 0.4718371695942349, 0.47121207416057587, 0.4711653110053804, 0.4702402369843589, 0.4687511573235194], "val_loss": [0.6366760432720184, 0.59652179479599, 0.5552144646644592, 0.5293927192687988, 0.5204187333583832, 0.502588264644146, 0.4956066459417343, 0.5091573223471642, 0.5055094435811043, 0.5008343085646629, 0.5042000189423561, 0.496523380279541, 0.4940028488636017, 0.49733391404151917, 0.4975500553846359, 0.49927836656570435, 0.5007317811250687, 0.5030718892812729, 0.497716523706913, 0.5034987330436707, 0.4969839081168175, 0.5077235028147697, 0.5016480088233948]}