{"best_val": 0.4686801955103874, "train_loss": [0.634049266576767, 0.6210482948356204, 0.608863847123252, 0.5955261952347226, 0.5821496148904165, 0.5676912301116519, 0.5507023185491562, 0.5376943896214167, 0.5251863267686632, 0.5151165028413137, 0.5095382266574435, 0.5073996914757622, 0.5038696097003089, 0.5000815325313144, 0.49548861053254867, 0.49606647590796155, 0.49143922991222805, 0.49197419815593296, 0.4901200880606969, 0.49023356371455723, 0.48705993096033734, 0.48292705251110923, 0.482585158612993, 0.4850938369830449, 0.4827924503220452, 0.48150070508321124, 0.48294828169875675, 0.48104777766598594, 0.47841645446088576, 0.4776384019189411, 0.4785695887274212, 0.47622914281156326, 0.47375449869367814, 0.4755580491489834, 0.47771236134899986, 0.4743650969531801, 0.472890747918023, 0.47202404340108234, 0.47023138735029435, 0.46994245217906105, 0.4751465552382999, 0.4696180158191257, 0.470094222161505, 0.468915570113394, 0.4700618237257004, 0.47110621134440106, 0.4657258424494002, 0.46869996852344936, 0.47034704354074264, 0.46891528367996216, 0.46692924863762325, 0.46791230142116547, 0.470222896999783, 0.46651889714929795, 0.4660022970702913, 0.46387258999877506, 0.46525447567303974], "val_loss": [0.6347960829734802, 0.6217412352561951, 0.6064186096191406, 0.5928579419851303, 0.5779546350240707, 0.5656131953001022, 0.5453661978244781, 0.5327248796820641, 0.5256693810224533, 0.5148515701293945, 0.5088127553462982, 0.5041821822524071, 0.5045278370380402, 0.49426236748695374, 0.4964577928185463, 0.49240394681692123, 0.492814801633358, 0.48830030113458633, 0.4876721203327179, 0.482798807322979, 0.4820048287510872, 0.4806695505976677, 0.4828978180885315, 0.4814298078417778, 0.4818693697452545, 0.485133521258831, 0.4804948568344116, 0.4778517335653305, 0.4761805906891823, 0.48625752329826355, 0.4818813055753708, 0.4737791270017624, 0.4812721684575081, 0.47860900312662125, 0.4755396768450737, 0.4758063554763794, 0.47753598541021347, 0.4849478304386139, 0.4756215438246727, 0.47719425708055496, 0.4784430116415024, 0.47081172466278076, 0.48538704961538315, 0.4785771071910858, 0.4736851081252098, 0.4769155979156494, 0.4686801955103874, 0.47405020147562027, 0.47881729155778885, 0.47740501165390015, 0.4744267836213112, 0.473929226398468, 0.478589192032814, 0.48146360367536545, 0.4817027226090431, 0.4780229330062866, 0.47728580236434937]}