{"best_val": 0.4875888302922249, "train_loss": [0.7298118207189772, 0.7261545956134796, 0.7222514583004845, 0.7183677719699012, 0.7145344250731998, 0.7106545335716672, 0.7062517371442583, 0.7021826373206245, 0.6977283159891764, 0.6929685374101003, 0.6878663500150045, 0.6825427843464745, 0.6767086386680603, 0.6706027024322085, 0.6644582086139255, 0.6580009261767069, 0.6509387890497843, 0.6431877348158095, 0.6360900898774465, 0.6292869448661804, 0.6224472158484988, 0.6157075630293952, 0.6071636941697862, 0.6002577013439603, 0.5927400059170194, 0.5865900549623702, 0.5793304973178439, 0.5755501488844553, 0.5697423385249244, 0.5633696665366491, 0.5593795941935645, 0.5548814932505289, 0.5536264876524607, 0.5484019683467017, 0.5468921926286485, 0.5446536971463097, 0.5422780050171746, 0.5392039004299376, 0.5373475386036767, 0.5332036481963264, 0.5325798408852683, 0.5323187626070447, 0.5276669578419791, 0.526878661579556, 0.5276275624831518, 0.5250547644164827, 0.5246202051639557, 0.5235197825564278, 0.5216308236122131, 0.5196007821294997, 0.5183284978071848, 0.5167824741866853, 0.5154967904090881, 0.5166962958044476, 0.513136605421702, 0.5155193855365118, 0.5135788983768887, 0.5133115748564402, 0.5109969079494476, 0.5067907075087229, 0.5084570563501782, 0.5084285189708074, 0.508428199423684, 0.5051450216107898, 0.5046847148074044, 0.5066084447834227, 0.5022178242603937, 0.500018427769343, 0.5019403166241116, 0.5027671406666437, 0.5014260361591975, 0.5009042041169273, 0.5002507236268785, 0.4992068376806047, 0.500583655304379, 0.5007928477393256, 0.4976502060890198, 0.49803046219878727, 0.49971938133239746, 0.4989284459087584, 0.49734606511063045, 0.4932944145467546, 0.4922879636287689, 0.49769078029526603, 0.4924643685420354, 0.4929453283548355, 0.4935495654741923, 0.494395116964976], "val_loss": [0.7287014573812485, 0.7244443446397781, 0.7204317152500153, 0.7162555605173111, 0.7131318747997284, 0.7085655778646469, 0.7043392360210419, 0.6999506205320358, 0.6952097564935684, 0.6903624534606934, 0.6849049627780914, 0.6796239167451859, 0.6733803898096085, 0.6670980453491211, 0.660566508769989, 0.6536637097597122, 0.647994339466095, 0.6405186057090759, 0.6322629302740097, 0.623699277639389, 0.6165314614772797, 0.6089166700839996, 0.6029366850852966, 0.5959442108869553, 0.5863917768001556, 0.5830308794975281, 0.5751628875732422, 0.5741927772760391, 0.5651699602603912, 0.5623414069414139, 0.5568366795778275, 0.5548744052648544, 0.5474667400121689, 0.5514563918113708, 0.5478301644325256, 0.5418523550033569, 0.5409722924232483, 0.5346745103597641, 0.5361170023679733, 0.532659575343132, 0.5356084257364273, 0.5279781743884087, 0.5306610465049744, 0.5310723781585693, 0.5257887840270996, 0.5284143164753914, 0.5221110135316849, 0.5236993804574013, 0.5229895412921906, 0.5173113569617271, 0.5242829769849777, 0.5134281367063522, 0.5162908807396889, 0.5155270025134087, 0.5167343989014626, 0.5170204043388367, 0.5172645896673203, 0.5160751715302467, 0.509846419095993, 0.5120645985007286, 0.5141430124640465, 0.5083968192338943, 0.5137661620974541, 0.5102698653936386, 0.4988001808524132, 0.5023872256278992, 0.5036331415176392, 0.5070382654666901, 0.5057659894227982, 0.5008785203099251, 0.5055157095193863, 0.5072389021515846, 0.49500722438097, 0.5041958838701248, 0.5005372017621994, 0.49991149455308914, 0.4985312521457672, 0.4875888302922249, 0.5026522055268288, 0.49954771995544434, 0.49734433740377426, 0.5012021437287331, 0.5010453835129738, 0.49263493716716766, 0.5026271268725395, 0.4969225749373436, 0.4951154813170433, 0.4945696145296097]}