{"best_val": 0.47392767667770386, "train_loss": [0.7571098340882195, 0.7307882176505195, 0.7040393650531769, 0.6745869186189439, 0.644902871714698, 0.6111045546001859, 0.5808310012022654, 0.5575069917572869, 0.5359502087036768, 0.52050006058481, 0.5121847258673774, 0.5042954782644907, 0.49670953551928204, 0.48990050123797524, 0.4868837396303813, 0.4811881830294927, 0.4785917749007543, 0.4778174128797319, 0.47497302956051296, 0.4739438096682231, 0.47342151237858665, 0.4690350939830144, 0.469833728339937, 0.4731559289826287, 0.46738926735189223, 0.4696210738685396, 0.46687955326504177, 0.4670059366358651, 0.46924791402286953, 0.4636632783545388, 0.46521950761477154, 0.4645235704051124, 0.4645892133315404, 0.46449802815914154, 0.46290208730432725, 0.46400194532341427, 0.459141429927614, 0.4583108243015077, 0.4635014997588264, 0.4599890758593877, 0.4619562824567159, 0.4617460634973314, 0.45902322563860154, 0.45863652726014453], "val_loss": [0.7411434352397919, 0.7123548984527588, 0.6836515069007874, 0.653757631778717, 0.6216975152492523, 0.5874619632959366, 0.558994933962822, 0.535988450050354, 0.519710898399353, 0.5154494121670723, 0.5011224299669266, 0.4998053312301636, 0.48981284350156784, 0.49416740238666534, 0.4892711415886879, 0.490960031747818, 0.4852405861020088, 0.48942704498767853, 0.491790272295475, 0.48801861703395844, 0.4827263355255127, 0.4859323427081108, 0.48394913226366043, 0.4860956743359566, 0.4828793480992317, 0.4816778302192688, 0.48147980868816376, 0.48719481378793716, 0.47659932076931, 0.47570665925741196, 0.48290835320949554, 0.4780496433377266, 0.47987302392721176, 0.47392767667770386, 0.47978001832962036, 0.4855290502309799, 0.4875618815422058, 0.4800775721669197, 0.48298218846321106, 0.4844573512673378, 0.48085917532444, 0.4778849259018898, 0.4827796593308449, 0.4751858115196228]}