{"best_val": 0.4695930704474449, "train_loss": [0.6724795235527886, 0.6505070659849379, 0.63141687379943, 0.6088588204648759, 0.5881015857060751, 0.5682040486070845, 0.5537671860721376, 0.5431035194132063, 0.5376774966716766, 0.5301329245169958, 0.5251599335008197, 0.5218414465586344, 0.5218787474764718, 0.5184176348977618, 0.5165849377711614, 0.5152185592386458, 0.511711147096422, 0.51207345061832, 0.5070830004082786, 0.5101456294457117, 0.5066700809531741, 0.5046862016121546, 0.5066167314847311, 0.5017125937673781, 0.5049391720030043, 0.502453989452786, 0.5019426163699892, 0.5016463316149182, 0.4990922874874539, 0.49934734404087067, 0.49752728475464714, 0.49810556570688885, 0.49901832309034133, 0.49657027920087177, 0.49678794542948407, 0.4978729999727673, 0.49490610924031997, 0.4970577326085832, 0.49583090510633254, 0.49503911038239795, 0.49489717847771114, 0.4933391014734904, 0.4925208505656984, 0.4970334834522671, 0.49439320464928943, 0.49352672033839756, 0.49046995573573643, 0.4905620614687602, 0.49241280721293557, 0.4906798121001985], "val_loss": [0.6481912583112717, 0.627161294221878, 0.6048073023557663, 0.5821429640054703, 0.559440940618515, 0.5391020774841309, 0.5188087299466133, 0.5073061808943748, 0.5030857846140862, 0.4950767606496811, 0.4866824522614479, 0.4891415536403656, 0.48701225221157074, 0.47853852808475494, 0.48338911682367325, 0.47445372492074966, 0.4768100380897522, 0.4800978973507881, 0.4763510152697563, 0.47630903124809265, 0.47803445160388947, 0.4804886057972908, 0.48427725583314896, 0.47963834553956985, 0.4737054109573364, 0.4741647318005562, 0.47111842036247253, 0.473527692258358, 0.47690771520137787, 0.4798594117164612, 0.4763156995177269, 0.47950783371925354, 0.47628863900899887, 0.4733804538846016, 0.47719360888004303, 0.46969281882047653, 0.47235560417175293, 0.471684530377388, 0.48212579637765884, 0.4695930704474449, 0.4775422289967537, 0.4764583483338356, 0.47204435616731644, 0.47342997044324875, 0.47399403899908066, 0.47301074862480164, 0.47058089077472687, 0.4718065410852432, 0.477378249168396, 0.47076572477817535]}