{"best_val": 0.4819507896900177, "train_loss": [0.6619001229604086, 0.6556205749511719, 0.6483547588189443, 0.6417180200417837, 0.6343061162365807, 0.6270590192741818, 0.6190329624546899, 0.6103730334175957, 0.6011174321174622, 0.5915839837657081, 0.5822024676534865, 0.5715918706523048, 0.5616074833605025, 0.553032421403461, 0.544953144258923, 0.536905093325509, 0.5290719966093699, 0.5239443199502097, 0.5185204148292542, 0.5118357506063249, 0.5082988424433602, 0.5057846142186059, 0.4998420841164059, 0.49548369811640847, 0.49193694856431747, 0.49332786599795025, 0.4873296336995231, 0.4870816767215729, 0.48520643843544853, 0.48196710646152496, 0.48210026654932236, 0.47995135022534263, 0.47659041318628526, 0.47495658033423954, 0.47361885673469967, 0.47383830282423234, 0.4729715718163384, 0.47226353817515904, 0.47172199686368305, 0.47113605671458775, 0.46822214788860744, 0.4701957056919734, 0.4660569263829125, 0.46639297902584076, 0.46783125400543213, 0.46330512563387555, 0.46241508920987445, 0.46414294342199963, 0.46589987476666767, 0.4606317530075709, 0.4600752823882633, 0.46234848764207626, 0.4621073388391071, 0.46210218800438774, 0.4597471323278215, 0.46131010684702134, 0.4595785869492425, 0.461510063873397, 0.46277226838800645, 0.46160445941819084, 0.4581591933965683, 0.457451225982772, 0.45970076488124, 0.4580111917522218, 0.45860982106791603, 0.4558358093102773, 0.4584512677457597, 0.4557872215906779, 0.4541729556189643, 0.4550698863135444, 0.4541274540954166, 0.4573967456817627, 0.4553200900554657], "val_loss": [0.6665018945932388, 0.6595731675624847, 0.6553483307361603, 0.6484883427619934, 0.6424942314624786, 0.637315034866333, 0.630494087934494, 0.6232554912567139, 0.6150921583175659, 0.6099704802036285, 0.6012652516365051, 0.5930740386247635, 0.5895192921161652, 0.5805482119321823, 0.5741260796785355, 0.5658487379550934, 0.5631995052099228, 0.5600297600030899, 0.5561271905899048, 0.5614952966570854, 0.5478246882557869, 0.5410475507378578, 0.5432652682065964, 0.5371366739273071, 0.5327333807945251, 0.535404309630394, 0.5367434397339821, 0.5230951309204102, 0.5294882506132126, 0.5259254723787308, 0.5240155532956123, 0.5185299813747406, 0.5151505470275879, 0.5127955824136734, 0.5159903317689896, 0.5078838244080544, 0.5117254257202148, 0.5083199664950371, 0.505477249622345, 0.5028410851955414, 0.5029185563325882, 0.5075242817401886, 0.5031349360942841, 0.5035141706466675, 0.4975999817252159, 0.49617084115743637, 0.49652937054634094, 0.4991811513900757, 0.488820843398571, 0.4987131282687187, 0.48679856210947037, 0.49317795038223267, 0.49493061006069183, 0.4855113551020622, 0.48436926305294037, 0.49067172408103943, 0.48922543227672577, 0.48914841562509537, 0.48956969380378723, 0.4951920062303543, 0.48946472257375717, 0.4819743260741234, 0.4819507896900177, 0.4846128895878792, 0.4856919199228287, 0.48559269309043884, 0.4914320707321167, 0.4879366159439087, 0.49007951468229294, 0.48206085711717606, 0.4832229018211365, 0.48767470568418503, 0.4863727167248726]}