{"best_val": 0.43548402935266495, "train_loss": [0.6622943249013689, 0.6467924184269376, 0.6343726085291969, 0.6211355162991418, 0.6068655351797739, 0.5910620126459334, 0.5733760396639506, 0.5605167713430192, 0.5486723482608795, 0.5381043023533292, 0.5322401887840695, 0.5280933231115341, 0.5213472329907947, 0.5201273643308215, 0.5162146604723401, 0.5172979599899716, 0.5134721497694651, 0.5122575942012999, 0.5101290494203568, 0.5128150930007299, 0.5090400709046258, 0.5053369601567587, 0.5058330098787943, 0.5058092673619589, 0.5076675332254834, 0.505207230647405, 0.5024759007824792, 0.5013657576507993, 0.5028500076797273, 0.49813572069009143, 0.5007292760743035, 0.49885860085487366, 0.49673055277930367, 0.4992901749081082, 0.49678383933173287, 0.4947591821352641, 0.4918723619646496, 0.4943414678176244, 0.49044810566637254, 0.49630791114436257, 0.49377773702144623, 0.4914729230933719, 0.49057017929024166, 0.49101344909932876, 0.4924966163105435, 0.490267609556516, 0.48918848401970333, 0.48914960854583317, 0.4889473070700963, 0.4860509004857805, 0.48969439831044936, 0.4850974712106917, 0.48891375131077236, 0.48628803425365025, 0.4857073740826713, 0.4859239591492547, 0.4882245577043957, 0.4851336893108156, 0.4843749966886308, 0.48459899094369674, 0.48694246841801536, 0.48337628609604305, 0.4834061761697133, 0.477134194638994, 0.48126665751139325, 0.4836174117194282, 0.48389116095172036, 0.48146938449806637, 0.4832666632201936, 0.48297929267088574, 0.4777951290210088, 0.4789527936114205, 0.4781979007853402, 0.47896672950850594, 0.48019924759864807, 0.47906702756881714, 0.476813437210189, 0.4774823056326972, 0.47912584741910297, 0.4809756841924455, 0.47783420152134365, 0.47712181674109566, 0.47523557974232566, 0.47907378441757625, 0.4772687289449904, 0.47626322011152905, 0.4778115153312683, 0.47683508859740364, 0.4736659990416633, 0.47527654965718585, 0.47782420449786717, 0.47493954996267956, 0.4751237730185191, 0.4758363084660636, 0.4721681856446796, 0.47385508318742114], "val_loss": [0.6454498320817947, 0.6316595822572708, 0.6181765347719193, 0.6032022088766098, 0.5879881680011749, 0.568007081747055, 0.5517374128103256, 0.5384332239627838, 0.5298007279634476, 0.5176296606659889, 0.5089638233184814, 0.5058540776371956, 0.5012555196881294, 0.49136652797460556, 0.49256158620119095, 0.483385905623436, 0.4899350702762604, 0.48723459243774414, 0.48542260378599167, 0.47952406853437424, 0.48373986035585403, 0.47594495117664337, 0.47593609243631363, 0.47470810264348984, 0.47644615918397903, 0.4709646552801132, 0.46486683934926987, 0.47547654062509537, 0.46906013041734695, 0.47143035382032394, 0.46805187314748764, 0.4612482637166977, 0.45897216349840164, 0.45992742478847504, 0.46313291788101196, 0.4625398516654968, 0.45860105752944946, 0.46144068241119385, 0.4618146941065788, 0.45851028710603714, 0.4618614464998245, 0.4556943476200104, 0.45757585763931274, 0.4551895931363106, 0.4506567269563675, 0.4510454460978508, 0.4559805393218994, 0.4542132094502449, 0.45776131749153137, 0.4513877108693123, 0.4518153816461563, 0.450082466006279, 0.44998279958963394, 0.45544321089982986, 0.4524281620979309, 0.4549656882882118, 0.4516097828745842, 0.44942884147167206, 0.4469706863164902, 0.44612663239240646, 0.4495325982570648, 0.4488101974129677, 0.44921426475048065, 0.4515078440308571, 0.4498303160071373, 0.44401606172323227, 0.44967933744192123, 0.4437640458345413, 0.44640304148197174, 0.44449128955602646, 0.4430696740746498, 0.4436267614364624, 0.44443001598119736, 0.4424374923110008, 0.4437745362520218, 0.44493503868579865, 0.4454881027340889, 0.4465024918317795, 0.4408196955919266, 0.4415896460413933, 0.4452376067638397, 0.4444950520992279, 0.4480668976902962, 0.44155771285295486, 0.43779417127370834, 0.43548402935266495, 0.44007301330566406, 0.442812442779541, 0.4418458789587021, 0.44474076479673386, 0.4454898536205292, 0.4377327933907509, 0.44406145066022873, 0.44267093390226364, 0.4376678764820099, 0.4392365291714668]}