{"best_val": 0.4837798997759819, "train_loss": [0.7148046692212423, 0.6780043343702952, 0.6439144048425887, 0.618616994884279, 0.5995042390293546, 0.5817480981349945, 0.5656561719046699, 0.552793370352851, 0.5375781704982122, 0.5275444570514891, 0.5206707268953323, 0.5147213157680299, 0.5120504084560606, 0.5045154823197259, 0.5034118228488498, 0.49549495842721725, 0.49070001973046196, 0.49081019394927555, 0.48715176516109043, 0.4863240205579334, 0.48559849792056614, 0.4843920088476605, 0.4804643972052468, 0.47953025499979657, 0.47710130777623916, 0.4784407648775313, 0.47617331478330827, 0.47822023762596977, 0.4760164221127828, 0.4742872350745731, 0.4745040751165814, 0.4707392288578881, 0.4753454460038079, 0.47222085297107697, 0.4701497124301063, 0.46913841201199424, 0.470055533779992, 0.4700430714421802, 0.47157930996682906, 0.4699574460585912, 0.4658178554640876, 0.4667731076478958, 0.4658015188243654, 0.4683142221636242, 0.46649884184201557, 0.4673250913619995, 0.4629972411526574, 0.4644681331184175, 0.4649585800038444, 0.463704193631808, 0.46455396215120953], "val_loss": [0.6563698053359985, 0.6401586532592773, 0.6243880242109299, 0.6055803596973419, 0.5917664617300034, 0.5839876383543015, 0.5744326263666153, 0.5644852966070175, 0.5554588735103607, 0.557377502322197, 0.5488529875874519, 0.5479025840759277, 0.5441653877496719, 0.5359821021556854, 0.5294735059142113, 0.5282955914735794, 0.5268136784434319, 0.5218339562416077, 0.5192125216126442, 0.5098997429013252, 0.5079853981733322, 0.5049463510513306, 0.5041700825095177, 0.5079471841454506, 0.5041694268584251, 0.5100676640868187, 0.49632422626018524, 0.500004306435585, 0.4943709820508957, 0.5008783265948296, 0.49688875675201416, 0.49540598690509796, 0.4943036437034607, 0.4930487871170044, 0.49427176266908646, 0.4925495609641075, 0.497870609164238, 0.48491743952035904, 0.4912409260869026, 0.4940400868654251, 0.4837798997759819, 0.49070583283901215, 0.49623841792345047, 0.4982200041413307, 0.4841313883662224, 0.4898509308695793, 0.49362151324748993, 0.4847506657242775, 0.4896475374698639, 0.48784296959638596, 0.48885153979063034]}