{"best_val": 0.4664904251694679, "train_loss": [0.6383277508947585, 0.6120213435755836, 0.587247179614173, 0.5676253570450677, 0.5507777101463742, 0.5398681743277444, 0.5270881371365653, 0.5234615057706833, 0.5214193281200197, 0.5137999537918303, 0.5118512643708123, 0.511509378751119, 0.5099612722794215, 0.5076096637381448, 0.5040616492430369, 0.5024177216821246, 0.5001858390039868, 0.4987659752368927, 0.4993792639838325, 0.4968903693887923, 0.49707527789804673, 0.4967111349105835, 0.4954081326723099, 0.49345046612951493, 0.4976973599857754, 0.49059560729397667, 0.4900865803162257, 0.49085193044609493, 0.488976862695482, 0.48806824783484143, 0.4895900355445014, 0.4883032027218077], "val_loss": [0.6206937283277512, 0.5894086360931396, 0.5654530823230743, 0.538742408156395, 0.5218760967254639, 0.5096265450119972, 0.500220499932766, 0.49438897520303726, 0.48389772325754166, 0.4856344163417816, 0.4804961010813713, 0.4823671281337738, 0.48046235740184784, 0.47547899931669235, 0.47859785705804825, 0.47205010801553726, 0.47571903467178345, 0.472134992480278, 0.47112926840782166, 0.47702179104089737, 0.47334644943475723, 0.4664904251694679, 0.47465383261442184, 0.4709303081035614, 0.47397125512361526, 0.47299640625715256, 0.46771855652332306, 0.4722847566008568, 0.4727688133716583, 0.48478101193904877, 0.4719618335366249, 0.469534732401371]}