{"best_val": 0.5041729286313057, "train_loss": [0.6650794413354661, 0.6616996460490756, 0.657454616493649, 0.6545928551091088, 0.6503963039980994, 0.6465016338560317, 0.641535586780972, 0.6369873384634653, 0.6312953001923032, 0.6244750122229258, 0.6174018349912431, 0.6093972126642863, 0.6026465098063151, 0.5935991273985969, 0.5856580800480313, 0.5798608097765181, 0.5728273226155175, 0.5646735032399496, 0.5582824117607541, 0.5527007546689775, 0.5477969944477081, 0.543603691789839, 0.5413185738854938, 0.5341062794129053, 0.5302981502479978, 0.5274835973978043, 0.5207849327060912, 0.5198025239838494, 0.5174018839995066, 0.5146363973617554, 0.5105114695098665, 0.5096070749892129, 0.5072002311547598, 0.5056633800268173, 0.5037362310621474, 0.5013711187574599, 0.49976229833232033, 0.49810017976495957, 0.49914055565992993, 0.4969010518656837, 0.5001030464967092, 0.4971539345052507, 0.49252870347764754, 0.49563254084852004, 0.49478916658295524, 0.4963323987192578, 0.4930859042538537, 0.49259836806191337, 0.49538060691621566, 0.494805536336369, 0.4925256305270725, 0.49295587175422245, 0.49284763468636406, 0.4941277702649434, 0.4950014650821686, 0.4927254600657357, 0.4931633075078328, 0.49108997649616665], "val_loss": [0.6639386713504791, 0.6609156578779221, 0.657501757144928, 0.6540588736534119, 0.6502246260643005, 0.6448577493429184, 0.6422599256038666, 0.6361828297376633, 0.6290818750858307, 0.6246173232793808, 0.6187866926193237, 0.6105383038520813, 0.6030575037002563, 0.5962909311056137, 0.5889497548341751, 0.5805585831403732, 0.5755711793899536, 0.5680662840604782, 0.5654468089342117, 0.5592314749956131, 0.5571694076061249, 0.5536320433020592, 0.5374995470046997, 0.5414082556962967, 0.5442628562450409, 0.5329538881778717, 0.5337289720773697, 0.5235587432980537, 0.5255813673138618, 0.5225327610969543, 0.5157088711857796, 0.5135069191455841, 0.518251046538353, 0.5167021453380585, 0.5143226012587547, 0.5117170661687851, 0.5148014649748802, 0.5154004245996475, 0.5108649507164955, 0.5142024382948875, 0.5119167119264603, 0.5142811611294746, 0.5141270682215691, 0.5164152309298515, 0.5134990438818932, 0.5082759037613869, 0.5136844292283058, 0.5041729286313057, 0.5079147294163704, 0.5088401138782501, 0.5083821043372154, 0.5068323686718941, 0.5089209526777267, 0.5098506510257721, 0.5105787143111229, 0.5077747330069542, 0.5096805244684219, 0.505875900387764]}