{"best_val": 0.48471661657094955, "train_loss": [0.6705009175671471, 0.6600088046656715, 0.649878654215071, 0.6399544113212161, 0.6307210922241211, 0.6206924418608347, 0.6125870810614692, 0.6023740503523085, 0.5919450885719724, 0.5815546181466844, 0.5717899534437392, 0.5603312220838335, 0.5495070517063141, 0.5415966494215859, 0.5342482924461365, 0.5310479319757886, 0.5236646814478768, 0.5210596339570152, 0.5178847892416848, 0.517391617099444, 0.513849236898952, 0.5117842555046082, 0.5104105571905772, 0.5105593270725675, 0.5070565508471595, 0.5058444307910072, 0.5009726186593374, 0.5034973058435652, 0.5052606066068014, 0.5009143418735928, 0.4994388951195611, 0.49568752778900993, 0.4963308721780777, 0.49429836206965977, 0.49393348064687514, 0.49389343957106274, 0.49067499074671006, 0.49066852198706734, 0.49200181166330975, 0.49239613281355965, 0.4885698722468482, 0.48598376909891766, 0.4851587547196282, 0.4871901488966412, 0.48696741296185386, 0.48308692541387344, 0.4820917348066966, 0.4840695593092177, 0.48052902188565993, 0.4832933346430461, 0.4803386131922404, 0.48006949656539494, 0.48218268156051636, 0.47755327158504063, 0.4820879466003842, 0.4804707318544388, 0.4780559324555927, 0.4810953189929326, 0.47462694512473214, 0.4755570607052909, 0.47804085744751823, 0.47779274317953324, 0.4775433987379074, 0.47625820338726044], "val_loss": [0.6548147350549698, 0.6460603773593903, 0.6397345513105392, 0.6316400915384293, 0.6217043697834015, 0.6136037111282349, 0.6026117205619812, 0.593125730752945, 0.583124190568924, 0.5699918270111084, 0.5582111775875092, 0.54448401927948, 0.5395736917853355, 0.5320646464824677, 0.5287996232509613, 0.5190733671188354, 0.5240467563271523, 0.5190925821661949, 0.5173425078392029, 0.5098369345068932, 0.5108174830675125, 0.5122188329696655, 0.5088345557451248, 0.511056698858738, 0.5060502663254738, 0.5147943571209908, 0.5066198110580444, 0.5072002932429314, 0.5107487589120865, 0.5066784843802452, 0.4982375204563141, 0.5120872929692268, 0.5024843737483025, 0.5002606734633446, 0.5082476735115051, 0.4986125975847244, 0.504960261285305, 0.5003482177853584, 0.5043951347470284, 0.5007632151246071, 0.4973243996500969, 0.4976840764284134, 0.49836011976003647, 0.4993283823132515, 0.4926539957523346, 0.48885660618543625, 0.49495700746774673, 0.49755139648914337, 0.4902982860803604, 0.496044784784317, 0.5035905614495277, 0.503347210586071, 0.4951976537704468, 0.48471661657094955, 0.49601349979639053, 0.4925177991390228, 0.4911056384444237, 0.49876902997493744, 0.4888230264186859, 0.492059662938118, 0.4944380074739456, 0.4919295907020569, 0.49511608481407166, 0.49678340554237366]}