{"best_val": 0.5005568712949753, "train_loss": [0.6932760510179732, 0.6889402932590909, 0.6844364172882504, 0.6800070901711782, 0.6751057042015923, 0.6699012584156461, 0.6635748512215085, 0.6574288143051995, 0.6503536701202393, 0.6419699059592353, 0.6330662104818556, 0.6230042311880324, 0.6129192113876343, 0.6023107767105103, 0.590385271443261, 0.5796989103158315, 0.5678876009252336, 0.5587560402022468, 0.5500543564558029, 0.5416952023903528, 0.534547401799096, 0.5299533638689253, 0.5268653813335631, 0.5212608493036694, 0.5164933469560411, 0.5123088823424445, 0.5108023020956252, 0.5110553436809115, 0.5061787085400687, 0.5023322370317247, 0.49940154287550187, 0.4974457754029168, 0.49696530401706696, 0.49424999290042454, 0.49364744623502094, 0.49074318177170223, 0.48926086558236015, 0.4885704384909736, 0.4887550754679574, 0.4861894233359231, 0.4844679666890038, 0.4844294504986869, 0.4830016526910994, 0.47906383375326794, 0.4774790902932485, 0.47543976373142666, 0.47689686715602875, 0.47563351856337654, 0.47394762767685783, 0.47127143873108757, 0.47010745108127594, 0.47469402849674225, 0.46789974139796364, 0.47132200333807206, 0.46933170159657794, 0.46763962341679466, 0.46794464190800983, 0.46583118703630233, 0.4655666384432051, 0.46499721374776626, 0.46507496800687576, 0.46659809516535866, 0.4644893854856491, 0.46413055062294006, 0.4612047192123201, 0.4603233453300264, 0.4636310322417153, 0.46115398903687793, 0.4642346716589398, 0.46260006725788116, 0.4605718039804035], "val_loss": [0.691205769777298, 0.6873689293861389, 0.6833555698394775, 0.6790402829647064, 0.6751037538051605, 0.6702665090560913, 0.6649554371833801, 0.658273234963417, 0.6516919583082199, 0.6446589827537537, 0.6386105418205261, 0.6281795650720596, 0.62006676197052, 0.6105168461799622, 0.6011290550231934, 0.5898202806711197, 0.5835019648075104, 0.5740383863449097, 0.5682438760995865, 0.5660156756639481, 0.5614326596260071, 0.5572352260351181, 0.5576706677675247, 0.5510905608534813, 0.5502559840679169, 0.546888455748558, 0.5423428192734718, 0.5442399680614471, 0.5403266251087189, 0.5429544150829315, 0.538087360560894, 0.5332146808505058, 0.5350143909454346, 0.5440201088786125, 0.5392679199576378, 0.5385265126824379, 0.530005544424057, 0.5264326184988022, 0.5256071761250496, 0.524663932621479, 0.52729282528162, 0.5193205997347832, 0.5234705358743668, 0.5210454389452934, 0.5213966146111488, 0.5206118673086166, 0.5232710763812065, 0.5141652822494507, 0.5167309790849686, 0.5146605297923088, 0.5123308748006821, 0.5111230611801147, 0.5146499052643776, 0.5140551030635834, 0.5215784460306168, 0.5209504216909409, 0.5162912979722023, 0.5115311816334724, 0.5085969045758247, 0.512411504983902, 0.5005568712949753, 0.5157784894108772, 0.5078913122415543, 0.5097964182496071, 0.501891478896141, 0.5084556490182877, 0.5121108889579773, 0.5120352879166603, 0.5088934451341629, 0.5145267993211746, 0.5109105706214905]}