{"best_val": 0.5135625153779984, "train_loss": [0.6800742116239336, 0.6542061832216051, 0.6215480069319407, 0.5843365225527022, 0.5459425383143954, 0.5193068418237898, 0.505433115694258, 0.494057834148407, 0.48505667183134293, 0.4788532919353909, 0.4746112691031562, 0.4710804290241665, 0.4694572240114212, 0.47085170613394844, 0.4663545919789208, 0.46720653937922585, 0.4625186406903797, 0.46144137614303166, 0.4632773581478331, 0.46023309230804443, 0.4587048490842183, 0.45812058117654586, 0.45849202904436326, 0.4537920008103053, 0.4533304323752721, 0.45486615267064834, 0.4531658970647388, 0.45198669532934826, 0.4523421112034056], "val_loss": [0.6723316311836243, 0.6499656438827515, 0.6223151385784149, 0.5878354161977768, 0.5612782984972, 0.5443794131278992, 0.5394510254263878, 0.5221252292394638, 0.5171330571174622, 0.5185718983411789, 0.5181608349084854, 0.5171697735786438, 0.517739363014698, 0.5236081406474113, 0.5222099274396896, 0.5270776748657227, 0.5202129706740379, 0.5237157195806503, 0.5135625153779984, 0.5248599201440811, 0.5301294475793839, 0.5245606750249863, 0.5359633266925812, 0.5330450534820557, 0.5360781475901604, 0.5313592255115509, 0.5313725993037224, 0.5386204868555069, 0.5350473299622536]}