{"best_val": 0.495347298681736, "train_loss": [0.6759894424014621, 0.659144702884886, 0.6422590083546109, 0.6238831745253669, 0.604096210665173, 0.5820885333749983, 0.5621154871251848, 0.5439390606350369, 0.5331866691509882, 0.5218295587433709, 0.5173525644673241, 0.5119121703836653, 0.5086740354696909, 0.5029069201813804, 0.5033919844362471, 0.4994637568791707, 0.49675285153918797, 0.49629002809524536, 0.494052035941018, 0.49660776886675095, 0.495019707414839, 0.49322819544209373, 0.49121635324425167, 0.4932902654012044, 0.4919994142320421, 0.49039339191383785, 0.492668769425816, 0.48948028352525497, 0.49136174387402004, 0.4902106374502182, 0.48783089220523834, 0.4873106877009074, 0.4888598488436805, 0.48730062941710156, 0.4844524777597851, 0.48486948675579494, 0.484159948097335, 0.48363257779015434, 0.48346223102675545, 0.483392424053616, 0.48651766942607033, 0.483073600464397, 0.48083820773495567, 0.478005588054657, 0.48400883707735276, 0.47830355498525834, 0.4843961199124654, 0.4802990257740021, 0.47869176500373417, 0.47982369363307953, 0.4768202255169551, 0.47721104986137813, 0.4779136727253596, 0.48066748181978863, 0.4788274218638738, 0.47927183906237286, 0.47996722161769867, 0.4793212529685762, 0.47546544505490196], "val_loss": [0.6616975665092468, 0.6476753503084183, 0.6323344260454178, 0.6182801425457001, 0.6026574522256851, 0.5885657668113708, 0.5706738233566284, 0.5562315881252289, 0.5470629185438156, 0.5413609743118286, 0.5363705679774284, 0.5237603858113289, 0.5232808962464333, 0.5207448974251747, 0.5135105699300766, 0.5147836729884148, 0.511135421693325, 0.5207754150032997, 0.5119053348898888, 0.5124107524752617, 0.5133165791630745, 0.5125611051917076, 0.5163066014647484, 0.510668471455574, 0.5071123614907265, 0.5088203102350235, 0.5092586278915405, 0.5119102895259857, 0.5077914297580719, 0.5098523274064064, 0.5098387524485588, 0.5072658807039261, 0.5096114724874496, 0.5067839324474335, 0.5083752349019051, 0.5086356103420258, 0.5050140470266342, 0.5059092491865158, 0.5031382739543915, 0.5071330592036247, 0.5020174607634544, 0.5070578157901764, 0.5021017864346504, 0.5038867592811584, 0.508661538362503, 0.5041787102818489, 0.5001911893486977, 0.5089552477002144, 0.495347298681736, 0.5039092376828194, 0.5063575059175491, 0.5034974291920662, 0.5040833204984665, 0.5026835575699806, 0.5067176446318626, 0.5023937672376633, 0.5030510723590851, 0.500666432082653, 0.5056367591023445]}