{"best_val": 0.5091911405324936, "train_loss": [0.7750600145922767, 0.7239093681176504, 0.6725691325134702, 0.6284085942639245, 0.5960212747255961, 0.5708838038974338, 0.5568557100163566, 0.5466340250439115, 0.5390887492232852, 0.5331288990047243, 0.5265023277865516, 0.5254536420106888, 0.5178769313626819, 0.5182808190584183, 0.516375795006752, 0.5150554660293791, 0.5142910497056113, 0.5133142703109317, 0.5091248568561342, 0.5100938181082407, 0.5103840314679675, 0.5093087090386285, 0.5095494902796216, 0.5074477841456732, 0.507870551612642, 0.507591555515925, 0.5047140800290637, 0.5027401877774132, 0.5022068520387014, 0.5034994383653005, 0.4975114034281837, 0.4981801410516103, 0.49866080780824024, 0.4977983666790856, 0.49807746046119267, 0.49756276110808056, 0.4964551230271657, 0.4952052848206626, 0.4927836491001977, 0.49190469086170197, 0.48961615396870506, 0.4913354963064194, 0.48796219295925564, 0.4890880634387334, 0.4843513568242391, 0.4857408321566052, 0.48691381845209336], "val_loss": [0.685941070318222, 0.652042806148529, 0.6254929304122925, 0.5995282828807831, 0.5755560547113419, 0.5643523335456848, 0.5524935573339462, 0.5415627062320709, 0.5333174169063568, 0.5367050170898438, 0.5357177779078484, 0.5331829786300659, 0.5370512083172798, 0.5277151092886925, 0.532392755150795, 0.5297497436404228, 0.5289692729711533, 0.5281986519694328, 0.5274974256753922, 0.5297344774007797, 0.534897692501545, 0.5235776975750923, 0.5292063355445862, 0.5282298177480698, 0.5267504155635834, 0.5271939337253571, 0.5335099920630455, 0.5276202633976936, 0.5215057730674744, 0.524463102221489, 0.5229060649871826, 0.5237910076975822, 0.523946963250637, 0.5255742520093918, 0.5288126394152641, 0.5185134634375572, 0.5091911405324936, 0.523057609796524, 0.5146564170718193, 0.5141102597117424, 0.5243658721446991, 0.5220017582178116, 0.517989993095398, 0.5186303406953812, 0.5099280700087547, 0.5097557902336121, 0.5129754543304443]}