{"best_val": 0.44990214705467224, "train_loss": [0.7088346613778008, 0.7036443319585588, 0.6981022523509132, 0.6925920314259, 0.6867538193861643, 0.6808483269479539, 0.6742348074913025, 0.6675373183356391, 0.659435510635376, 0.651845266421636, 0.6435461905267503, 0.6352343261241913, 0.6266753309302859, 0.6170026295714908, 0.607044067647722, 0.5977548592620425, 0.5895860460069444, 0.5803624027305179, 0.5711515645186106, 0.5643652412626479, 0.5568830238448249, 0.5498751103878021, 0.5460542490084966, 0.5411481791072421, 0.5369171218739616, 0.5344295418924756, 0.5309304942687353, 0.5289701090918647, 0.5229575253195233, 0.5222467167509927, 0.5217575265301598, 0.5201422207885318, 0.5173358900679482, 0.5102255907323625, 0.5115430686208937, 0.5107395913865831, 0.5097119361162186, 0.5100366638766395, 0.5077323615550995, 0.5036307490534253, 0.5038541075256135, 0.5031647665633096, 0.502503310640653, 0.5006530467006896, 0.5029943701293733, 0.5014388958613077, 0.4989979912837346, 0.49907855523957145, 0.4976367950439453, 0.5005638003349304, 0.4955323437849681, 0.4967704630560345, 0.4966926508479648, 0.4927841242816713, 0.4947987099488576, 0.4944671591122945, 0.49163475798236, 0.49230775568220353, 0.49485112726688385, 0.4905470924244987, 0.49312493867344326, 0.4904731512069702, 0.49186984035703873, 0.4894190165731642, 0.48884409334924483, 0.49066565599706435, 0.4882378958993488, 0.48761339154508376, 0.49345483051406014, 0.48876522812578416, 0.4884878016180462, 0.4882594462898042, 0.48851575950781506, 0.48454617626137203, 0.4879707710610496, 0.4868023114071952, 0.4864030033349991, 0.48216476043065387, 0.4862646874454286, 0.48562929696506923, 0.483041461971071, 0.4807089815537135, 0.48598870635032654, 0.48450535701380837, 0.48338362243440414, 0.48540862566894954, 0.4792292382982042, 0.48164919515450794, 0.48252687189314103, 0.48082235455513, 0.47890417443381417, 0.47907252775298226, 0.48292971981896293, 0.4828302462895711, 0.4839518749051624, 0.4806300666597154, 0.48233963383568657, 0.481796575917138, 0.4806235515409046, 0.4793243093623055, 0.48286137812667423, 0.4815778252151277, 0.4819343172841602, 0.4806046469344033, 0.4819317162036896, 0.48011410070790184, 0.4786660157971912, 0.4819669524828593, 0.4764285617404514, 0.47940030694007874, 0.47783662213219535, 0.47877885897954303, 0.47992099324862164, 0.47936490674813587, 0.478350462185012, 0.48030053906970555, 0.4799486431810591, 0.4790683587392171, 0.4780507865879271, 0.4808347953690423, 0.4786061644554138, 0.4779974752002292, 0.47639232708348167, 0.47641820708910626], "val_loss": [0.7045837044715881, 0.6998438388109207, 0.6943461894989014, 0.6887391060590744, 0.6830945760011673, 0.6768684536218643, 0.6700731962919235, 0.6634801179170609, 0.6556243598461151, 0.6479903310537338, 0.6401477605104446, 0.6316158771514893, 0.6215608865022659, 0.6123224943876266, 0.6034288853406906, 0.594839483499527, 0.5868202894926071, 0.5799354612827301, 0.5695034563541412, 0.5591398477554321, 0.5574147552251816, 0.5491284281015396, 0.5403105169534683, 0.5401339530944824, 0.5291045308113098, 0.528406098484993, 0.5176056697964668, 0.5200356394052505, 0.5131315588951111, 0.5190644860267639, 0.5123875290155411, 0.5073226988315582, 0.5093240365386009, 0.5046588554978371, 0.5042710527777672, 0.49988076090812683, 0.49892598390579224, 0.49712370336055756, 0.4972664564847946, 0.49139976501464844, 0.4937709867954254, 0.4857853353023529, 0.4867320880293846, 0.4910152032971382, 0.4823170378804207, 0.48567184060811996, 0.4779074415564537, 0.48742228746414185, 0.48487287759780884, 0.4743884652853012, 0.47296614199876785, 0.4780186489224434, 0.475338451564312, 0.47812435775995255, 0.4811682105064392, 0.4773431867361069, 0.4708065614104271, 0.4777214154601097, 0.48170947283506393, 0.47089480608701706, 0.4710312932729721, 0.47055184096097946, 0.4731519743800163, 0.4693760722875595, 0.46785276383161545, 0.47119396179914474, 0.47060012072324753, 0.46746446192264557, 0.46673212945461273, 0.46698740124702454, 0.47217080742120743, 0.4661097228527069, 0.46464672684669495, 0.47035812586545944, 0.46534260362386703, 0.46669381856918335, 0.467666432261467, 0.4667019248008728, 0.4713875576853752, 0.4576922878623009, 0.4672335609793663, 0.4599439799785614, 0.46273981779813766, 0.4600371941924095, 0.46542657911777496, 0.4565068855881691, 0.46427813172340393, 0.458453007042408, 0.46255116164684296, 0.45589514821767807, 0.4577467069029808, 0.46263497322797775, 0.46137528121471405, 0.4574514105916023, 0.45858652889728546, 0.4583176076412201, 0.459071584045887, 0.45296838879585266, 0.46188200265169144, 0.46013957262039185, 0.4537268951535225, 0.4501412361860275, 0.45585834980010986, 0.45271263271570206, 0.4522840157151222, 0.45744986832141876, 0.45419687032699585, 0.456531286239624, 0.45749136060476303, 0.4576318934559822, 0.45005331188440323, 0.4509487450122833, 0.4537424072623253, 0.44990214705467224, 0.45261402428150177, 0.4549650177359581, 0.45256049931049347, 0.45140788704156876, 0.4519227594137192, 0.45209675282239914, 0.45367512106895447, 0.45746491104364395, 0.450467012822628, 0.4564507082104683]}