{"best_val": 0.4529692158102989, "train_loss": [0.7024688323338827, 0.6782645947403378, 0.6496391826205783, 0.6139994594785902, 0.5673244463072883, 0.5259152187241448, 0.5033080892430412, 0.4896601653761334, 0.4788943694697486, 0.4739814301331838, 0.47249218159251744, 0.4669592281182607, 0.46649838321738774, 0.46403803262445664, 0.45973625116878086, 0.46168327662679887, 0.45490531126658124, 0.4583847373723984, 0.45713015728526646, 0.4558136678404278, 0.4541746808422936, 0.45601974096563125, 0.4503846847348743, 0.45284274717171985, 0.4535493850708008, 0.45106248723136055, 0.44845330715179443, 0.4481264849503835, 0.44992322226365405, 0.4452786164151298, 0.4483416610293918, 0.44758635262648266, 0.4456243680583106, 0.44585131771034664, 0.4451378501123852, 0.44202591644393074, 0.4415008905861113, 0.44157257510556114, 0.4394580622514089, 0.4426552851994832, 0.44096856978204513, 0.4416104704141617, 0.4377836436033249, 0.43602607647577923, 0.4369772838221656, 0.43818380932013196, 0.43817027244302964, 0.44038843943013084, 0.4374704476859834, 0.4377133995294571, 0.4396374622980754, 0.43318354255623287, 0.4342891242769029, 0.43684715694851345, 0.43628865480422974], "val_loss": [0.679922416806221, 0.6589547395706177, 0.6338349133729935, 0.6002675145864487, 0.5584676787257195, 0.5371364504098892, 0.5180088803172112, 0.5018869861960411, 0.4953487738966942, 0.49055691063404083, 0.48732030391693115, 0.49062876403331757, 0.48860082775354385, 0.4795088991522789, 0.48026860505342484, 0.480449877679348, 0.47636233270168304, 0.47628481686115265, 0.4740077257156372, 0.4754158928990364, 0.4752104580402374, 0.4686190187931061, 0.4623899534344673, 0.4621090739965439, 0.466306172311306, 0.47187256067991257, 0.4689650684595108, 0.46443913877010345, 0.47065889835357666, 0.47139476984739304, 0.46206606924533844, 0.4656005725264549, 0.46618442982435226, 0.46649356186389923, 0.4658249765634537, 0.4593639373779297, 0.4658454954624176, 0.46272842586040497, 0.4607425779104233, 0.4687434956431389, 0.4610810875892639, 0.46436843276023865, 0.4675491601228714, 0.466887503862381, 0.4529692158102989, 0.46775464713573456, 0.46853014826774597, 0.46614592522382736, 0.46365462243556976, 0.46597643196582794, 0.46496641635894775, 0.4683915227651596, 0.4693164825439453, 0.46975065767765045, 0.46331029385328293]}