{"best_val": 0.46954841166734695, "train_loss": [0.7120913995636834, 0.6498203244474199, 0.5885673198435042, 0.5360253204902014, 0.5150316937102212, 0.49872546394666034, 0.49242545167605084, 0.48483139276504517, 0.4786151614454057, 0.4771188365088569, 0.4731602552864287, 0.47174519134892356, 0.4687707655959659, 0.47110529078377616, 0.46640566488107044, 0.4683102567990621, 0.4659850862291124, 0.4652062654495239, 0.4658195541964637, 0.4616357866260741, 0.46076738668812645, 0.46054665909873116, 0.4630351397726271, 0.45870133572154576, 0.45917362140284645, 0.45979836417569053, 0.45626975927088, 0.4559074557489819, 0.45498453080654144], "val_loss": [0.6726036816835403, 0.6069947779178619, 0.5439344346523285, 0.5139124542474747, 0.49403855949640274, 0.4881103187799454, 0.48407193273305893, 0.482394777238369, 0.4819924086332321, 0.481083981692791, 0.47612961381673813, 0.4792984500527382, 0.47583160549402237, 0.4741262122988701, 0.4774596244096756, 0.47131940722465515, 0.47492408007383347, 0.47988662123680115, 0.46954841166734695, 0.4750686436891556, 0.4701889827847481, 0.4714098200201988, 0.475315660238266, 0.47677330672740936, 0.4779515936970711, 0.4707198888063431, 0.4794641360640526, 0.4734966456890106, 0.4710586741566658]}