{"best_val": 0.5018157064914703, "train_loss": [0.6962781581613753, 0.6440780460834503, 0.6070359945297241, 0.5704805850982666, 0.5468164914184146, 0.5353995296690199, 0.5261814610825645, 0.5183766682942709, 0.5172156459755368, 0.5182727177937826, 0.5116050889094671, 0.5075623624854617, 0.5058001163933012, 0.5065408299366633, 0.5047547254297469, 0.5052046179771423, 0.5017068568203185, 0.49831561413076186, 0.4971979194217258, 0.4979718608988656, 0.4948542084958818, 0.4947330786122216, 0.49518945978747475, 0.4922048548857371, 0.49379247426986694, 0.49374065465397304, 0.49022647572888267, 0.49541296230422127, 0.49016546375221676, 0.49170077178213334, 0.4935157944758733, 0.48798319862948525, 0.48797159228059983, 0.48932351999812657, 0.48589882751305896, 0.4826706697543462, 0.4878155042727788, 0.4838927371634377, 0.4873959554566277, 0.482001394033432, 0.4849100444051955, 0.4865332990884781, 0.486314391096433, 0.4835594395796458, 0.4811587631702423, 0.4818449020385742, 0.4803248975012038, 0.4831998397906621, 0.48114222784837085, 0.4809754805432426, 0.4805688112974167, 0.4791928877433141, 0.481342989537451, 0.4775495363606347, 0.47989649573961896, 0.4754667944378323, 0.48244110743204754, 0.47694387700822616, 0.4754422969288296, 0.47893448836273617], "val_loss": [0.6514425128698349, 0.6167873442173004, 0.5810335129499435, 0.5543778091669083, 0.5399596840143204, 0.5308648198843002, 0.5306082367897034, 0.5265804901719093, 0.5228199809789658, 0.5229757130146027, 0.5259589180350304, 0.5205581858754158, 0.5240075066685677, 0.5219709947705269, 0.5237898156046867, 0.5198496282100677, 0.5201546922326088, 0.5205851793289185, 0.5178592950105667, 0.5115629360079765, 0.5138664096593857, 0.5167798846960068, 0.5198833644390106, 0.5113652423024178, 0.5093626081943512, 0.5128288120031357, 0.5135694742202759, 0.5133315399289131, 0.5069877803325653, 0.5078628659248352, 0.5150483325123787, 0.5117524936795235, 0.5110749006271362, 0.5093143582344055, 0.5093832314014435, 0.5105859786272049, 0.5046119764447212, 0.5072316601872444, 0.5171552076935768, 0.5116327181458473, 0.5019359737634659, 0.5160669311881065, 0.5173583850264549, 0.515370599925518, 0.5066314339637756, 0.5097349360585213, 0.5125272572040558, 0.5119741559028625, 0.505705863237381, 0.5018157064914703, 0.5104904770851135, 0.5031853094696999, 0.5055452585220337, 0.5071128979325294, 0.501929759979248, 0.5059556812047958, 0.5086776688694954, 0.507994256913662, 0.5021671205759048, 0.5054894089698792]}