{"best_val": 0.43594566732645035, "train_loss": [0.7465937104490068, 0.7219285335805681, 0.6975713670253754, 0.6750190986527337, 0.6531535320811801, 0.6300550599892935, 0.6070008840825822, 0.5850037501917945, 0.5671802626715766, 0.551567984951867, 0.5408702625168694, 0.5325538367033005, 0.5285036133395301, 0.5218060778246986, 0.5193847186035581, 0.5177418606148826, 0.5154923018481996, 0.5147254351112578, 0.5146236833598878, 0.5113935520251592, 0.5099225491285324, 0.5085052748521169, 0.5095572239822812, 0.5083466354343626, 0.5037734674082862, 0.5045488460196389, 0.5068464808993869, 0.5025593605306413, 0.5014242496755388, 0.4991302871041828, 0.5013847549756368, 0.49960509273740983, 0.49877529011832344, 0.49895840386549634, 0.49854346447520786, 0.5012733141581217, 0.4969353477160136, 0.4974525570869446, 0.49420978791183895, 0.4986997213628557, 0.49838874571853214, 0.49527595109409756, 0.49621108671029407, 0.493185806605551, 0.4942345834440655, 0.4918776253859202, 0.49324853552712333, 0.49425726797845626, 0.4943642434146669, 0.4923824518918991, 0.49110036922825706, 0.49179911116758984, 0.48918844759464264, 0.49083198110262555, 0.4902161094877455, 0.490560414062606, 0.4873742014169693, 0.4905603809489144, 0.48625636763042873, 0.48620207773314583, 0.4887232813570235, 0.48849700225724113, 0.4870143367184533, 0.4873557190100352, 0.487380787730217, 0.4856516983773973, 0.4852653443813324, 0.4851193063788944, 0.4846961481703652, 0.48625702990425956, 0.4841446992423799, 0.4843660857942369, 0.4827004240618812, 0.4846532411045498, 0.48516613245010376, 0.4866775903436873, 0.484736035267512, 0.484270829293463, 0.48306065797805786, 0.48411194649007583, 0.48009875582324135, 0.4816661212179396, 0.4815025611056222, 0.4838636401626799, 0.47939976387553745, 0.4812667849991057, 0.4795946644412147, 0.47956468827194637, 0.4816817459132936, 0.47815512782997555, 0.47924558487203384, 0.48118475907378727, 0.47859613100687665, 0.4805641753806008, 0.4780498743057251, 0.4812663329972161, 0.4758090873559316, 0.48075807922416264, 0.4783623119195302, 0.47682179013888043, 0.4765922758314345, 0.47794294191731346, 0.47793182565106285, 0.4778628299633662], "val_loss": [0.7148267328739166, 0.6914484053850174, 0.6685561537742615, 0.6471316069364548, 0.6244083940982819, 0.6048430353403091, 0.5792412757873535, 0.5589669346809387, 0.5441646426916122, 0.5305680334568024, 0.5171437785029411, 0.5122055783867836, 0.5037465244531631, 0.5038569197058678, 0.5001261681318283, 0.49318283796310425, 0.4905221685767174, 0.4832775890827179, 0.47805584222078323, 0.4824032783508301, 0.48203738778829575, 0.4773927852511406, 0.47725751996040344, 0.47805728018283844, 0.47907430678606033, 0.4746275767683983, 0.47555041313171387, 0.4695989042520523, 0.46769309788942337, 0.4743734076619148, 0.4658416211605072, 0.46961215883493423, 0.4679390490055084, 0.4612066000699997, 0.46263381838798523, 0.4668266177177429, 0.4668627232313156, 0.4592834413051605, 0.46402934193611145, 0.46882084757089615, 0.45916086435317993, 0.45526884496212006, 0.4587312340736389, 0.4620337411761284, 0.45605816692113876, 0.4584127739071846, 0.45454148203134537, 0.45589255541563034, 0.4558420330286026, 0.4560732990503311, 0.4534847214818001, 0.45946838706731796, 0.45576905459165573, 0.4543011859059334, 0.45965562760829926, 0.4496385380625725, 0.4550362676382065, 0.4482128545641899, 0.45313742756843567, 0.4528839886188507, 0.4512331783771515, 0.4517724737524986, 0.4525497630238533, 0.4428732618689537, 0.44496215879917145, 0.4628846272826195, 0.44857101142406464, 0.4459737613797188, 0.44735539704561234, 0.4463817626237869, 0.4480232372879982, 0.4444088935852051, 0.4539642333984375, 0.442192941904068, 0.4510115757584572, 0.44598478823900223, 0.4486619010567665, 0.4414992779493332, 0.44400669634342194, 0.4417506903409958, 0.4435611665248871, 0.4489339217543602, 0.44235917925834656, 0.4460920915007591, 0.4389011114835739, 0.4372786581516266, 0.44327887892723083, 0.4425452947616577, 0.44206419587135315, 0.4403323456645012, 0.4371575117111206, 0.4404790624976158, 0.44029705971479416, 0.43594566732645035, 0.43908004462718964, 0.4398762136697769, 0.43973352760076523, 0.44357647001743317, 0.4385443776845932, 0.4390309974551201, 0.4433439075946808, 0.4436081275343895, 0.44186972826719284, 0.4427042454481125]}