{"best_val": 0.4970882907509804, "train_loss": [0.6674674451351166, 0.6160171528657278, 0.564853075477812, 0.529977152744929, 0.51417475938797, 0.5040672007534239, 0.49973060687383014, 0.4959098845720291, 0.4922799832291073, 0.48914917144510484, 0.48916666209697723, 0.4854607515864902, 0.4864077733622657, 0.4803256822956933, 0.4837174084451463, 0.48155981136692894, 0.478077060646481, 0.47641394038995105, 0.47377792331907487, 0.4768081572320726, 0.47332413660155404, 0.4750381045871311, 0.4778648399644428, 0.46892933547496796, 0.47189391818311477, 0.47171908285882735, 0.46868404746055603], "val_loss": [0.6435335725545883, 0.5905151069164276, 0.5471946001052856, 0.5306176841259003, 0.5229639336466789, 0.5227185189723969, 0.5092455595731735, 0.5107593834400177, 0.508994072675705, 0.5078244805335999, 0.5085296183824539, 0.5022922232747078, 0.5095976665616035, 0.5031732022762299, 0.5074019134044647, 0.49912331998348236, 0.4970882907509804, 0.5026413202285767, 0.5003913938999176, 0.5027325451374054, 0.5060380548238754, 0.5014049485325813, 0.5007066205143929, 0.5034998804330826, 0.49935998767614365, 0.502809002995491, 0.505150131881237]}