{"best_val": 0.509562723338604, "train_loss": [0.7672387030389574, 0.7402304344707065, 0.7133451402187347, 0.6856112480163574, 0.6561540696356032, 0.6295992831389109, 0.610651734802458, 0.5978761679596372, 0.5865039726098379, 0.5736940834257338, 0.5656127283970515, 0.5562818977567885, 0.5468122396204207, 0.5423107792933782, 0.5343664371305041, 0.5338662299844954, 0.5315378589762582, 0.5288193573554357, 0.5249173922671212, 0.5261432412597868, 0.5239917354451286, 0.523673317498631, 0.5227241731352277, 0.5215969731410345, 0.5216748201184802, 0.5209294342332416, 0.5178959204090966, 0.5182961407634947, 0.5155864506959915, 0.5194838692744573, 0.5181173351075914, 0.5162381579478582, 0.5167382723755307, 0.513288559185134, 0.5136256747775607, 0.5131255123350356, 0.5123673147625394, 0.5092176612880495, 0.5113575309514999, 0.5110314074489806, 0.5085516091850069, 0.5076857109864553, 0.5078628526793586, 0.5079712321360906, 0.5057107723421521, 0.5078983522123761, 0.5044674161407683, 0.5077875438663695, 0.5029693792263666, 0.5052307612366147, 0.506138167447514, 0.5019008500708474, 0.5047742244270113, 0.5021214418941073, 0.5008219132820765, 0.5013425432973437, 0.5035446137189865, 0.5002444932858149, 0.5043552435106702, 0.49865474469131893, 0.5002675818072425, 0.4986316164334615, 0.4983600791957643, 0.5001643598079681, 0.49789149562517804, 0.4978989561398824, 0.49856629636552596, 0.49670583340856767, 0.5049052404032813, 0.4993204027414322, 0.49631891813543105, 0.494920305079884, 0.4987292918894026, 0.4993423521518707], "val_loss": [0.6719905436038971, 0.6598382294178009, 0.6478949785232544, 0.6352990716695786, 0.6224078834056854, 0.6120368391275406, 0.5992451012134552, 0.590937003493309, 0.5810631066560745, 0.5732467621564865, 0.5662177503108978, 0.5585130900144577, 0.5529427826404572, 0.5490776598453522, 0.5489339828491211, 0.5461059734225273, 0.542041152715683, 0.54435695707798, 0.5374609529972076, 0.5450204983353615, 0.5427685007452965, 0.5385283678770065, 0.5411484241485596, 0.5309001803398132, 0.5338832959532738, 0.5311815217137337, 0.5314086899161339, 0.5379766598343849, 0.5328522250056267, 0.5327351838350296, 0.5300654843449593, 0.5254727154970169, 0.5293485075235367, 0.5319213271141052, 0.52675911039114, 0.52406345307827, 0.5268321633338928, 0.5303698480129242, 0.5264648422598839, 0.5327051058411598, 0.5276148989796638, 0.5284240394830704, 0.5241324156522751, 0.5224447920918465, 0.5288781970739365, 0.5220453888177872, 0.5271595120429993, 0.5202107578516006, 0.5259303897619247, 0.5225052684545517, 0.5246080532670021, 0.5196168944239616, 0.5208876207470894, 0.5213406085968018, 0.5188139081001282, 0.5188051983714104, 0.5206105783581734, 0.5161482319235802, 0.5149454474449158, 0.5147923082113266, 0.5169072449207306, 0.5155887603759766, 0.5206238850951195, 0.509562723338604, 0.512979581952095, 0.5204952135682106, 0.5136095657944679, 0.5238922536373138, 0.5132172107696533, 0.5161282196640968, 0.5146867111325264, 0.5123002529144287, 0.5155582204461098, 0.518655426800251]}