{"best_val": 0.4958571717143059, "train_loss": [0.7158640523751577, 0.6849977076053619, 0.6562661230564117, 0.6224484410550859, 0.5884884364075131, 0.5579808784855737, 0.529553332262569, 0.5181588894791074, 0.5060581134425269, 0.4974590241909027, 0.48844653533564675, 0.48713458908928764, 0.4857521636618508, 0.4821614656183455, 0.4826549109485414, 0.4774102634853787, 0.4758756061395009, 0.4771410806311501, 0.4771326631307602, 0.4749294271071752, 0.4719998389482498, 0.4721706012884776, 0.4701378709740109, 0.47093788120481705, 0.46916606028874713, 0.46771302653683555, 0.4684313353565004, 0.4681665086083942, 0.46801013085577226, 0.4659916940662596, 0.46468260056442684, 0.466362123688062, 0.4652109079890781, 0.4617135475079219], "val_loss": [0.6873084455728531, 0.6643724739551544, 0.6348326653242111, 0.6056201010942459, 0.5680746287107468, 0.5468491613864899, 0.5345444232225418, 0.5335361883044243, 0.5215463861823082, 0.5231793969869614, 0.5171293094754219, 0.5217705816030502, 0.5106113329529762, 0.5105077177286148, 0.5111955553293228, 0.510652020573616, 0.5096520408987999, 0.5009169951081276, 0.5071152150630951, 0.5054387226700783, 0.5096221715211868, 0.5077296867966652, 0.5095682293176651, 0.4958571717143059, 0.5032330974936485, 0.5116461887955666, 0.5033349767327309, 0.508508488535881, 0.5044970884919167, 0.5014342591166496, 0.5048234835267067, 0.5026703998446465, 0.5116144642233849, 0.5101007521152496]}