{"best_val": 0.4568593502044678, "train_loss": [0.6749960051642524, 0.6619085239039527, 0.647625615199407, 0.6376880009969076, 0.6251275671852959, 0.6138549678855472, 0.6027024918132358, 0.5908432768450843, 0.5801521473460727, 0.5692881180180444, 0.5556538303693136, 0.5480298598607382, 0.5368403775824441, 0.5275743040773604, 0.5212378104527792, 0.5154927753739886, 0.5082965526315901, 0.5034665283229616, 0.49793511463536155, 0.494007882144716, 0.4930835829840766, 0.4882861342695024, 0.4841935767067803, 0.48111716906229657, 0.48342116673787433, 0.47835010124577415, 0.4791223340564304, 0.47464453677336377, 0.4761427789926529, 0.4757620510127809, 0.4765104485882653, 0.4732418242428038, 0.4747113121880425, 0.471499491069052, 0.4716988189352883, 0.46997250616550446, 0.4718074036969079, 0.46883728437953526, 0.46836014754242367, 0.47239803936746383, 0.4673647599087821, 0.47044221063454944, 0.4704483532243305, 0.46666603287061054, 0.46621715691354537, 0.4673004398743312, 0.46868451767497593, 0.4672545939683914, 0.4683275553915236, 0.4659612940417396, 0.4668894410133362, 0.46872886021931964, 0.4638126807080375, 0.467739118470086, 0.46608977516492206, 0.46656083563963574, 0.46729833053217995, 0.46373292803764343, 0.46469079454739887, 0.46074789265791577, 0.4631057298845715, 0.46269386013348895, 0.46539661288261414, 0.46369415521621704, 0.4622463219695621, 0.46257058282693225, 0.4646441572242313, 0.46296337412463295, 0.4619474874602424, 0.46177874008814496, 0.46174727711412644, 0.4624767171012031, 0.4583778265449736, 0.4608243438932631, 0.46407689650853473], "val_loss": [0.6753441840410233, 0.6599291563034058, 0.6487523019313812, 0.6371214538812637, 0.6245203465223312, 0.6116990745067596, 0.599538043141365, 0.5897869616746902, 0.5792622715234756, 0.5688033103942871, 0.5581926256418228, 0.5455146878957748, 0.5390302389860153, 0.5301634520292282, 0.5185035467147827, 0.5085917338728905, 0.5080210044980049, 0.505890779197216, 0.4981473609805107, 0.4935721978545189, 0.48725107312202454, 0.4889876917004585, 0.48521198332309723, 0.4850841388106346, 0.4834436923265457, 0.48252203315496445, 0.47741998732089996, 0.4758569449186325, 0.4764702171087265, 0.47832296043634415, 0.4781375527381897, 0.47693996131420135, 0.47660327702760696, 0.473951518535614, 0.47564246505498886, 0.47386086732149124, 0.46993590146303177, 0.474850594997406, 0.473293662071228, 0.4690691605210304, 0.47768157720565796, 0.4780428111553192, 0.4703652933239937, 0.47451477497816086, 0.4789600223302841, 0.4688725247979164, 0.47052905708551407, 0.4674026221036911, 0.47423622012138367, 0.47265738248825073, 0.47431907057762146, 0.47267111390829086, 0.46725933253765106, 0.46674519777297974, 0.46185293048620224, 0.46689901500940323, 0.4715911075472832, 0.4708315283060074, 0.46341822296380997, 0.4653700962662697, 0.4688554182648659, 0.4645855203270912, 0.46284259855747223, 0.47062763571739197, 0.4568593502044678, 0.46756452322006226, 0.4685742035508156, 0.46366753429174423, 0.46893396973609924, 0.463512159883976, 0.4626586064696312, 0.46317268908023834, 0.4650590717792511, 0.466052882373333, 0.45743000507354736]}