{"best_val": 0.46420397609472275, "train_loss": [0.7147938675350614, 0.7099907762474484, 0.7051745156447092, 0.7004118959108988, 0.695569591389762, 0.6903934809896681, 0.684858007563485, 0.6787834167480469, 0.672202855348587, 0.6645838386482663, 0.65727831919988, 0.6478937433825599, 0.6381704575485654, 0.6270599861939748, 0.6148723165194193, 0.6042192975680033, 0.5913062161869473, 0.5788077877627479, 0.5689705047342513, 0.5582192175918155, 0.5491088562541537, 0.5434250185887018, 0.5367535683843825, 0.5314397596650653, 0.5272430082162222, 0.5211489515172111, 0.5172294047143724, 0.5116919808917575, 0.5128334975904889, 0.5102200425333447, 0.5067522757583194, 0.5052538530694114, 0.5023337139023675, 0.4997573230001662, 0.4976305398676131, 0.49446620378229356, 0.49439405070410836, 0.4951373123460346, 0.4915116528669993, 0.49145523872640395, 0.4875032636854384, 0.4858809560537338, 0.4874850743346744, 0.47938863436381024, 0.4837782283624013, 0.48105323480235207, 0.4833494789070553, 0.4806323978636, 0.48081571691566044, 0.47791394425763023, 0.4774675915638606, 0.4757903714974721, 0.47790811624791885, 0.4756230115890503, 0.47700905468728805, 0.4737527287668652, 0.470509120159679, 0.4766229788462321, 0.47398968206511605, 0.4750310728947322, 0.47539060645633274, 0.4752512640423245, 0.47140126923720044, 0.4711899177895652], "val_loss": [0.7126132547855377, 0.70827516913414, 0.7032890319824219, 0.69847571849823, 0.6933717131614685, 0.6879284083843231, 0.6821822226047516, 0.6759592890739441, 0.6690184772014618, 0.6616653352975845, 0.6527707576751709, 0.642834946513176, 0.6330472677946091, 0.6239616721868515, 0.6126667708158493, 0.6013389080762863, 0.5880455076694489, 0.5780230909585953, 0.5708408355712891, 0.5614441931247711, 0.5562998205423355, 0.5499313548207283, 0.5422936528921127, 0.5384141951799393, 0.5365571901202202, 0.5337522998452187, 0.5248758271336555, 0.5236209630966187, 0.5247613489627838, 0.5145720094442368, 0.5080871805548668, 0.5073295533657074, 0.49895884841680527, 0.5001433864235878, 0.4969353675842285, 0.5021715313196182, 0.49535156041383743, 0.4913203492760658, 0.4886389747262001, 0.49219394475221634, 0.48529744148254395, 0.48701054602861404, 0.4870682954788208, 0.48231734335422516, 0.47614841163158417, 0.479354165494442, 0.4760485962033272, 0.4741502031683922, 0.4720907136797905, 0.4785316437482834, 0.4764992445707321, 0.4705241248011589, 0.4762786328792572, 0.46420397609472275, 0.47014977037906647, 0.47373344749212265, 0.4718101769685745, 0.4668261259794235, 0.47149164229631424, 0.47123000025749207, 0.46850671619176865, 0.4679785668849945, 0.4655054211616516, 0.4739593416452408]}