{"best_val": 0.43126294761896133, "train_loss": [0.6622233291467031, 0.6151280734274123, 0.5743975109524198, 0.538378894329071, 0.5181864268249936, 0.5057572705878152, 0.502401762538486, 0.49397393895520103, 0.48960188693470424, 0.4860288053750992, 0.4825037038988537, 0.48267610371112823, 0.48454512986871934, 0.48099730246596867, 0.47822467651632095, 0.4758695347441567, 0.4709077477455139, 0.473735554350747, 0.4733274098899629, 0.47269631922245026, 0.46933503614531624, 0.46534598535961574, 0.46721955637137097, 0.4646923492352168, 0.46875953012042576, 0.4661511646376716, 0.467489759127299, 0.4617361542251375, 0.4602852380938, 0.45828135146035087, 0.45792699025736916, 0.45862353179189896, 0.45794081687927246, 0.4579977161354489, 0.454025011923578, 0.45465077128675246, 0.45401695039537215, 0.4515305641624663, 0.45461107459333205, 0.45183731615543365, 0.4499157319466273, 0.44816558725304073, 0.4498439182837804, 0.4495265334844589, 0.447606881459554, 0.448490795161989, 0.4478979143831465], "val_loss": [0.6353525072336197, 0.5898389965295792, 0.5461913645267487, 0.5151878669857979, 0.49315670132637024, 0.47571800649166107, 0.4747179299592972, 0.47433559596538544, 0.46052587777376175, 0.4601811170578003, 0.45803719758987427, 0.4595121666789055, 0.45873213559389114, 0.45629945397377014, 0.45410849153995514, 0.4519129917025566, 0.4528740122914314, 0.44619935005903244, 0.44954863935709, 0.4472883716225624, 0.44755663722753525, 0.4415741115808487, 0.44269856065511703, 0.4385402053594589, 0.44207096099853516, 0.44310615956783295, 0.44096988439559937, 0.43825653195381165, 0.44375667721033096, 0.4422463998198509, 0.44053123891353607, 0.4376099184155464, 0.4373500421643257, 0.43536143004894257, 0.44207963347435, 0.4412362352013588, 0.43126294761896133, 0.4376967176795006, 0.43972335010766983, 0.43817034363746643, 0.43563004583120346, 0.43446505814790726, 0.4327857047319412, 0.4327036365866661, 0.43808430433273315, 0.44257453829050064, 0.4386346861720085]}