{"best_val": 0.471090167760849, "train_loss": [0.7170375618669722, 0.7046344843175676, 0.6924730208184984, 0.6811993718147278, 0.6702750656339858, 0.6579070621066623, 0.6440585984124078, 0.6300009356604682, 0.614047110080719, 0.5984005563788943, 0.5850711034403907, 0.5692055192258623, 0.5568642814954122, 0.5433765484227074, 0.5327664564053217, 0.5213985857036378, 0.51405501862367, 0.5070876197682487, 0.5006378673844867, 0.49733151495456696, 0.4899921980169084, 0.4885743227269914, 0.4880477405256695, 0.48424730863836074, 0.4829811039898131, 0.4783924486902025, 0.476779462562667, 0.47665147814485764, 0.47397225432925755, 0.47560342649618786, 0.4738339318169488, 0.4732864134841495, 0.4732293536265691, 0.47020280526743996, 0.4687913374768363, 0.4693712492783864, 0.4710564878251817, 0.4693334499994914, 0.4709220661057366, 0.47013963427808547, 0.4663476016786363, 0.4681268185377121, 0.46637698511282605, 0.4682214922375149, 0.46577035387357074, 0.46379859414365554, 0.46480294399791294], "val_loss": [0.7012684792280197, 0.6909554451704025, 0.6804027259349823, 0.6689582616090775, 0.6577556282281876, 0.6461369842290878, 0.6322516798973083, 0.6185212582349777, 0.6003079861402512, 0.5871658623218536, 0.5692186951637268, 0.5608602315187454, 0.5460861325263977, 0.5345654785633087, 0.521592304110527, 0.5147548317909241, 0.5083823800086975, 0.49846360832452774, 0.49688342213630676, 0.4952845871448517, 0.49017134308815, 0.48810452222824097, 0.48745258897542953, 0.4820791557431221, 0.4822622239589691, 0.48255860060453415, 0.4816573038697243, 0.4812850132584572, 0.4811539128422737, 0.4853018447756767, 0.47903843224048615, 0.47461021691560745, 0.47929318994283676, 0.48029831796884537, 0.4777257665991783, 0.4777449518442154, 0.471090167760849, 0.4759523570537567, 0.4732256755232811, 0.482004351913929, 0.4796765446662903, 0.4811941534280777, 0.47572211176157, 0.4804408326745033, 0.4786195382475853, 0.4796743243932724, 0.481208436191082]}