{"best_val": 0.4679657369852066, "train_loss": [0.6634879211584727, 0.6412679453690847, 0.618285788430108, 0.5952276488145193, 0.5700921250714196, 0.5551024741596646, 0.5461170540915595, 0.5348143113984002, 0.5278933379385207, 0.526173914472262, 0.520970481965277, 0.5202459262477027, 0.515302355090777, 0.5135611610280143, 0.5128186063634025, 0.5144812911748886, 0.509638539618916, 0.5064468565914366, 0.5054162061876721, 0.5067581484715143, 0.5054372996091843, 0.5041850523816215, 0.5049140933487151, 0.5017262995243073, 0.5030982130103641], "val_loss": [0.6443526893854141, 0.6213169693946838, 0.5934478044509888, 0.5645465552806854, 0.5380505174398422, 0.5204939842224121, 0.5022797137498856, 0.4990670159459114, 0.490719698369503, 0.48549409210681915, 0.48128312826156616, 0.48012595623731613, 0.47785478085279465, 0.47786539793014526, 0.4679657369852066, 0.47593676298856735, 0.4700016751885414, 0.487110435962677, 0.46861304342746735, 0.4708169922232628, 0.47091469913721085, 0.47437379509210587, 0.47048626095056534, 0.46858152002096176, 0.4689733013510704]}