{"best_val": 0.5153485387563705, "train_loss": [0.6529643701182472, 0.6243585215674506, 0.5979011489285363, 0.5699026882648468, 0.5450776401493285, 0.5269239991903305, 0.5126654720968671, 0.5011506378650665, 0.4992659356858995, 0.4917631281746758, 0.49124203953478074, 0.4873027520047294, 0.48734472692012787, 0.48462841080294716, 0.4868824978669484, 0.48365218937397003, 0.48149394823445213, 0.4811229788594776, 0.4810314112239414, 0.4804764572117064, 0.475259929895401, 0.47690431276957196, 0.4769460939698749, 0.4750344620810615, 0.476918015215132, 0.4752599961227841, 0.47691962122917175, 0.4727444549401601], "val_loss": [0.6353226006031036, 0.6119348257780075, 0.5904959589242935, 0.5702382624149323, 0.5570891946554184, 0.544637456536293, 0.5393465831875801, 0.5296368300914764, 0.5259524583816528, 0.5244429633021355, 0.5163261815905571, 0.5217346549034119, 0.5223484858870506, 0.5242469981312752, 0.5213736444711685, 0.5205691456794739, 0.5185863524675369, 0.5153485387563705, 0.5193118005990982, 0.5189714282751083, 0.5168730765581131, 0.5162617787718773, 0.5164274275302887, 0.521087184548378, 0.5189885348081589, 0.5184133276343346, 0.5205158516764641, 0.5167187079787254]}