{"best_val": 0.46066491305828094, "train_loss": [0.6758622129758199, 0.6565025713708665, 0.6339540084203085, 0.6102666291925642, 0.5828332172499763, 0.5615892327494092, 0.5440697189834383, 0.5338798181878196, 0.5268073628346125, 0.5188973777823978, 0.5156024032168918, 0.5124782919883728, 0.5085795223712921, 0.5057364917463727, 0.5032562050554488, 0.5011025898986392, 0.5001561128430896, 0.4997746017244127, 0.4969794816441006, 0.49834895961814457, 0.4965629362397724, 0.4969261603222953, 0.4983528819349077, 0.4960990051428477, 0.4930068635278278, 0.49254489110575783, 0.49005745351314545, 0.4915129923158222, 0.491485305958324, 0.4868101014031304, 0.4910508990287781, 0.4886234965589311, 0.49098697470294106, 0.48911093175411224, 0.4885103454192479, 0.48574622637695736, 0.48536916077136993, 0.48478420409891343, 0.48563359843360054, 0.4876742660999298, 0.48472969068421257, 0.4837828146086799, 0.4853953768809636, 0.4841971695423126, 0.48326509197552997], "val_loss": [0.664928063750267, 0.6424917876720428, 0.6165561228990555, 0.5810466706752777, 0.5463979691267014, 0.5256453156471252, 0.5151476711034775, 0.5010173618793488, 0.48961903899908066, 0.4854806289076805, 0.4807898849248886, 0.47527477890253067, 0.4754891023039818, 0.4723934009671211, 0.4742491692304611, 0.4707298129796982, 0.47198837995529175, 0.46880365163087845, 0.46945396810770035, 0.4686584621667862, 0.46777837723493576, 0.4710400253534317, 0.467617928981781, 0.46917934715747833, 0.4665539413690567, 0.4657372459769249, 0.4643688499927521, 0.4636657238006592, 0.46680769324302673, 0.4643065631389618, 0.46452808380126953, 0.46371034532785416, 0.46514149755239487, 0.4662032574415207, 0.46066491305828094, 0.4702800065279007, 0.4661962613463402, 0.4684435725212097, 0.4649910256266594, 0.4632468670606613, 0.4709988236427307, 0.4644286558032036, 0.46498455852270126, 0.4673041105270386, 0.4715474247932434]}