{"best_val": 0.508306123316288, "train_loss": [0.7072683705223931, 0.6761292682753669, 0.6426385409302182, 0.6076694991853502, 0.5745678411589729, 0.5436039302084181, 0.5206515441338221, 0.5050956590308083, 0.49307375649611157, 0.48291712005933124, 0.4804955754015181, 0.479467683368259, 0.473683829108874, 0.4717260350783666, 0.4676674157381058, 0.46809817519452834, 0.46223950882752735, 0.46436040434572434, 0.4622158110141754, 0.4590468555688858, 0.4588242057296965, 0.46100471417109173, 0.4578861627313826, 0.45423344936635757, 0.45495515565077466, 0.45428332686424255, 0.4564938445885976, 0.45253899527920616, 0.4527730842431386, 0.4533141172594494, 0.4509963062074449, 0.45037832525041366, 0.4488455785645379, 0.4465226282676061, 0.4465357263882955, 0.45238231784767574, 0.4459274527099397], "val_loss": [0.7010540664196014, 0.6686122566461563, 0.6378024220466614, 0.6035478264093399, 0.5777210146188736, 0.5593996644020081, 0.5475382804870605, 0.540523074567318, 0.5305164158344269, 0.526783712208271, 0.5202566757798195, 0.5219776183366776, 0.5205938145518303, 0.5143112316727638, 0.5166558474302292, 0.51869847625494, 0.515956848859787, 0.5093473568558693, 0.5158964842557907, 0.5125910192728043, 0.5139023065567017, 0.5134830176830292, 0.5145852342247963, 0.5205809250473976, 0.5103953033685684, 0.51092229783535, 0.508306123316288, 0.5187464728951454, 0.5158177986741066, 0.510619044303894, 0.5176823511719704, 0.5156154930591583, 0.5215748399496078, 0.5181990787386894, 0.5227842554450035, 0.518697589635849, 0.5192188024520874]}