{"best_val": 0.49986132234334946, "train_loss": [0.678239729669359, 0.6445518996980455, 0.6094779140419431, 0.5740192598766751, 0.5496366173028946, 0.5260690003633499, 0.5166777471701304, 0.5054471790790558, 0.49860385557015735, 0.49412264426549274, 0.4912272294362386, 0.4889787932236989, 0.48904554711447823, 0.48313477138678235, 0.48066335585382247, 0.4810349957810508, 0.4825756185584598, 0.47955720788902706, 0.4777749627828598, 0.4783305691348182, 0.4750090522898568, 0.47872548633151585, 0.47570773628022933, 0.47609061499436695, 0.4730580714013841, 0.4718625528944863, 0.47424081961313885, 0.47550389501783585, 0.4727325058645672, 0.4733596195777257, 0.4699114312728246, 0.471414253115654, 0.4700591680076387, 0.46540733675162, 0.4715147150887383, 0.4661572244432237, 0.46547819177309674, 0.4647378557258182, 0.46745768354998696, 0.4651922997501161, 0.4662358793947432, 0.46858710547288257, 0.4647177838616901, 0.4646949917078018], "val_loss": [0.6610386222600937, 0.6299089640378952, 0.6016793251037598, 0.5717313587665558, 0.5546630024909973, 0.5397296622395515, 0.540124699473381, 0.5265008807182312, 0.5266690254211426, 0.5210892930626869, 0.5268392488360405, 0.5224641859531403, 0.5213957205414772, 0.525130458176136, 0.5243530124425888, 0.5211662352085114, 0.5276006609201431, 0.5214829742908478, 0.5110989287495613, 0.5171852111816406, 0.5170627310872078, 0.5176995769143105, 0.512945219874382, 0.521580696105957, 0.5103218033909798, 0.5092444345355034, 0.5137307047843933, 0.5139203146100044, 0.5156335458159447, 0.5116055756807327, 0.5036963596940041, 0.510352648794651, 0.5092422589659691, 0.49986132234334946, 0.5036860331892967, 0.5097920671105385, 0.5102323740720749, 0.5093127936124802, 0.5104333013296127, 0.5027134567499161, 0.5020413622260094, 0.5057507902383804, 0.5076836347579956, 0.50605658441782]}