{"best_val": 0.4729105085134506, "train_loss": [0.6587337917751737, 0.6514789130952623, 0.6445300247934129, 0.6375723878542582, 0.6302982171376547, 0.6235481566852994, 0.6179365913073221, 0.610667434003618, 0.6033449702792697, 0.5977633562352922, 0.5896228154500326, 0.5816048218144311, 0.5759587585926056, 0.566933704747094, 0.5609936945968204, 0.5532241927252876, 0.5460724035898844, 0.539048820734024, 0.5370046165254381, 0.5269080466694303, 0.5225351005792618, 0.517774009042316, 0.5102944920460383, 0.5071014877822664, 0.5007753123839697, 0.5044052998224894, 0.4988149421082603, 0.4992055909501182, 0.495386325650745, 0.491413661175304, 0.49288026326232487, 0.4869973229037391, 0.48729346692562103, 0.48428912460803986, 0.48320260809527504, 0.483953144815233, 0.4801943269040849, 0.47761717935403186, 0.4778915031088723, 0.47492097814877826, 0.4762895289394591, 0.47702084481716156, 0.47305426167117226, 0.47397781246238285, 0.4745960368050469, 0.47209569811820984, 0.47052595681614345, 0.47017160223590004, 0.47119827568531036, 0.46912409861882526, 0.46959291564093697, 0.4683505396048228, 0.4718172666099336, 0.4696820063723458, 0.4692229876915614, 0.46808603074815536, 0.4676832076576021, 0.4651951524946425, 0.4664546102285385, 0.46610977086755967, 0.46749438014295364, 0.4658619496557448, 0.46663246386581, 0.46555811829037136, 0.46387022071414524, 0.46502800120247734, 0.46377699077129364, 0.4634786430332396, 0.46422603560818565], "val_loss": [0.655678778886795, 0.6485153436660767, 0.6412574499845505, 0.6346646845340729, 0.6273765861988068, 0.622163936495781, 0.6150873750448227, 0.60887011885643, 0.60179603099823, 0.5949324518442154, 0.5892360359430313, 0.5806121677160263, 0.5728295296430588, 0.5651122778654099, 0.5554482042789459, 0.5477157235145569, 0.5437816828489304, 0.5390255749225616, 0.5306168794631958, 0.5268913805484772, 0.5249867588281631, 0.5116795375943184, 0.5100516900420189, 0.5157806053757668, 0.5082785040140152, 0.506366528570652, 0.4985405206680298, 0.4987383484840393, 0.49732811748981476, 0.4959258660674095, 0.49641045928001404, 0.4961862787604332, 0.49186860769987106, 0.4931027293205261, 0.48468631505966187, 0.48629043996334076, 0.48512084782123566, 0.48945074528455734, 0.4841063544154167, 0.48630446940660477, 0.4844132363796234, 0.4883161932229996, 0.4888679161667824, 0.4817792624235153, 0.48289812356233597, 0.4912441372871399, 0.48268719762563705, 0.4865015149116516, 0.4854755997657776, 0.48353254795074463, 0.48781052231788635, 0.4802319258451462, 0.4776553586125374, 0.47457077354192734, 0.47958942502737045, 0.4806113466620445, 0.47751713544130325, 0.47994981706142426, 0.4729105085134506, 0.48200035840272903, 0.4818030446767807, 0.48044711351394653, 0.47671468555927277, 0.48034004867076874, 0.4783233031630516, 0.4800298288464546, 0.48028554022312164, 0.4829454571008682, 0.4810749962925911]}