{"best_val": 0.4676959067583084, "train_loss": [0.6665109395980835, 0.6341290341483222, 0.5974220169915093, 0.5567270782258775, 0.5272714561886258, 0.5047725687424341, 0.49205033149984145, 0.4823951307270262, 0.47758011851045823, 0.47382598287529415, 0.4688020232650969, 0.4653109560410182, 0.4629969911442863, 0.4626808315515518, 0.4595872826046414, 0.45692911247412366, 0.4591648413075341, 0.45663589073552024, 0.4548937843905555, 0.45822468896706897, 0.45115519563357037, 0.45610086288717056, 0.4565150522523456, 0.4509100433852937, 0.44973832534419167, 0.4478464358382755, 0.4517337563965056, 0.45057014955414665, 0.45148274964756435, 0.44784682657983566, 0.44544532232814366, 0.44614776968955994, 0.4453370620807012, 0.4461787806616889, 0.44918936987717945, 0.44361281394958496, 0.44400353564156425, 0.44373547699716354, 0.4405236575338576, 0.444608877102534, 0.4464380409982469, 0.4424590186940299, 0.44229212568865883, 0.4396432803736793, 0.44032564096980625, 0.43886224263244206, 0.44173722134696114, 0.4413323584530089, 0.4384937932093938, 0.438311442732811, 0.4360662168926663, 0.43619389666451347, 0.43898382286230725, 0.4365808020035426, 0.4362735367483563, 0.43526267343097264], "val_loss": [0.6456028074026108, 0.6121626198291779, 0.5742887109518051, 0.5348449796438217, 0.5099560022354126, 0.5005043670535088, 0.4929316118359566, 0.49020157754421234, 0.49336376786231995, 0.48831693083047867, 0.4852188676595688, 0.48891162872314453, 0.4848221018910408, 0.4811679646372795, 0.4861564040184021, 0.4852059409022331, 0.48042771965265274, 0.48762333393096924, 0.48020362854003906, 0.4783354550600052, 0.4773038476705551, 0.47981448471546173, 0.48059816658496857, 0.4777005463838577, 0.47469819337129593, 0.48172727227211, 0.4804953932762146, 0.48174533247947693, 0.47818438708782196, 0.47334280610084534, 0.4748479351401329, 0.48153475672006607, 0.48298995196819305, 0.4763088747859001, 0.47114599496126175, 0.4690568968653679, 0.4728165343403816, 0.4716437831521034, 0.47672203183174133, 0.47299836575984955, 0.4738345071673393, 0.47544103115797043, 0.46870551258325577, 0.47163253277540207, 0.4685934856534004, 0.4676959067583084, 0.4765223041176796, 0.4680558741092682, 0.47534582018852234, 0.47307655215263367, 0.46867308020591736, 0.47431137412786484, 0.4687579497694969, 0.473792165517807, 0.4727948307991028, 0.47290174663066864]}