{"best_val": 0.49627745151519775, "train_loss": [0.6589129666487376, 0.6502973867787255, 0.6422432959079742, 0.6333430276976691, 0.6244844396909078, 0.6138137314054701, 0.6031461457411448, 0.5911289718416002, 0.575851301352183, 0.5634958677821689, 0.5503205474880006, 0.5395789477560256, 0.5281403246853087, 0.520595047208998, 0.5124747008085251, 0.5063477870490816, 0.50093584590488, 0.49327968888812596, 0.4912850856781006, 0.4851260433594386, 0.4852747751606835, 0.48211219244533116, 0.4788714564508862, 0.4767835736274719, 0.4774510082271364, 0.4730504701534907, 0.4746136880583233, 0.4715646538469527, 0.47033751507600147, 0.4667418764697181, 0.4675248745414946, 0.4665436065859265, 0.4693528314431508, 0.46703145239088273, 0.4678647832738029, 0.4651375628179974, 0.4631081471840541, 0.46495191587342155, 0.4628273861275779, 0.46245113843017155, 0.4629136439826753, 0.4607823159959581, 0.46038322978549534, 0.4603581792778439, 0.46193022198147243, 0.45684514939785004, 0.4588652335935169, 0.4583923833237754, 0.4529355896843804, 0.4573477523194419, 0.45756493012110394, 0.45613813896973926, 0.45521197385258144], "val_loss": [0.653236523270607, 0.646118775010109, 0.6414352506399155, 0.6326775848865509, 0.6238889843225479, 0.6154546439647675, 0.6062840074300766, 0.5965828150510788, 0.5858119577169418, 0.5752032697200775, 0.568051815032959, 0.55909064412117, 0.5500088483095169, 0.5416847392916679, 0.5439936369657516, 0.5415553450584412, 0.534121036529541, 0.5306980758905411, 0.5309877395629883, 0.5234947875142097, 0.5224701166152954, 0.5156301334500313, 0.5183031931519508, 0.5132121369242668, 0.5114145502448082, 0.5134565532207489, 0.5099133476614952, 0.5107332766056061, 0.5089850053191185, 0.5179415419697762, 0.5112103670835495, 0.5081065148115158, 0.5070348680019379, 0.508108101785183, 0.5081944763660431, 0.5079507231712341, 0.5100276842713356, 0.5031580701470375, 0.5018164217472076, 0.5071389898657799, 0.5102630853652954, 0.5064593553543091, 0.49627745151519775, 0.5039340257644653, 0.5055691823363304, 0.5081630647182465, 0.5060370117425919, 0.4983736649155617, 0.49836117029190063, 0.5076691657304764, 0.5019472911953926, 0.5039411336183548, 0.5072017014026642]}