{"best_val": 0.47113191336393356, "train_loss": [0.7133696476618449, 0.6877272725105286, 0.6638977328936259, 0.6438332597414652, 0.626677069399092, 0.6031684014532301, 0.5842766033278571, 0.5677829086780548, 0.5564984695778953, 0.5466429359383054, 0.5381854044066535, 0.5334882289171219, 0.5263968192868762, 0.5249386843707826, 0.5228040864070257, 0.5223973989486694, 0.5203417655494478, 0.5194632791810565, 0.5149251404735777, 0.5157084316015244, 0.5104057937860489, 0.5138413939211104, 0.5106503052843941, 0.5103111267089844, 0.509990930557251, 0.5101160738203261, 0.5081003705660502, 0.5068430635664198, 0.5052918444077173, 0.5036396963728799, 0.5063717332151201, 0.5057889355553521, 0.5045748154322306, 0.5019324554337395, 0.502207123570972, 0.5013613369729784, 0.502591042055024, 0.4999447895420922, 0.4996645384364658, 0.5029890686273575], "val_loss": [0.6715638786554337, 0.6540530920028687, 0.6351830363273621, 0.6136979013681412, 0.5875979363918304, 0.5600293725728989, 0.540710374712944, 0.5212686508893967, 0.5083818435668945, 0.5026751607656479, 0.49219754338264465, 0.49374211579561234, 0.48528406769037247, 0.4912014752626419, 0.4914790391921997, 0.48226960003376007, 0.48289134353399277, 0.48128191381692886, 0.4814605563879013, 0.48245835304260254, 0.487171895802021, 0.4797934666275978, 0.47707991302013397, 0.4770757257938385, 0.4824034795165062, 0.4768635556101799, 0.4762560576200485, 0.4750118628144264, 0.47417786717414856, 0.47113191336393356, 0.47269683331251144, 0.47767864912748337, 0.4728920981287956, 0.47569087892770767, 0.4743822291493416, 0.4776657819747925, 0.4768824130296707, 0.48136865347623825, 0.47473423928022385, 0.4739500805735588]}