{"best_val": 0.5173698738217354, "train_loss": [0.7856883505980173, 0.7494354314274259, 0.7118065290980868, 0.6737224890126122, 0.642494390408198, 0.618130601114697, 0.5935104423099093, 0.5771830711099837, 0.5596457454893324, 0.5527606341573927, 0.541671946644783, 0.5339360104666816, 0.5308875193198522, 0.5246312932835685, 0.524440747168329, 0.5244963400893741, 0.5228509952624639, 0.519455212685797, 0.5151631517542733, 0.5127623726924261, 0.5164848913749059, 0.5135707490974002, 0.5099932021564908, 0.5094829450050989, 0.5069454626904594, 0.5063316259119246, 0.5064679202106264, 0.5051120155387454, 0.5031831396950616, 0.5034536470969518, 0.5008266435729133, 0.5040635565916697, 0.5027400486999087], "val_loss": [0.7101042419672012, 0.6847698092460632, 0.6579180210828781, 0.635779470205307, 0.614597886800766, 0.5961346477270126, 0.5804101526737213, 0.569328635931015, 0.5592779070138931, 0.5494697242975235, 0.5426551401615143, 0.5412642359733582, 0.542000874876976, 0.5396745726466179, 0.5387200862169266, 0.5386576801538467, 0.5315251275897026, 0.5277749076485634, 0.5320287942886353, 0.531098797917366, 0.5227973312139511, 0.527433231472969, 0.5173698738217354, 0.5250460430979729, 0.5190030261874199, 0.5237947478890419, 0.5207994133234024, 0.5208207294344902, 0.5213201493024826, 0.5238638743758202, 0.5205016806721687, 0.517451636493206, 0.5177668631076813]}