{"best_val": 0.5040058121085167, "train_loss": [0.6964125964376662, 0.6900445289081998, 0.6842489242553711, 0.6781955560048422, 0.6723428236113654, 0.6659767660829756, 0.6601403951644897, 0.6527362333403693, 0.6457847952842712, 0.6390092074871063, 0.6309486230214437, 0.624326722489463, 0.615638385216395, 0.6081637574566735, 0.6013316445880466, 0.5939688086509705, 0.5877282487021552, 0.5795866019195981, 0.5742595659361945, 0.5701129138469696, 0.5627850857045915, 0.5599450568358103, 0.5545671416653527, 0.5506594710879855, 0.5478285286161635, 0.5449879782067405, 0.5402232590648863, 0.538261365559366, 0.5349337839417987, 0.5337949146827062, 0.5296096321609285, 0.5280734035703871, 0.5249930239386029, 0.5217454665237002, 0.5212151524093416, 0.5210457758771049, 0.5159751011265649, 0.5159575310018327, 0.5130480147070355, 0.5130287326044507, 0.5098553283347024, 0.5079011619091034, 0.5095184395710627, 0.5053457551532321, 0.5047903077469932, 0.5074938982725143, 0.5041803022225698, 0.5030665844678879, 0.5007806420326233, 0.5002256102032132, 0.49812979499499005, 0.49604050318400067, 0.4980669617652893, 0.4959941969977485, 0.49566254847579533, 0.49783479008409715, 0.49589723845322925, 0.4952205734120475, 0.4936969379583995, 0.49018039802710217, 0.49357469711038804, 0.4883618983957503, 0.4913777990473641, 0.4906141493055556, 0.4946447792980406, 0.48964710699187386, 0.4887900898853938, 0.4908806582291921, 0.48901739716529846, 0.4877644197808372, 0.4884778724776374, 0.4866567800442378, 0.483965234624015, 0.4889910767475764, 0.48717569642596775, 0.48863128158781266, 0.484572634100914, 0.48709675835238564, 0.48460408051808673], "val_loss": [0.6920521408319473, 0.6863602101802826, 0.68062824010849, 0.6749394088983536, 0.669437825679779, 0.6638960540294647, 0.6577008962631226, 0.6505094319581985, 0.6457636803388596, 0.6366033852100372, 0.6304123550653458, 0.6223808228969574, 0.6153994351625443, 0.6092806458473206, 0.6036811023950577, 0.5992406159639359, 0.5908707082271576, 0.5835787057876587, 0.5806708186864853, 0.5759655833244324, 0.5709323734045029, 0.5681548416614532, 0.5640430003404617, 0.5676012486219406, 0.5595462322235107, 0.5582093521952629, 0.5591540187597275, 0.5520622879266739, 0.5537431836128235, 0.5445363745093346, 0.5426811650395393, 0.5460866242647171, 0.5360390841960907, 0.5428055673837662, 0.533227801322937, 0.5335460007190704, 0.5339286178350449, 0.5321699529886246, 0.5305170118808746, 0.5335543751716614, 0.5239763185381889, 0.5284126698970795, 0.5232045501470566, 0.5237190872430801, 0.5203272551298141, 0.5211852788925171, 0.5154741778969765, 0.5198165401816368, 0.5153250172734261, 0.5178295969963074, 0.5135427713394165, 0.5152333676815033, 0.5173333063721657, 0.5131614804267883, 0.5117101594805717, 0.5087354704737663, 0.5165971294045448, 0.5131009966135025, 0.5092296972870827, 0.511723518371582, 0.5106704533100128, 0.5061698853969574, 0.5119341462850571, 0.5094462335109711, 0.5150996223092079, 0.5065195262432098, 0.509939581155777, 0.5132465958595276, 0.5040058121085167, 0.5141380503773689, 0.5059645250439644, 0.5054403692483902, 0.5085990652441978, 0.5079819783568382, 0.512767843902111, 0.5056777819991112, 0.5097381100058556, 0.513829343020916, 0.5074243620038033]}