{"best_val": 0.5146785825490952, "train_loss": [0.7746958600150214, 0.7436165147357516, 0.7187473906411065, 0.6943394078148736, 0.6715407503975762, 0.6479670206705729, 0.6243991321987576, 0.6012237966060638, 0.5787593026955923, 0.5557704501681857, 0.5376671950022379, 0.5250552197297415, 0.5165216790305244, 0.5086086922221713, 0.5057214912441041, 0.5022651735279295, 0.4991280767652724, 0.4957287924157249, 0.496170096927219, 0.4886628935734431, 0.49124928812185925, 0.4876696997218662, 0.4895077231857512, 0.48677994310855865, 0.4870966805352105, 0.4867180618974898, 0.48519861367013717, 0.4843236770894792, 0.487675537665685, 0.48157671756214565, 0.4831537836127811, 0.4827576196855969, 0.48194800648424363, 0.4822161661254035, 0.4816838370429145, 0.4815010627110799, 0.47996676796012455, 0.4783497071928448, 0.4766451484627194, 0.4761581818262736, 0.48069195118215347, 0.47725404302279156], "val_loss": [0.7645192295312881, 0.736730232834816, 0.7136339247226715, 0.6898518651723862, 0.6682804226875305, 0.6476276516914368, 0.6252742409706116, 0.6041747629642487, 0.5840490460395813, 0.56987564265728, 0.5568163692951202, 0.5468990355730057, 0.5388945415616035, 0.5375364720821381, 0.5342786014080048, 0.5353297144174576, 0.5347157716751099, 0.5312594622373581, 0.5279344320297241, 0.5253997966647148, 0.5224918127059937, 0.5298581644892693, 0.5270458087325096, 0.52627232670784, 0.5256727263331413, 0.5201097428798676, 0.523778885602951, 0.5251780450344086, 0.5226644352078438, 0.5227159857749939, 0.5352360904216766, 0.5146785825490952, 0.5185233429074287, 0.5237682536244392, 0.5224373564124107, 0.5224718376994133, 0.5152481645345688, 0.5203413888812065, 0.5245796293020248, 0.5152669325470924, 0.5230991318821907, 0.5227800533175468]}