{"best_val": 0.4819517582654953, "train_loss": [0.7210776574081845, 0.6849799189302657, 0.6534479127989875, 0.626954605182012, 0.5974764062298669, 0.5683644645743899, 0.545429645313157, 0.5294867240720325, 0.5135131925344467, 0.5067051450411478, 0.5015284501843982, 0.49902356333202785, 0.49286536706818473, 0.4895223495033052, 0.48792468508084613, 0.4880422353744507, 0.48331480224927265, 0.4854380322827233, 0.48112597730424667, 0.4778004652924008, 0.4789478878180186, 0.4771054883797963, 0.4734334498643875, 0.4731902993387646, 0.47319721347755855, 0.47315362095832825, 0.46901559829711914, 0.4719447013404634, 0.47018589244948494, 0.47292304039001465, 0.4704747928513421, 0.46979344884554547, 0.4631756924920612, 0.46740394002861446, 0.4668792188167572, 0.46737804181045955, 0.46770940721035004, 0.46321935455004376, 0.4642820159594218, 0.4639117585288154, 0.4647846900754505, 0.4646826452679104, 0.462730026907391, 0.4622173458337784], "val_loss": [0.683083787560463, 0.6606630682945251, 0.6329965442419052, 0.6038623601198196, 0.5711863785982132, 0.5443112999200821, 0.5184492245316505, 0.5054947808384895, 0.5068726688623428, 0.5026906281709671, 0.49891233444213867, 0.5009200125932693, 0.49975214153528214, 0.499956950545311, 0.49567028880119324, 0.493977926671505, 0.4998224079608917, 0.49560752511024475, 0.4914169907569885, 0.4948635771870613, 0.4909275323152542, 0.49315667152404785, 0.4897838607430458, 0.4975035786628723, 0.4884288161993027, 0.49564144760370255, 0.48508331179618835, 0.4894392490386963, 0.485464371740818, 0.4853566363453865, 0.485724613070488, 0.49286624044179916, 0.4919127747416496, 0.4819517582654953, 0.4893248900771141, 0.49085620045661926, 0.4870891720056534, 0.49546198546886444, 0.487510621547699, 0.48955030739307404, 0.49294884502887726, 0.4895516559481621, 0.49985890835523605, 0.48893245309591293]}