{"best_val": 0.47401320934295654, "train_loss": [0.6719701985518137, 0.6244560413890414, 0.5761993908219867, 0.5381326691971885, 0.5202403912941614, 0.5059114264117347, 0.502151370048523, 0.5008232278956307, 0.49859816829363507, 0.49528205229176414, 0.49442708161142135, 0.49083032541804844, 0.48916857606834835, 0.48789216578006744, 0.4860369596216414, 0.4840588851107491, 0.48430459532472825, 0.48251380523045856, 0.48262353407012093, 0.4791788525051541, 0.48111605313089156, 0.4810675001806683, 0.47711784806516433, 0.47991393009821576, 0.4766258696715037, 0.4785019126203325, 0.4738906290796068], "val_loss": [0.6477199494838715, 0.5940994471311569, 0.5445274859666824, 0.5134825929999352, 0.5043508559465408, 0.49322276562452316, 0.48390015214681625, 0.4811420440673828, 0.4864471033215523, 0.48708147555589676, 0.480460025370121, 0.480881504714489, 0.47510000318288803, 0.4787459224462509, 0.48401542752981186, 0.47835830599069595, 0.47401320934295654, 0.47881417721509933, 0.48224738985300064, 0.4844745919108391, 0.4821883365511894, 0.4820501208305359, 0.4823916256427765, 0.4811648055911064, 0.48005272448062897, 0.48415975272655487, 0.4822375774383545]}