{"best_val": 0.5153404027223587, "train_loss": [0.6857800053225623, 0.660764710770713, 0.638235072294871, 0.6222488118542565, 0.6090257068475088, 0.5987787577841017, 0.5866415831777785, 0.5779813594288297, 0.5684168636798859, 0.5602932605478499, 0.553382169869211, 0.55045471754339, 0.54766536421246, 0.5432239522536596, 0.5410309765073988, 0.5418397502766715, 0.5359900775882933, 0.5358960611952676, 0.5328437818421258, 0.5297981583409839, 0.5272364947530959, 0.5297721061441634, 0.5240920020474328, 0.5231082356638379, 0.523454992307557, 0.5184930480188794, 0.5178421835104624, 0.5164514697260327, 0.5170598013533486, 0.512904844350285, 0.5158951497740216, 0.5138234198093414, 0.511994202931722, 0.5121841943926282, 0.5078692866696252, 0.509252076347669, 0.507922511961725, 0.5067220032215118, 0.5045987615982691], "val_loss": [0.655324250459671, 0.6400623172521591, 0.6222508996725082, 0.6086965650320053, 0.5987658500671387, 0.5848306864500046, 0.5760239511728287, 0.5618273764848709, 0.5614003390073776, 0.5528358072042465, 0.5485767424106598, 0.5486854016780853, 0.5456287562847137, 0.552322193980217, 0.5381107702851295, 0.544869527220726, 0.5372716188430786, 0.5334790721535683, 0.5347983539104462, 0.5321398377418518, 0.5306685566902161, 0.5315139144659042, 0.5295624807476997, 0.5249197408556938, 0.524077333509922, 0.5308895781636238, 0.5248497128486633, 0.5254551023244858, 0.5153404027223587, 0.5253661721944809, 0.5284970104694366, 0.5219618827104568, 0.521805889904499, 0.5166886076331139, 0.5155676454305649, 0.521757997572422, 0.5169192180037498, 0.5231320336461067, 0.519530862569809]}