{"best_val": 0.4990515112876892, "train_loss": [0.7287429935402341, 0.7153826786412133, 0.7027409507168664, 0.6905871133009592, 0.6781492630640665, 0.6656709214051565, 0.6516761746671464, 0.6406468384795718, 0.6293631427817874, 0.6156779395209419, 0.6040478216277229, 0.5933627916706933, 0.5819675127665201, 0.5716278917259641, 0.5586767262882657, 0.5474450240532557, 0.5390786810053719, 0.5329976545439826, 0.5294043636984296, 0.521703282992045, 0.5188065353367064, 0.5139082007937961, 0.5119641207986407, 0.510387134220865, 0.5065739320384132, 0.5022067460748885, 0.5009568482637405, 0.49928492142094505, 0.4983034332593282, 0.49414176907804275, 0.4960274050633113, 0.4970085819562276, 0.4950942744811376, 0.49398279852337307, 0.49229954017533195, 0.49062014950646293, 0.49171057012346053, 0.4869076841407352, 0.4874187873469459, 0.4896925505664613, 0.4863925327857335, 0.48515251610014176, 0.4862462961011463], "val_loss": [0.7373806983232498, 0.72377510368824, 0.7100003957748413, 0.6972888857126236, 0.6847420930862427, 0.6708457618951797, 0.6573963463306427, 0.6437287330627441, 0.6319671422243118, 0.6189255714416504, 0.6057224422693253, 0.5949184000492096, 0.5804415941238403, 0.5674247592687607, 0.5646321773529053, 0.5501007586717606, 0.5409524142742157, 0.5360420271754265, 0.530341163277626, 0.524506188929081, 0.5205391272902489, 0.5201608166098595, 0.5202493295073509, 0.5180506333708763, 0.5113073587417603, 0.5100179687142372, 0.5150776505470276, 0.5076417997479439, 0.5108993351459503, 0.5018675401806831, 0.5073680132627487, 0.5032821372151375, 0.4990515112876892, 0.5064631775021553, 0.5013162419199944, 0.5032829120755196, 0.5000127255916595, 0.5075688138604164, 0.5040067955851555, 0.5031384155154228, 0.5056019350886345, 0.5001743137836456, 0.4996737092733383]}