{"best_val": 0.4513156786561012, "train_loss": [0.6928891307777829, 0.632383965783649, 0.588946498102612, 0.5604774488343133, 0.5484898719522688, 0.5389398949013816, 0.5314603067106671, 0.5297885222567452, 0.5228280011150572, 0.5217223597897424, 0.5192961874935362, 0.5157281226581998, 0.5151240411731932, 0.5103769799073538, 0.5117891033490499, 0.5057839966482587, 0.5043753931919733, 0.5040523062149683, 0.5015801572137408, 0.5002026359240214, 0.49953151411480373, 0.5005238321092393, 0.49467870593070984, 0.4979875799682405, 0.4967072225279278, 0.4912691464026769, 0.4925434539715449, 0.491431067387263, 0.49120208786593544, 0.4907049636046092, 0.4896036270591948, 0.4888779769341151, 0.488412587179078, 0.49252252446280587, 0.4860761413971583, 0.49062780870331657, 0.4925620009501775, 0.4909578859806061, 0.4899081273211373, 0.48871426118744743, 0.4873477104637358, 0.484851630197631, 0.48496032423443264, 0.4884442521466149, 0.4852152185307609, 0.48703597486019135, 0.4848385900259018, 0.4820083263847563, 0.4842158837450875, 0.4839080356889301, 0.48554839856094784, 0.4855334891213311, 0.4813523027631972, 0.48196257650852203, 0.48182805213663316, 0.4844050854444504, 0.4827864186631309, 0.4812518573469586, 0.4809766941600376, 0.48082852860291797], "val_loss": [0.6431417912244797, 0.5930497646331787, 0.5572977662086487, 0.5437198430299759, 0.5285474956035614, 0.5159770175814629, 0.516060397028923, 0.5087398141622543, 0.49923326820135117, 0.5017598494887352, 0.5021131187677383, 0.49521488696336746, 0.48726432025432587, 0.48524152487516403, 0.47948093712329865, 0.4800223857164383, 0.4773942455649376, 0.47422317415475845, 0.4794307053089142, 0.47718311846256256, 0.46901727467775345, 0.471859447658062, 0.4667123481631279, 0.47309356927871704, 0.4723345637321472, 0.4620163142681122, 0.46694115549325943, 0.45943043380975723, 0.46701592206954956, 0.4656597822904587, 0.46027834713459015, 0.4590766355395317, 0.46245384961366653, 0.4617484360933304, 0.4627089872956276, 0.4593294933438301, 0.4594644010066986, 0.4597577750682831, 0.4567713513970375, 0.4606178030371666, 0.4599928632378578, 0.4543812647461891, 0.46364832669496536, 0.4623846337199211, 0.4572825953364372, 0.461383618414402, 0.45903877913951874, 0.4582013189792633, 0.45511361956596375, 0.4513156786561012, 0.4571625515818596, 0.453309029340744, 0.455108106136322, 0.46033894270658493, 0.45845622569322586, 0.4574325308203697, 0.45417990535497665, 0.4593842774629593, 0.4543534144759178, 0.4555305391550064]}