{"best_val": 0.46268460899591446, "train_loss": [0.6891681883070204, 0.6422224541505178, 0.5957499278916253, 0.5590319037437439, 0.5414836025900311, 0.5270572172270881, 0.5214878999524646, 0.5111142612165875, 0.507214829325676, 0.5015334122710757, 0.5001721448368497, 0.5001945512162315, 0.4957834631204605, 0.49455784261226654, 0.49235038624869454, 0.4901669869820277, 0.4904148793882794, 0.488615514503585, 0.48913056155045825, 0.4854203959306081, 0.48565950824154747, 0.48455099099212223, 0.48313606282075244, 0.48482975198162925, 0.4805256310436461, 0.4794854604535633, 0.4815400805738237, 0.4814019203186035, 0.48054978251457214, 0.47693485021591187, 0.47662924395667183, 0.47695329785346985, 0.4754299289650387, 0.4753849655389786], "val_loss": [0.6551454216241837, 0.6014181822538376, 0.5492535382509232, 0.5142708495259285, 0.4965522587299347, 0.4919949322938919, 0.4796063229441643, 0.4741964042186737, 0.47417642176151276, 0.46708763390779495, 0.4739505797624588, 0.46690835803747177, 0.4661218896508217, 0.4747259318828583, 0.4658186733722687, 0.4712401404976845, 0.46747060865163803, 0.46875374019145966, 0.47044094651937485, 0.4672810509800911, 0.4666108638048172, 0.47052284330129623, 0.46393420547246933, 0.46268460899591446, 0.4656768664717674, 0.46824268996715546, 0.46626704931259155, 0.4646165519952774, 0.4666527435183525, 0.46859025955200195, 0.4657398834824562, 0.46687979996204376, 0.4668075516819954, 0.4689611941576004]}