{"best_val": 0.460968442261219, "train_loss": [0.7976239257388644, 0.7735466758410136, 0.7503936092058817, 0.726120822959476, 0.7015894254048666, 0.6766981681187948, 0.6505045957035489, 0.6272760430971781, 0.6031133896774716, 0.5814568731519911, 0.5624920858277215, 0.5433577613698112, 0.5335680693387985, 0.5234756916761398, 0.517011844449573, 0.5080982098976771, 0.5055944903029336, 0.5011932386292351, 0.5006060236030154, 0.5016281124618318, 0.4984471235010359, 0.4971868246793747, 0.494277180896865, 0.49057354032993317, 0.49381009075376725, 0.4922771238618427, 0.48906051284737057, 0.4920683552821477, 0.49084706604480743, 0.48751086990038556, 0.4901266743739446, 0.48987317747539944, 0.4858910143375397, 0.48978055516878766, 0.48565227621131474, 0.48423250516255695, 0.4842773709032271, 0.4843584398428599, 0.48621928360727096, 0.486262536711163, 0.48471570014953613, 0.4841803593768014, 0.48615652157200706, 0.4843830284145143, 0.48306388159592945, 0.4834873494174745, 0.4820008807712131, 0.48233266174793243, 0.4806015392144521, 0.4830768323606915, 0.4845796012216144, 0.47965071598688763, 0.4808706475628747, 0.4802214006582896, 0.48062167399459416, 0.4801649616824256, 0.4796258376704322, 0.4771479500664605, 0.4777921901808845, 0.4786673039197922, 0.4812884247965283, 0.4790143420298894, 0.4767817838324441, 0.4796271125475566, 0.48060666190253365, 0.47437388863828445, 0.4775015264749527, 0.47605930931038326, 0.47488005956013996, 0.47449613445334965, 0.475508193174998, 0.4749547772937351, 0.47632989949650234, 0.4744665672381719, 0.47524065441555446, 0.4764618327220281, 0.4755296077993181], "val_loss": [0.7833374291658401, 0.7602433860301971, 0.7370653003454208, 0.712703675031662, 0.6892371475696564, 0.661698505282402, 0.6383534073829651, 0.6121165901422501, 0.5932266265153885, 0.568281814455986, 0.5506157279014587, 0.5366740524768829, 0.5257435217499733, 0.5230940356850624, 0.5119374617934227, 0.5043979659676552, 0.5022436752915382, 0.495791494846344, 0.4919544458389282, 0.4914997071027756, 0.4889896437525749, 0.4828987345099449, 0.49564140290021896, 0.4911622181534767, 0.48758404701948166, 0.48566436022520065, 0.4847975894808769, 0.4821677953004837, 0.4774396941065788, 0.4823581129312515, 0.48050275444984436, 0.4806044176220894, 0.4805222749710083, 0.47946299612522125, 0.4803984761238098, 0.47554827481508255, 0.4808249995112419, 0.4777737855911255, 0.4714847132563591, 0.47208933532238007, 0.4719100818037987, 0.4728452041745186, 0.4770607426762581, 0.4758637771010399, 0.47262050956487656, 0.47214630991220474, 0.47077853977680206, 0.4737580642104149, 0.4688991829752922, 0.47113461792469025, 0.4693877249956131, 0.46245990693569183, 0.46765799075365067, 0.47035249322652817, 0.46490803360939026, 0.46948953717947006, 0.46894481033086777, 0.46801961958408356, 0.4675714150071144, 0.46960166096687317, 0.46796654164791107, 0.46156109869480133, 0.46594563126564026, 0.4674890264868736, 0.4653825908899307, 0.4616756811738014, 0.460968442261219, 0.46493370831012726, 0.4692357927560806, 0.46460165828466415, 0.4646599516272545, 0.46358149498701096, 0.4662213996052742, 0.463747076690197, 0.46387115865945816, 0.4643814191222191, 0.46265919506549835]}