{"best_val": 0.49804916232824326, "train_loss": [0.7282286650604672, 0.7013077967696719, 0.6769770880540212, 0.6527631415261163, 0.628208167023129, 0.6023630234930251, 0.5749129354953766, 0.5472243941492505, 0.5238753308852514, 0.5028001682625877, 0.48731154368983376, 0.4771287673049503, 0.47550143632623887, 0.4704711933930715, 0.47050049238734776, 0.47221045527193284, 0.47035643623934853, 0.4658838990661833, 0.4659651435083813, 0.46620579726166195, 0.46392960515287185, 0.4636199010743035, 0.4613729765017827, 0.4597598479853736, 0.45714571409755284, 0.45989903973208535, 0.4600596891509162, 0.45936767591370475, 0.4557219511932797, 0.45545584625667995, 0.4538923766877916, 0.4555779910749859, 0.45725199414624107, 0.4535579863521788, 0.4533127678765191, 0.4514763504266739, 0.4543611291382048, 0.4527539511521657], "val_loss": [0.7116125524044037, 0.6884229779243469, 0.6707031428813934, 0.6509300470352173, 0.6284868717193604, 0.604077160358429, 0.5803233832120895, 0.5597791522741318, 0.5387186855077744, 0.5277456194162369, 0.5154126435518265, 0.5153343081474304, 0.5175082460045815, 0.5145975425839424, 0.5159258469939232, 0.5121836215257645, 0.5155966952443123, 0.5067688077688217, 0.50993662327528, 0.5086099728941917, 0.5072690546512604, 0.5107427015900612, 0.5067541748285294, 0.5023233965039253, 0.5035936236381531, 0.5100001469254494, 0.5084901824593544, 0.49804916232824326, 0.504356138408184, 0.5094303861260414, 0.5058183372020721, 0.5040239319205284, 0.5039574801921844, 0.5080654472112656, 0.5004049092531204, 0.5056660398840904, 0.5038745328783989, 0.5013477057218552]}