{"best_val": 0.5071747079491615, "train_loss": [0.7150024010075463, 0.6785908473862542, 0.6439325875706143, 0.6105896499421861, 0.581081340710322, 0.5560363696681129, 0.5389497677485148, 0.5237831589248445, 0.5192878411875831, 0.5127976901001401, 0.5092304001251856, 0.5064870814482371, 0.5045744164122475, 0.5009954786962934, 0.49918537669711643, 0.49986353351010215, 0.4975864970021778, 0.4956064290470547, 0.49829957716994816, 0.4951726728015476, 0.4921579311291377, 0.4919509705570009, 0.4901986949973636, 0.4927895681725608, 0.488569771250089, 0.49177217814657426, 0.4868476589520772, 0.4872177690267563], "val_loss": [0.6931198984384537, 0.661321297287941, 0.6315519958734512, 0.6043752133846283, 0.5784702003002167, 0.5611559599637985, 0.5482241958379745, 0.5357436090707779, 0.5255626663565636, 0.5256892293691635, 0.52256890386343, 0.5192055627703667, 0.5227782130241394, 0.5175528973340988, 0.5109036713838577, 0.5149842351675034, 0.5168610587716103, 0.5071747079491615, 0.5143531933426857, 0.5200113579630852, 0.5135646536946297, 0.5106276795268059, 0.513274073600769, 0.5108625441789627, 0.5157497897744179, 0.5077674314379692, 0.508653037250042, 0.5147278755903244]}