{"best_val": 0.49875013530254364, "train_loss": [0.717603498035007, 0.6962279544936286, 0.6722230977482266, 0.6454841825697157, 0.6128330892986722, 0.5789114534854889, 0.5505400962299771, 0.5322078830666013, 0.5231955680582259, 0.5203176389137903, 0.5138522022300296, 0.508732772535748, 0.5065965238544676, 0.50437607202265, 0.5032055907779269, 0.501514732837677, 0.4977322138018078, 0.5020400732755661, 0.49892351693577236, 0.496233989795049, 0.49379946457015145, 0.49544523490799797, 0.4930218822426266, 0.4953691644801034, 0.4932212382555008, 0.4958856205145518, 0.491519120004442, 0.4916577719979816, 0.49056746893458897, 0.4875085999568303, 0.4864892578787274, 0.4866738435294893, 0.4871968775987625, 0.48795559836758506, 0.48488226532936096, 0.48759979671902126, 0.48712629245387185, 0.4855302671591441, 0.4845374557707045, 0.488029099173016, 0.4862386749850379], "val_loss": [0.6992378085851669, 0.6773646026849747, 0.6499846577644348, 0.616598978638649, 0.5845524966716766, 0.556391641497612, 0.5356483161449432, 0.5206659808754921, 0.5223211571574211, 0.5087805166840553, 0.5112984925508499, 0.5119789987802505, 0.509373351931572, 0.5116161033511162, 0.5097983255982399, 0.5086117014288902, 0.50618477165699, 0.5023264139890671, 0.5085403472185135, 0.5062315985560417, 0.5022729784250259, 0.5061191841959953, 0.5048074647784233, 0.5080387368798256, 0.5091124773025513, 0.5021225139498711, 0.5026018470525742, 0.5079327896237373, 0.5079807192087173, 0.5083681121468544, 0.49875013530254364, 0.5076485425233841, 0.5098107382655144, 0.5073261484503746, 0.5073119699954987, 0.5092610567808151, 0.5024838149547577, 0.5109580457210541, 0.5062882602214813, 0.5014451071619987, 0.4989664629101753]}