{"best_val": 0.5136546492576599, "train_loss": [0.7101963327990638, 0.704793436659707, 0.6994809011618296, 0.6940255330668555, 0.6883827812141843, 0.6823169059223599, 0.6753190159797668, 0.6678096751372019, 0.6599295967155032, 0.6513343387179904, 0.6415868865119086, 0.6315120094352298, 0.6215799450874329, 0.6105763150586022, 0.6006019711494446, 0.5893361369768778, 0.5803788536124759, 0.5714032749334971, 0.562421139743593, 0.5545050104459127, 0.5489358802636465, 0.5423260165585412, 0.5370638767878214, 0.5352531472841898, 0.5300213843584061, 0.5257450905111101, 0.522226451171769, 0.5200716505448023, 0.5166270020935271, 0.5166106190946367, 0.5164194421635734, 0.512064571181933, 0.5092039157946905, 0.5089853720532523, 0.5083519932296541, 0.5034949034452438, 0.5044887082444297, 0.5035930193132825, 0.5020050439569685, 0.5009335064225726, 0.5008346256282594, 0.496080971426434, 0.4990704043043984, 0.4950731330447727, 0.4968915349907345, 0.4958551029364268, 0.49352513750394184, 0.4951729343997108, 0.49293968081474304, 0.49264413946204716, 0.4910992698536979, 0.4903107136487961, 0.49246390495035386, 0.4888493451807234, 0.48877426485220593, 0.4916563712888294, 0.48898691601223415, 0.48778297503789264, 0.48733560575379264, 0.48711591131157345, 0.4902968969610002, 0.48432182768980664, 0.48469265467590755], "val_loss": [0.7049884498119354, 0.7000687122344971, 0.6949426084756851, 0.6895966827869415, 0.6839710623025894, 0.6778520494699478, 0.6704786568880081, 0.66351418197155, 0.6554954200983047, 0.6475692242383957, 0.6382163166999817, 0.6280864477157593, 0.6195638179779053, 0.61073037981987, 0.6005938500165939, 0.59112448990345, 0.5826656967401505, 0.576775997877121, 0.5745029449462891, 0.5670091956853867, 0.559961199760437, 0.5540568381547928, 0.5518452227115631, 0.5509173274040222, 0.5478816628456116, 0.5471154600381851, 0.5439336895942688, 0.5382109582424164, 0.5393252372741699, 0.5422919988632202, 0.5345707610249519, 0.5323373824357986, 0.5291255563497543, 0.532701313495636, 0.5315560549497604, 0.5301167666912079, 0.5270073413848877, 0.5243683084845543, 0.5236857980489731, 0.5309640765190125, 0.5229289457201958, 0.5250888839364052, 0.5180544182658195, 0.524127297103405, 0.5210018455982208, 0.5209287405014038, 0.5227677747607231, 0.5196693614125252, 0.5188698247075081, 0.5184715613722801, 0.5241357088088989, 0.5159285292029381, 0.5136546492576599, 0.5182994455099106, 0.5241645723581314, 0.5221562758088112, 0.5223319604992867, 0.520654484629631, 0.5219866931438446, 0.5184031277894974, 0.5200833454728127, 0.5148239359259605, 0.5166656374931335]}