{"best_val": 0.45142433047294617, "train_loss": [0.6631405982706282, 0.6619931724336412, 0.6612309515476227, 0.6594377954800924, 0.6580288410186768, 0.6574806604120467, 0.6564833488729265, 0.6553536355495453, 0.6544569399621751, 0.6533088154262967, 0.6525501410166422, 0.6516862213611603, 0.6507702469825745, 0.6496146221955618, 0.6486480368508233, 0.647169957558314, 0.646751708454556, 0.6453990505801307, 0.6436817480458153, 0.6429621312353346, 0.6415635115570493, 0.6404585209157732, 0.6397861275408003, 0.638905707332823, 0.6366728842258453, 0.6358708639939626, 0.6340164475970798, 0.6334081027242873, 0.6316943698459201, 0.6305761569076114, 0.6293061971664429, 0.6280564268430074, 0.6274235877725813, 0.6261628303262923, 0.6243977579805586, 0.6227218243810866, 0.6223160922527313, 0.6202242937352922, 0.6186945537726084, 0.6171542207400004, 0.6153439978758494, 0.614280770222346, 0.612747480471929, 0.6108402411142985, 0.6093411511845059, 0.6086477769745721, 0.6066528989209069, 0.6048971580134498, 0.6035510102907816, 0.6022167338265313, 0.6006483501858182, 0.599371118677987, 0.5972267190615336, 0.5944728983773125, 0.5930368304252625, 0.5918773412704468, 0.5890858835644193, 0.5872942739062839, 0.5854701399803162, 0.5829707615905337, 0.5813037587536706, 0.5797294146484799, 0.578295057018598, 0.5751242140928904, 0.5749309493435754, 0.5735214981767867, 0.5692642165554894, 0.5684879355960422, 0.5681069294611613, 0.5627240455812879, 0.562876777516471, 0.562283049027125, 0.5576404399342008, 0.5597474541929033, 0.556859701871872, 0.5534050977892346, 0.5518886148929596, 0.5500104758474562, 0.5486330058839586, 0.5471402025885053, 0.5447908937931061, 0.542273986670706, 0.542258663309945, 0.5413339022133086, 0.5371822499566608, 0.5360360973411136, 0.534250451458825, 0.5326816621753905, 0.5316751268174913, 0.5298294772704443, 0.5299983041154014, 0.526149152053727, 0.5257203181584676, 0.5232094758086734, 0.5225124640597237, 0.5212234391106499, 0.5185431126091216, 0.5183367646402783, 0.5184610419803195, 0.514799040224817, 0.5148012720876269, 0.5137956374221377, 0.5107320961025026, 0.5087334579891629, 0.5114128523402743, 0.5090601825051837, 0.510032508108351, 0.5071869211064445, 0.505869545870357, 0.504074537091785, 0.5024934096468819, 0.5056520269976722, 0.502772319648001, 0.503618554936515, 0.5025323960516188, 0.49939724140697056, 0.49869782891538406, 0.49988499614927506, 0.4978565358453327, 0.49664969080024296, 0.4954020016723209, 0.49760837852954865, 0.4947768847147624, 0.4936012609137429, 0.49543193644947475, 0.4944520592689514, 0.49323392079936135, 0.4962988777293099, 0.49139098326365155, 0.4951546870999866, 0.49156051377455395, 0.4947233663664924, 0.49248719215393066, 0.4906085812383228, 0.4899623327785068, 0.49285748932096696, 0.4887346890237596, 0.49132336841689217, 0.48929040299521553, 0.48823292387856376, 0.48821671472655404, 0.4890779091252221, 0.48546942240662044, 0.4858327723211712, 0.4852825469440884, 0.4873022453652488, 0.4875490897231632, 0.4882950352297889, 0.48883192406760323, 0.4855787108341853, 0.48218366007010144, 0.48607608675956726, 0.48626717428366345, 0.4862309942642848, 0.4888053470187717, 0.4843439973062939, 0.4826165172788832, 0.48439255356788635, 0.4809700200955073, 0.483504487408532, 0.4860313120815489, 0.48442980812655556, 0.4834476676252153, 0.48431263698471916, 0.48454632692866856], "val_loss": [0.6640357375144958, 0.6621404588222504, 0.661955326795578, 0.660325825214386, 0.6592420339584351, 0.6590333431959152, 0.6570548713207245, 0.657273918390274, 0.654746949672699, 0.6553946435451508, 0.6525981277227402, 0.6531116515398026, 0.6520228683948517, 0.6511389166116714, 0.6504519283771515, 0.6483049839735031, 0.6481007784605026, 0.6449050456285477, 0.6463241577148438, 0.6434888541698456, 0.6429868042469025, 0.6414696723222733, 0.6407214850187302, 0.6401375234127045, 0.6376692950725555, 0.6379643678665161, 0.6356440037488937, 0.6340754330158234, 0.6328684389591217, 0.6319616883993149, 0.6309676170349121, 0.6311436295509338, 0.629241093993187, 0.6279842555522919, 0.6254737824201584, 0.624126747250557, 0.6254404634237289, 0.6227183640003204, 0.6196058541536331, 0.6187338382005692, 0.6194606721401215, 0.6162284016609192, 0.6114439070224762, 0.6125645935535431, 0.6138376891613007, 0.6100003272294998, 0.6077996790409088, 0.6068053394556046, 0.6037848591804504, 0.6031872630119324, 0.6026627570390701, 0.602635070681572, 0.5997786372900009, 0.5961640030145645, 0.5943383425474167, 0.5935592949390411, 0.5924316048622131, 0.5856349468231201, 0.5861686021089554, 0.5849088728427887, 0.5846502184867859, 0.5795971900224686, 0.5816439688205719, 0.5783133953809738, 0.5772557109594345, 0.5729942321777344, 0.570529893040657, 0.5681373178958893, 0.5660694539546967, 0.562336876988411, 0.5635160952806473, 0.5606705993413925, 0.5629727616906166, 0.5545399188995361, 0.5580331385135651, 0.5520645827054977, 0.5522068813443184, 0.5518313646316528, 0.547733448445797, 0.5463441163301468, 0.5413278937339783, 0.5418737679719925, 0.534353718161583, 0.5397235378623009, 0.537739560008049, 0.5301005616784096, 0.5321600884199142, 0.5291822925209999, 0.5275222063064575, 0.5246969386935234, 0.5255496054887772, 0.5195742473006248, 0.5224396958947182, 0.5178190916776657, 0.5180599465966225, 0.5105527713894844, 0.5070046707987785, 0.5107307657599449, 0.5084350034594536, 0.5125154331326485, 0.5079187452793121, 0.5054253563284874, 0.5050070434808731, 0.5042249262332916, 0.49783260375261307, 0.49999967962503433, 0.4988214746117592, 0.49728304147720337, 0.492378793656826, 0.4920640215277672, 0.4900671914219856, 0.49074098467826843, 0.4910939782857895, 0.48979363590478897, 0.48133469372987747, 0.4830741286277771, 0.4864262193441391, 0.48675546050071716, 0.4863065034151077, 0.47837262600660324, 0.47495946288108826, 0.48341789096593857, 0.4829450100660324, 0.47778426110744476, 0.47487829625606537, 0.4749355912208557, 0.4767424017190933, 0.4743962213397026, 0.47148318588733673, 0.47630438953638077, 0.4657161980867386, 0.4664362818002701, 0.467547208070755, 0.4682563617825508, 0.46844332665205, 0.4693208783864975, 0.46902118623256683, 0.467004232108593, 0.4613571986556053, 0.4639231860637665, 0.46628855913877487, 0.46229856461286545, 0.46299245208501816, 0.46475647389888763, 0.4619572162628174, 0.46159452944993973, 0.4658932164311409, 0.4584639146924019, 0.46114567667245865, 0.46205898374319077, 0.4634183645248413, 0.4573712944984436, 0.46051207184791565, 0.4636715427041054, 0.45142433047294617, 0.46013863384723663, 0.4588804841041565, 0.46105102449655533, 0.4574078544974327, 0.45491814613342285, 0.4598862752318382, 0.4651796445250511, 0.4561866447329521, 0.45485447347164154, 0.45710518956184387]}