{"best_val": 0.5037889406085014, "train_loss": [0.7043434414598677, 0.6945508387353685, 0.6851094663143158, 0.6752152807182736, 0.665317048629125, 0.6534998350673251, 0.6412535044882033, 0.6271975371572707, 0.610667218764623, 0.5942757195896573, 0.5784033371342553, 0.5621941983699799, 0.5479202303621504, 0.5359063429964913, 0.5273540119330088, 0.5195305380556319, 0.5122045344776578, 0.5069018105665842, 0.5007195356819365, 0.49813799063364667, 0.4934247252013948, 0.4917031211985482, 0.48635639746983844, 0.48676801721254986, 0.48427650332450867, 0.4793216387430827, 0.4792006231016583, 0.4769432445367177, 0.47775620884365505, 0.47631052136421204, 0.475858587357733, 0.4714810268746482, 0.46895433796776664, 0.47373705605665845, 0.47009966439670986, 0.4684658580356174, 0.46747036774953205, 0.4671950687964757, 0.4674040575822194, 0.4641047997607125, 0.4657830430401696, 0.4619860698779424, 0.46087823808193207, 0.4623253444830577, 0.46172377467155457, 0.46127913229995304, 0.4601864367723465, 0.45577120780944824, 0.46041755543814766, 0.4589281479517619, 0.45586216780874467, 0.45875738230016494, 0.45733677016364205, 0.4553615599870682, 0.45516318413946366, 0.4567236718204286, 0.4537173526154624, 0.45264488293064964, 0.4542635977268219, 0.4533946083651649, 0.45100155969460803, 0.45233909951315987, 0.45183438724941677, 0.45119156108962166], "val_loss": [0.6982936859130859, 0.689927875995636, 0.6819414049386978, 0.6736380159854889, 0.6639443784952164, 0.654420480132103, 0.6430281698703766, 0.630499929189682, 0.6151382029056549, 0.6011212170124054, 0.5891765803098679, 0.577650636434555, 0.5638099163770676, 0.5583569407463074, 0.5529312342405319, 0.5475191846489906, 0.5464329347014427, 0.544244572520256, 0.5391821563243866, 0.5301162153482437, 0.5320056676864624, 0.5306719243526459, 0.5299022197723389, 0.5275521129369736, 0.5238292440772057, 0.5213233381509781, 0.5298111066222191, 0.5215209573507309, 0.5180192217230797, 0.5209893509745598, 0.5169907584786415, 0.5169092416763306, 0.5178547501564026, 0.5122014954686165, 0.5174952149391174, 0.5151093676686287, 0.5208920538425446, 0.5201620161533356, 0.5066926330327988, 0.5119110867381096, 0.5096240192651749, 0.5115332677960396, 0.5077595114707947, 0.5136674866080284, 0.5130085349082947, 0.5102719366550446, 0.5105077922344208, 0.504852905869484, 0.5110122263431549, 0.5129846185445786, 0.5039368495345116, 0.5068004429340363, 0.5100905299186707, 0.5037889406085014, 0.5067482814192772, 0.505901388823986, 0.5075655952095985, 0.512114979326725, 0.5052493885159492, 0.5057229474186897, 0.5133313611149788, 0.5048425272107124, 0.5076364129781723, 0.5105132982134819]}