{"best_val": 0.4565182626247406, "train_loss": [0.6990241408348083, 0.6392962601449754, 0.5961078438493941, 0.5626346204015944, 0.5403952896595001, 0.5314331402381262, 0.5239919887648689, 0.5153815547625223, 0.5144925283061134, 0.510363295674324, 0.5118230548169878, 0.5047066609064738, 0.500685011347135, 0.5014026794168684, 0.49327004783683354, 0.4948715700043572, 0.4920309434334437, 0.4890216953224606, 0.4891283031966951, 0.48706739644209546, 0.4910021126270294, 0.48880746795071495, 0.483199675877889, 0.48289261427190566, 0.48053358164098525, 0.47691289252705044, 0.4780927250782649, 0.4789437452952067, 0.4763582961426841, 0.47507016195191276, 0.4727027267217636, 0.47474149531788296, 0.474587329559856, 0.4729897032181422, 0.4727100349134869, 0.47337380879455143, 0.47379667394691044, 0.47031835383839077, 0.47339074975914425, 0.4696631050772137, 0.4713890933328205, 0.46833987202909255, 0.465472044216262, 0.4685152802202437, 0.46914716561635333, 0.4687271747324202, 0.468926974468761, 0.4638642304473453, 0.46703406506114536, 0.4702720211611854, 0.465144051445855, 0.4638759576612049, 0.4654993563890457, 0.4669489413499832, 0.46553071671062046, 0.46343327562014264, 0.46291785604423946, 0.4623787800470988, 0.46516361004776424, 0.46301813920338947, 0.46114811963505214, 0.4593345324198405, 0.4628588209549586, 0.461893767118454, 0.45922840634981793, 0.4615338179800246], "val_loss": [0.6456056088209152, 0.5993871837854385, 0.5595588386058807, 0.5273514539003372, 0.5108353048563004, 0.5038162171840668, 0.49782953411340714, 0.49556146562099457, 0.4951168820261955, 0.49301909655332565, 0.4911073371767998, 0.48529786616563797, 0.4830738753080368, 0.48460593074560165, 0.4806954935193062, 0.48383110016584396, 0.47950656712055206, 0.47468357533216476, 0.47477972507476807, 0.4805374816060066, 0.471848264336586, 0.47125712037086487, 0.4689559042453766, 0.4649112895131111, 0.46762005239725113, 0.47030192613601685, 0.46495968103408813, 0.4739258512854576, 0.4737090617418289, 0.4702909588813782, 0.4688061848282814, 0.4661009982228279, 0.4699603319168091, 0.4646039977669716, 0.463983379304409, 0.46779365092515945, 0.4669845178723335, 0.46936219185590744, 0.4664328694343567, 0.4676613062620163, 0.4634236544370651, 0.46914032846689224, 0.46609561145305634, 0.4721016436815262, 0.4673464298248291, 0.46745815128088, 0.46003104746341705, 0.4712012931704521, 0.46634693443775177, 0.46472588926553726, 0.4682556763291359, 0.46958404779434204, 0.4687887504696846, 0.4653792306780815, 0.47000862658023834, 0.4565182626247406, 0.463998518884182, 0.46236295253038406, 0.4626625254750252, 0.4670894294977188, 0.46465732902288437, 0.46756283938884735, 0.45925382524728775, 0.46950386464595795, 0.46887560188770294, 0.4643065556883812]}