{"best_val": 0.5122412145137787, "train_loss": [0.6791347861289978, 0.6649613512886895, 0.6504753728707632, 0.6316610607835982, 0.6107826630274454, 0.5895206166638268, 0.5639423562420739, 0.5428397787941827, 0.5266475429137548, 0.5130384183592267, 0.5056787348455853, 0.498062445057763, 0.49372721711794537, 0.49093520806895363, 0.4899991734160317, 0.4826757262150447, 0.4800102478928036, 0.47580455078019035, 0.4739994804064433, 0.471926705704795, 0.4748283376296361, 0.47353990541564095, 0.4672839807139503, 0.4669728030761083, 0.4642196562555101, 0.4664350748062134, 0.4615750163793564, 0.45983688202169204, 0.4581836842828327, 0.45692673325538635, 0.4575968732436498, 0.45852749049663544, 0.455176904797554, 0.4575121949116389, 0.4553418854872386, 0.4543752951754464], "val_loss": [0.665369987487793, 0.6550072431564331, 0.6416822522878647, 0.6301988363265991, 0.6150979846715927, 0.5989563316106796, 0.5792884081602097, 0.5658791214227676, 0.549268901348114, 0.5426691547036171, 0.5383072793483734, 0.5337248295545578, 0.5328222066164017, 0.5251527205109596, 0.5142027288675308, 0.5235653445124626, 0.5137775614857674, 0.5215843990445137, 0.5148615092039108, 0.5138612315058708, 0.5148404240608215, 0.5139918029308319, 0.5158487036824226, 0.5133263617753983, 0.5186644271016121, 0.5122412145137787, 0.5167560949921608, 0.5183626934885979, 0.5152011066675186, 0.5146544799208641, 0.5182062610983849, 0.518754355609417, 0.5148894488811493, 0.5302781909704208, 0.522371806204319, 0.5189228057861328]}