{"best_val": 0.5043981000781059, "train_loss": [0.7420979340871176, 0.7248528434170617, 0.7098599308066897, 0.6962851418389214, 0.6854646139674716, 0.6749430000782013, 0.6633770101600223, 0.6512016521559821, 0.6384610633055369, 0.6242331763108572, 0.6110818750328488, 0.5973830786016252, 0.5833668907483419, 0.5718041857083639, 0.5610040326913198, 0.5522164271937476, 0.5460448231961992, 0.5423197630378935, 0.5364281816614999, 0.5329298459821277, 0.5310285952356126, 0.5304975145392947, 0.5284419705470403, 0.5231297827429242, 0.5198219120502472, 0.5208866894245148, 0.5189381523264779, 0.5180065482854843, 0.519499401251475, 0.5155097213056352, 0.5134231133593453, 0.5144282579421997, 0.512616268462605, 0.5122281975216336, 0.5117595295111338, 0.5093695686923133, 0.5101000931527879, 0.509136266178555, 0.5090847462415695, 0.5053302033079995, 0.506904176539845, 0.5047754479779137, 0.5045510513914956, 0.5056243042151133, 0.50495935148663, 0.5002557833989462, 0.501199891169866, 0.5028741988870833, 0.4992530263132519, 0.5015289187431335, 0.49971575538317364, 0.4985549632045958, 0.5000907861524158, 0.5008294102218416, 0.500446167257097, 0.4983647134568956, 0.4984130346112781, 0.49783704843786025, 0.4950685716337628, 0.4972558584478166, 0.495900970366266, 0.49832016229629517, 0.49748701022730935, 0.4965188619163301, 0.49324925078286064, 0.49732420676284367, 0.4949643346998427, 0.4964379751020008, 0.4970727976825502, 0.49513114326530033, 0.4958033975627687, 0.49584466384516823, 0.49680450558662415, 0.4935041864713033, 0.49408595429526436, 0.4931642363468806, 0.49553212854597306, 0.49442870087093777, 0.49203305277559495, 0.4920826521184709, 0.4938010407818688, 0.4901100579235289, 0.4921383327907986, 0.4893358151117961, 0.4936485207743115, 0.49116672409905326, 0.49051080644130707, 0.49030690722995335, 0.49319586488935685, 0.4905271944072511, 0.49490102794435287, 0.491938183705012, 0.4921620670292113, 0.4902464184496138, 0.48757704595724743, 0.4888344274626838, 0.4892394178443485, 0.49291591180695427], "val_loss": [0.7112540751695633, 0.7015254646539688, 0.6909502446651459, 0.6802991479635239, 0.6693092882633209, 0.657759040594101, 0.6450787037611008, 0.6310294419527054, 0.6156415641307831, 0.6027955859899521, 0.588835284113884, 0.577643096446991, 0.564195454120636, 0.5577852725982666, 0.5531124621629715, 0.5458509624004364, 0.5392188429832458, 0.5346208065748215, 0.5335632860660553, 0.5365644842386246, 0.533763125538826, 0.5330455452203751, 0.5325482115149498, 0.5297371745109558, 0.5302737355232239, 0.527252160012722, 0.5305753350257874, 0.5306910201907158, 0.5274026244878769, 0.5295872017741203, 0.5299831628799438, 0.5309720560908318, 0.5237278118729591, 0.529343381524086, 0.5215609967708588, 0.5206815078854561, 0.5205649808049202, 0.5266630947589874, 0.5224741697311401, 0.5184374004602432, 0.5179197639226913, 0.5244220420718193, 0.5183606892824173, 0.5209625884890556, 0.5240635946393013, 0.5192242339253426, 0.518929973244667, 0.5210764333605766, 0.5226282924413681, 0.5172723010182381, 0.5214143544435501, 0.5176294669508934, 0.5208013206720352, 0.5150130540132523, 0.5209720656275749, 0.5230259820818901, 0.5178817808628082, 0.5189426615834236, 0.5175286456942558, 0.5191900879144669, 0.5149506106972694, 0.525659091770649, 0.5166273787617683, 0.5203658640384674, 0.5177496448159218, 0.5191026851534843, 0.5144318267703056, 0.5147389620542526, 0.5165554359555244, 0.5192473381757736, 0.5143467932939529, 0.5170946046710014, 0.5158044546842575, 0.5173692777752876, 0.5166377127170563, 0.5153022035956383, 0.514276497066021, 0.5139985233545303, 0.5192690566182137, 0.5150310173630714, 0.5121400356292725, 0.5177886486053467, 0.5140640065073967, 0.5157081857323647, 0.5150578618049622, 0.5170801058411598, 0.51286930590868, 0.5043981000781059, 0.508612684905529, 0.5129382461309433, 0.5070963352918625, 0.5142670795321465, 0.5116043016314507, 0.5211119577288628, 0.5105600729584694, 0.5173990204930305, 0.5119329318404198, 0.5170620456337929]}