{"best_val": 0.46771734952926636, "train_loss": [0.674084077278773, 0.6572598881191678, 0.6399761239687601, 0.6218830413288541, 0.599755048751831, 0.5784487823645273, 0.5536406073305342, 0.5292919476826986, 0.5185520632399453, 0.5064568983183967, 0.49820000098811257, 0.49340471790896523, 0.4895452558994293, 0.4846660577588611, 0.4827728453609679, 0.4783696085214615, 0.4725736478964488, 0.46863030393918353, 0.47103723055786556, 0.4669332951307297, 0.4670394112666448, 0.46608856817086536, 0.4611091895235909, 0.463491290807724, 0.46524186101224685, 0.46012966169251335, 0.45672887729273903, 0.45880785750018227, 0.45695580542087555, 0.45826289388868546, 0.45834731890095604, 0.4548227737347285, 0.45228461424509686, 0.4545642038186391, 0.4551750322182973, 0.4573776241805818, 0.4536472062269847, 0.45133237209584975, 0.45141638318697613, 0.4550587832927704, 0.4512349267800649, 0.4504275404744678, 0.44842512905597687, 0.45248545043998295, 0.44926278789838153], "val_loss": [0.6624616235494614, 0.6464890539646149, 0.6286228597164154, 0.6089149117469788, 0.5870995819568634, 0.5614774227142334, 0.5437026470899582, 0.5164775773882866, 0.5067999511957169, 0.5068258568644524, 0.5041337013244629, 0.4972670003771782, 0.49037276953458786, 0.4859539493918419, 0.4874829575419426, 0.48061995953321457, 0.48407692462205887, 0.4819073975086212, 0.48309430480003357, 0.4807235673069954, 0.48412393033504486, 0.47471778839826584, 0.4793924614787102, 0.4806503430008888, 0.47514458745718, 0.47040215879678726, 0.4749208465218544, 0.470118947327137, 0.47655000537633896, 0.47378721833229065, 0.4738704487681389, 0.475480817258358, 0.47507378458976746, 0.47123825550079346, 0.46771734952926636, 0.4698931872844696, 0.4735688790678978, 0.47124384343624115, 0.46973542869091034, 0.4721616506576538, 0.469821035861969, 0.47361499816179276, 0.4808843806385994, 0.47408075630664825, 0.47500135749578476]}