{"best_val": 0.46968112140893936, "train_loss": [0.8401032785574595, 0.8033624986807505, 0.7647744715213776, 0.7271262539757622, 0.686481730805503, 0.6508428487512801, 0.6241676443152957, 0.601492722829183, 0.5839878784285651, 0.5712578031751845, 0.5575180980894301, 0.5444733268684812, 0.5358524322509766, 0.5286848064925935, 0.5223863224188486, 0.5198021084070206, 0.5150204681687884, 0.5145902517769072, 0.513445614112748, 0.508266806602478, 0.5080376250876321, 0.5069052560461892, 0.5045623530944189, 0.5021635244290034, 0.502362448308203, 0.5019410633378558, 0.5010384288099077, 0.4968009177181456, 0.49700680209530723, 0.5012235277228885, 0.4963669859700733, 0.49661177893479663, 0.4966406789090898, 0.494627434346411, 0.4960217061969969, 0.4918133881356981, 0.4919628037346734, 0.49359672764937085, 0.4919970664713118, 0.4945634404818217, 0.4910425725910399], "val_loss": [0.715160071849823, 0.6946924030780792, 0.6699277758598328, 0.6468155831098557, 0.6239336282014847, 0.6042995750904083, 0.5889024436473846, 0.5709788352251053, 0.5545190572738647, 0.5422862321138382, 0.5301004573702812, 0.5166021957993507, 0.5173913612961769, 0.5071867033839226, 0.5012937039136887, 0.49332838505506516, 0.49425165355205536, 0.4953148439526558, 0.4892110303044319, 0.48576342314481735, 0.4848000258207321, 0.4837930351495743, 0.4832776114344597, 0.4844183996319771, 0.48098765313625336, 0.4749000146985054, 0.47857480496168137, 0.4894745349884033, 0.48131705075502396, 0.48575305938720703, 0.46968112140893936, 0.47825735062360764, 0.4776705279946327, 0.4748869091272354, 0.4782426059246063, 0.47496094554662704, 0.4759911894798279, 0.4737558290362358, 0.4755837172269821, 0.47729451209306717, 0.48163963109254837]}