{"best_val": 0.5185319855809212, "train_loss": [0.6769781245125664, 0.674376928144031, 0.6718439559141794, 0.6693211694558462, 0.6665577126873864, 0.6639684471819136, 0.6613335609436035, 0.657724036110772, 0.6538635094960531, 0.6497446662849851, 0.6459707385963864, 0.6416346198982663, 0.6370360089672936, 0.6329382260640463, 0.6277561022175683, 0.6219465235869089, 0.6161929567654928, 0.611361543337504, 0.6065986918078529, 0.5991900165875753, 0.5937730570634207, 0.5875129136774275, 0.581432557768292, 0.5782154500484467, 0.5713782906532288, 0.5669006009896597, 0.5614662865797678, 0.5567376994424396, 0.5499704877535502, 0.5451196117533578, 0.5414614578088125, 0.5370153221819136, 0.5368597375022041, 0.5288340879811181, 0.5264749825000763, 0.5241520818736818, 0.523900051911672, 0.5193619910213683, 0.5168915771775775, 0.5135280837615331, 0.5151894721719954, 0.5135594391160541, 0.5108608421352174, 0.5105766190422906, 0.5084596971670786, 0.5091049008899264, 0.5066172530253729, 0.504102521472507, 0.5043513741758134, 0.5062953895992703, 0.5041443341308169, 0.5031672616799673, 0.5019311308860779, 0.4999579091866811, 0.5006356570455763, 0.4989720500177807, 0.5022283875279956, 0.5002408905161752, 0.4986373533805211, 0.5015714516242346, 0.49785324765576255, 0.4960353920857112, 0.4944576339589225, 0.4967542737722397, 0.4976109564304352, 0.4954263899061415, 0.4915727161698871, 0.49214936792850494, 0.49211469954914516, 0.4937780780924691, 0.4933713724215825, 0.49303829504383934, 0.4921890828344557, 0.49235399895244175, 0.4896015458636814, 0.49058815009064144, 0.4938269108533859, 0.49008263813124764, 0.49155109955204856, 0.4914824018875758, 0.4883570505513085, 0.4920717279116313, 0.48877442214224076, 0.48824577033519745], "val_loss": [0.6776607185602188, 0.6756591498851776, 0.6729148477315903, 0.6706469655036926, 0.6688264757394791, 0.6658068150281906, 0.6632884740829468, 0.6597599536180496, 0.6561289876699448, 0.6527321487665176, 0.6482802480459213, 0.6445550918579102, 0.6415066570043564, 0.6359911412000656, 0.6319189220666885, 0.6278380751609802, 0.6216861605644226, 0.6185294538736343, 0.6119683384895325, 0.6101375967264175, 0.6013268530368805, 0.5978462398052216, 0.5916544646024704, 0.5851313471794128, 0.581808477640152, 0.5782799869775772, 0.5725701451301575, 0.5684787333011627, 0.5631454437971115, 0.5603624582290649, 0.5562166422605515, 0.5542314201593399, 0.5526100248098373, 0.5446954816579819, 0.5470402240753174, 0.5442013591527939, 0.5461176782846451, 0.5460014715790749, 0.5396218597888947, 0.5408411175012589, 0.5362431183457375, 0.5337898507714272, 0.5374179780483246, 0.5347937196493149, 0.5299393758177757, 0.5374990031123161, 0.5297153070569038, 0.5311928763985634, 0.5360371917486191, 0.5298991575837135, 0.52894376963377, 0.5304842591285706, 0.5310340970754623, 0.5267871767282486, 0.5281690135598183, 0.5277578607201576, 0.5292402356863022, 0.5274587720632553, 0.5251957401633263, 0.5241042673587799, 0.5269873738288879, 0.5288699865341187, 0.5356539860367775, 0.527303509414196, 0.5276308506727219, 0.531261757016182, 0.5230886340141296, 0.5276277735829353, 0.5264549404382706, 0.5304574072360992, 0.5239486694335938, 0.5191765427589417, 0.5272827446460724, 0.5185319855809212, 0.522037148475647, 0.5219790190458298, 0.5193765982985497, 0.5215210244059563, 0.5251876711845398, 0.5217307433485985, 0.5247829183936119, 0.5227005630731583, 0.5237648710608482, 0.5225508809089661]}