{"best_val": 0.4359171837568283, "train_loss": [0.6464743316173553, 0.6350144710805681, 0.6225210693147447, 0.6110598511166043, 0.5981240404976739, 0.5847565962208642, 0.5711402131451501, 0.560820973581738, 0.5528837806648679, 0.5451857232385211, 0.5371010684304767, 0.5304270750946469, 0.5240151534477869, 0.520558226439688, 0.5138796948724322, 0.5123298780785667, 0.506828001803822, 0.5092883755763372, 0.5021550241443846, 0.49953721629248726, 0.4979720132218467, 0.4977519197596444, 0.4974691751930449, 0.49463533361752826, 0.4953641759024726, 0.4934101717339622, 0.48773205777009326, 0.49168089363310075, 0.4898793829811944, 0.49062133332093555, 0.4877790609995524, 0.48781036999490524, 0.487064508928193, 0.48948624233404797, 0.4873957584301631, 0.48458851873874664, 0.48301077882448834, 0.48306093778875137, 0.48342011372248334, 0.4834329022301568, 0.4834818293650945, 0.48196570244100356, 0.47999799913830227, 0.48240624202622306, 0.48038581179247963, 0.4806716524892383, 0.4825156198607551, 0.4804197930627399, 0.47839848200480145, 0.4771196295817693, 0.47888727486133575, 0.478553122944302, 0.4769371731413735, 0.4769279741578632, 0.4768289476633072, 0.47557884123590255, 0.4772629390160243, 0.4765087597899967, 0.4745633221334881, 0.4723421848482556, 0.47617780168851215, 0.4733266366852654, 0.4736407349507014, 0.47417084872722626, 0.4749944706757863, 0.4712222052945031, 0.47210818032423657, 0.4714459594753053, 0.47201012902789646, 0.471639472577307, 0.4727063559823566, 0.4721256411737866, 0.46922434866428375, 0.4731363041533364, 0.4685079703728358, 0.4676431781715817, 0.46698281831211513, 0.4732208202282588, 0.46922723121113247, 0.46821748382515377, 0.4676755153470569, 0.4691813339789708, 0.46907886531617904, 0.4668205761247211, 0.4658801290724013, 0.46757204830646515, 0.4687722822030385, 0.4678645564450158, 0.466885334915585], "val_loss": [0.6372781842947006, 0.6281007528305054, 0.6129060834646225, 0.6058846861124039, 0.5887459814548492, 0.5772591531276703, 0.5643527656793594, 0.5542374402284622, 0.5466773957014084, 0.5330118015408516, 0.5331478342413902, 0.521711602807045, 0.5202415511012077, 0.5112086609005928, 0.5051662549376488, 0.4988738000392914, 0.4881257861852646, 0.4948863908648491, 0.4860592484474182, 0.4819299876689911, 0.4864068776369095, 0.47795770317316055, 0.4739040732383728, 0.47147469222545624, 0.47628870606422424, 0.46908486634492874, 0.4702024981379509, 0.47238942980766296, 0.4728221148252487, 0.4666025713086128, 0.4714479222893715, 0.4680829718708992, 0.4659987762570381, 0.4615086615085602, 0.4582969844341278, 0.4666880592703819, 0.46188923716545105, 0.46130403131246567, 0.4623044654726982, 0.46359872072935104, 0.4572342038154602, 0.4574001729488373, 0.45666709542274475, 0.4563870504498482, 0.4529251381754875, 0.4566284120082855, 0.4633796066045761, 0.4594491124153137, 0.45389701426029205, 0.4551415592432022, 0.45519500225782394, 0.4544268921017647, 0.4519180506467819, 0.4522150605916977, 0.4467453956604004, 0.44638650119304657, 0.44972436130046844, 0.45164477080106735, 0.4502710923552513, 0.44872236996889114, 0.44960661232471466, 0.4479355588555336, 0.45189184695482254, 0.44621291011571884, 0.4447230324149132, 0.44802378863096237, 0.4496804550290108, 0.44841909408569336, 0.43960830569267273, 0.4425548315048218, 0.4434082880616188, 0.4455365389585495, 0.4435226544737816, 0.44351746141910553, 0.44048909842967987, 0.44533563405275345, 0.4446944519877434, 0.444976806640625, 0.4359171837568283, 0.44263051450252533, 0.4401564225554466, 0.44396089762449265, 0.4380587562918663, 0.43704284727573395, 0.43947935849428177, 0.43992337584495544, 0.44330842047929764, 0.4440428987145424, 0.43669699132442474]}