{"best_val": 0.47025755047798157, "train_loss": [0.7030112047990164, 0.6774339543448554, 0.6514813005924225, 0.6238217055797577, 0.6002205378479428, 0.5757887247535918, 0.5607209934128655, 0.543682316939036, 0.5297072148985333, 0.5190408560964797, 0.5099908378389146, 0.5002215852340063, 0.49266885221004486, 0.4906749129295349, 0.48397158914142185, 0.48113322920269436, 0.4757947474718094, 0.4753116766611735, 0.47296666767862106, 0.47152650356292725, 0.46936074395974475, 0.4675418635209401, 0.46643317408031887, 0.4655880216095183, 0.4636874828073714, 0.4642867346604665, 0.4653744316763348, 0.46374550627337563, 0.46276558770073783, 0.4654513547817866, 0.46263253192106885, 0.4620179616742664, 0.46201073626677197, 0.46280213859346175, 0.45950958629449207, 0.4581144220299191, 0.45852118068271214, 0.46137865549988216, 0.4580463816722234, 0.4578888912995656, 0.4576200826300515, 0.4565892683135139, 0.45683250162336564, 0.45669349034627277, 0.45906081961260903, 0.4534820483790504, 0.45708439581924015, 0.45492686993545955, 0.45672618846098584, 0.4571535338958104, 0.45380450619591606, 0.4528634465403027, 0.4543825735648473, 0.45384524431493545, 0.45222333404752946, 0.45367590089639026, 0.45111314786805046], "val_loss": [0.6957592666149139, 0.6726025938987732, 0.6438265740871429, 0.6239716112613678, 0.6021118313074112, 0.5847524702548981, 0.5701871067285538, 0.5617333650588989, 0.5497968047857285, 0.542812168598175, 0.5346149802207947, 0.5283254981040955, 0.5251864716410637, 0.5173103362321854, 0.5090758502483368, 0.5029083788394928, 0.5026128739118576, 0.4989147186279297, 0.49974753707647324, 0.48996058106422424, 0.4851571395993233, 0.48659493774175644, 0.49297303706407547, 0.4931201785802841, 0.4789011999964714, 0.4842994138598442, 0.4866276755928993, 0.4854019582271576, 0.47966206073760986, 0.48373328894376755, 0.483088843524456, 0.4783579483628273, 0.48448440432548523, 0.47910192608833313, 0.48670775443315506, 0.4780823364853859, 0.47632845491170883, 0.4762331545352936, 0.48536329716444016, 0.47344645857810974, 0.48152268677949905, 0.47679978609085083, 0.48407136648893356, 0.4784734547138214, 0.4788845479488373, 0.47695982456207275, 0.47025755047798157, 0.4740387871861458, 0.47669150680303574, 0.4756833389401436, 0.47768400609493256, 0.47394247353076935, 0.4739065170288086, 0.47510724514722824, 0.47438111156225204, 0.47419730573892593, 0.4718668684363365]}