{"best_val": 0.4717731475830078, "train_loss": [0.733583519856135, 0.7312396003140343, 0.729174448384179, 0.7270929548475478, 0.7247842417822944, 0.7221760253111521, 0.7201888859272003, 0.7178167071607378, 0.7151868012216356, 0.7126200199127197, 0.7098230057292514, 0.706835558017095, 0.7034706109099917, 0.7002215021186404, 0.6964561111397214, 0.6924570169713762, 0.6881940894656711, 0.683534261253145, 0.6783957415156894, 0.6728081736299727, 0.6667410168382857, 0.6603591309653388, 0.6534534924560123, 0.6469927761289809, 0.6389085120624967, 0.6311697463194529, 0.6235701375537448, 0.616258528497484, 0.6072583099206289, 0.6017113592889574, 0.5925820039378272, 0.5858719878726535, 0.5802067187097337, 0.5730778078238169, 0.5666742159260644, 0.5606398913595412, 0.5557738840579987, 0.5518025871780183, 0.5476495921611786, 0.542904708120558, 0.5394439995288849, 0.5344227453072866, 0.5329298509491814, 0.5258778433005015, 0.5244129962391324, 0.5222010231680341, 0.5198428879181544, 0.516377180814743, 0.5133178234100342, 0.5100366324186325, 0.508032586839464, 0.50534012582567, 0.5044937895403968, 0.5001993212434981, 0.5022549331188202, 0.4966069261233012, 0.4928451114230686, 0.49397682978047264, 0.48933112124602, 0.48820268279976314, 0.4871085120571984, 0.4865668714046478, 0.4861893157164256, 0.486279191242324, 0.4823712375428941, 0.4810412112209532, 0.47996845841407776, 0.47731371886200374, 0.477077411280738, 0.4745451096031401, 0.4753475934267044, 0.4753090739250183, 0.47484104004171157, 0.46898933086130357, 0.4741571595271428, 0.4693220737907622, 0.46720488866170246, 0.46912810537550187, 0.4649645719263289, 0.46883390181594425, 0.4657887948883904, 0.46482450928952956, 0.4664808511734009, 0.46111498607529533, 0.4620591203371684, 0.4653800709380044, 0.46302734812100727, 0.46165257195631665, 0.45868707365459865, 0.4646669245428509, 0.46131666170226204, 0.4559284448623657, 0.46011055840386283, 0.4627671076191796, 0.4609866009818183, 0.4589047266377343, 0.4564565155241225, 0.45710684690210557, 0.4587971154186461, 0.4570083220799764, 0.45998023947079975, 0.4594019369946586, 0.4579147348801295, 0.45558785564369625, 0.45673182937834, 0.457191891140408, 0.45587019787894356, 0.45459360215399003, 0.4546831117735969, 0.45271987385219997, 0.4563583367400699, 0.45517297254668343, 0.4578307833936479], "val_loss": [0.7267768979072571, 0.7249065041542053, 0.7236318141222, 0.7211550325155258, 0.7199790477752686, 0.7177779674530029, 0.715196430683136, 0.7133694291114807, 0.7112164199352264, 0.7087831497192383, 0.7064425647258759, 0.7038764804601669, 0.7010986655950546, 0.6982044130563736, 0.6950729638338089, 0.6916870027780533, 0.6880124509334564, 0.6843311637639999, 0.6800000071525574, 0.6756651252508163, 0.6703657805919647, 0.6652061641216278, 0.6597674936056137, 0.6546940952539444, 0.6492581218481064, 0.6435059010982513, 0.6370851546525955, 0.6315260529518127, 0.6266147345304489, 0.6208824515342712, 0.6136500835418701, 0.6120687127113342, 0.6046174615621567, 0.6028862297534943, 0.5994790494441986, 0.5903966277837753, 0.5911252051591873, 0.5860249549150467, 0.5840028077363968, 0.5756886601448059, 0.5750811845064163, 0.5747831910848618, 0.5689648762345314, 0.5631556808948517, 0.5602136701345444, 0.5627123862504959, 0.5586305856704712, 0.5533779859542847, 0.5530817359685898, 0.5498471632599831, 0.5504023432731628, 0.5441955029964447, 0.5409563854336739, 0.5344811603426933, 0.5380043163895607, 0.5433045104146004, 0.5401246622204781, 0.5342338159680367, 0.5352022647857666, 0.5289392098784447, 0.5265610069036484, 0.5230756103992462, 0.5251460447907448, 0.5140755102038383, 0.5149236992001534, 0.5145062133669853, 0.5098515748977661, 0.5120899230241776, 0.5086581334471703, 0.5117702186107635, 0.5066712647676468, 0.5077756568789482, 0.5057939887046814, 0.5079236403107643, 0.5005430206656456, 0.5028445795178413, 0.49490026384592056, 0.49281056970357895, 0.4967009648680687, 0.4936872199177742, 0.4898557662963867, 0.4915568083524704, 0.49419286847114563, 0.49202847480773926, 0.48959188163280487, 0.48625610023736954, 0.4827016815543175, 0.486749030649662, 0.4829481467604637, 0.4848599508404732, 0.4863923192024231, 0.48499695956707, 0.48987162858247757, 0.4774327650666237, 0.48043475300073624, 0.4824492186307907, 0.4872247576713562, 0.48459966480731964, 0.47784392535686493, 0.4746784046292305, 0.48014260083436966, 0.47630978375673294, 0.4717731475830078, 0.4778074845671654, 0.47874584048986435, 0.47525621205568314, 0.47466494143009186, 0.47827769815921783, 0.47828778624534607, 0.4725109562277794, 0.4747730419039726, 0.4800928831100464, 0.4762561395764351]}