{"best_val": 0.4901220127940178, "train_loss": [0.6906621389918857, 0.6394937005307939, 0.5992912352085114, 0.5664716197384728, 0.5453476624356376, 0.534504696726799, 0.5266395012537638, 0.5257491204473708, 0.5218166295025084, 0.5142780956294801, 0.5141715440485213, 0.5082880589697096, 0.5064142760303285, 0.5043305605649948, 0.5034554203351339, 0.4983914958106147, 0.4983888268470764, 0.4985077331463496, 0.49677737388345933, 0.4929846160941654, 0.4905370871225993, 0.4916069424814648, 0.4929578552643458, 0.49198470844162834, 0.48925675948460895, 0.48985016014840865, 0.48686530854966903, 0.48322279420163894, 0.4859735088215934, 0.48580124808682335, 0.48884903225633836, 0.48269277479913497, 0.4880383511384328, 0.4839487738079495, 0.4841262913412518, 0.4827125486400392, 0.48289930323759717, 0.481370876232783, 0.48132533497280544, 0.47975049912929535, 0.47872969839308], "val_loss": [0.6472426801919937, 0.603150025010109, 0.5680978000164032, 0.5422636717557907, 0.5299248844385147, 0.5320632979273796, 0.521308071911335, 0.5223749577999115, 0.520000584423542, 0.5135058462619781, 0.5098001956939697, 0.5067798644304276, 0.5029631182551384, 0.502584420144558, 0.49621710181236267, 0.49686842411756516, 0.4975757598876953, 0.4954609274864197, 0.4992552548646927, 0.4965747222304344, 0.4941040351986885, 0.49623486399650574, 0.49295998364686966, 0.49413006752729416, 0.49316926300525665, 0.492048941552639, 0.49574995785951614, 0.4956001788377762, 0.4915037825703621, 0.4932347312569618, 0.4901220127940178, 0.4940734878182411, 0.4977976158261299, 0.49401557445526123, 0.49130501598119736, 0.4966496378183365, 0.4968627691268921, 0.4977934882044792, 0.4950958713889122, 0.49623844027519226, 0.4904819577932358]}