{"best_val": 0.4807405173778534, "train_loss": [0.6683748662471771, 0.6213642590575748, 0.571796413924959, 0.5231556064552731, 0.48949823611312443, 0.4751296142737071, 0.4643756432665719, 0.464218666156133, 0.4565431873003642, 0.4547228333022859, 0.450516230530209, 0.4515858259465959, 0.4506560348802143, 0.44259773360358345, 0.44605409105618793, 0.43984575900766587, 0.44241072403060067, 0.4398203409380383, 0.4411849015288883], "val_loss": [0.6447270959615707, 0.5991386622190475, 0.5541450083255768, 0.5196344777941704, 0.5043429359793663, 0.49415843188762665, 0.4822192117571831, 0.48361579328775406, 0.4807405173778534, 0.4843394160270691, 0.49098896980285645, 0.4812902882695198, 0.4824908524751663, 0.4847627654671669, 0.4866512045264244, 0.48216044902801514, 0.4876122623682022, 0.4808145985007286, 0.49085355550050735]}