{"best_val": 0.4598091393709183, "train_loss": [0.6635586255126529, 0.6535922785600027, 0.6438763307200538, 0.6335278020964729, 0.6213864187399546, 0.6076071759064993, 0.5937827825546265, 0.5772904521889157, 0.5629488031069437, 0.5499539309077792, 0.5392779923147626, 0.5303841580947241, 0.5216116027699577, 0.5155317882696787, 0.5106159796317419, 0.5039675550328361, 0.5023965471320682, 0.4966539475652907, 0.495019750462638, 0.49243749181429547, 0.4907867693238788, 0.4874229149685966, 0.4849727253119151, 0.48453298542234635, 0.48051880300045013, 0.48076460593276554, 0.4764585677120421, 0.48078112966484493, 0.47535863187577987, 0.4767132384909524, 0.4736636214786106, 0.47371483676963383, 0.4745387915107939, 0.47325626181231606, 0.4683847642607159, 0.46929377648565507, 0.47120844821135205, 0.47039052347342175, 0.4703243739075131, 0.4678229441245397, 0.4671703825394313], "val_loss": [0.6571231335401535, 0.6477456390857697, 0.6373677849769592, 0.6265635639429092, 0.6129634827375412, 0.5986170172691345, 0.5849211812019348, 0.5705727636814117, 0.5531699731945992, 0.5427094548940659, 0.5322754979133606, 0.5260821580886841, 0.5230293124914169, 0.5112939402461052, 0.5031411424279213, 0.5001753643155098, 0.4969995841383934, 0.49085965752601624, 0.4905594512820244, 0.47945138812065125, 0.48149434477090836, 0.48258937895298004, 0.47529517114162445, 0.48184698820114136, 0.4775068461894989, 0.4673951640725136, 0.47569556534290314, 0.4723743349313736, 0.472406730055809, 0.4672851115465164, 0.4598091393709183, 0.4655024781823158, 0.46779677271842957, 0.4625038802623749, 0.464312344789505, 0.4619900807738304, 0.46610579639673233, 0.46541403979063034, 0.4666687324643135, 0.4599023833870888, 0.4638269990682602]}