{"best_val": 0.4744863584637642, "train_loss": [0.6963031027052138, 0.6746764779090881, 0.6529654463132223, 0.6281173427899679, 0.5986975398328569, 0.5698744157950083, 0.541550510459476, 0.5185374071200689, 0.5038605431715647, 0.4916219578848945, 0.48682934873633915, 0.47865983015961117, 0.4768516520659129, 0.47372614012824166, 0.47359340058432686, 0.4694451971186532, 0.4654209150208367, 0.46489545537365806, 0.46210182706514996, 0.46269071598847705, 0.46179863976107705, 0.4586294624540541, 0.45774536165926194, 0.46055077347490525, 0.4568284683757358, 0.4592621558242374, 0.45801038212246364, 0.4552781813674503, 0.4554836865928438, 0.45712214211622876, 0.4539345254500707, 0.45250436498059166, 0.45485357609060073, 0.4509785191880332, 0.4561417020029492, 0.4516864750120375, 0.45201505886183846, 0.45364636348353493, 0.45105647709634566, 0.4499913454055786, 0.4509160617987315, 0.45017558170689476, 0.4500933686892192, 0.4479309038983451, 0.44803302155600655, 0.4479057441155116, 0.45084981785880196, 0.4468524588478936, 0.44668182399537826, 0.4520924886067708, 0.44735051194826764, 0.44711460669835407, 0.4460417711072498], "val_loss": [0.6838889718055725, 0.6634286344051361, 0.6401215642690659, 0.616050198674202, 0.5864262133836746, 0.5570457279682159, 0.5325143039226532, 0.5193644165992737, 0.5048057362437248, 0.4986534118652344, 0.5026358142495155, 0.4926009103655815, 0.4940580129623413, 0.4968477264046669, 0.4994393289089203, 0.48859477043151855, 0.4871439188718796, 0.4956549033522606, 0.48758678138256073, 0.4853140860795975, 0.48732515424489975, 0.4895004481077194, 0.48900382965803146, 0.4833700358867645, 0.4853379651904106, 0.4816639572381973, 0.4823279231786728, 0.48705361783504486, 0.4880925938487053, 0.4859258532524109, 0.48126470297574997, 0.48143965750932693, 0.48249754309654236, 0.47931767255067825, 0.4800650551915169, 0.48709431290626526, 0.48315896838903427, 0.48108091950416565, 0.47992050647735596, 0.48202215135097504, 0.4784204661846161, 0.4763667806982994, 0.4744863584637642, 0.48356278240680695, 0.47966156154870987, 0.48063576966524124, 0.4759926423430443, 0.47851886600255966, 0.48109783977270126, 0.4754551723599434, 0.4796283319592476, 0.4805837869644165, 0.4778302386403084]}