{"best_val": 0.4568164199590683, "train_loss": [0.6742991473939683, 0.6176038351323869, 0.5603755712509155, 0.523153218958113, 0.5044633878601922, 0.49170076184802586, 0.4904169804520077, 0.4863007797135247, 0.48491034242841935, 0.4828967932197783, 0.48039963675869835, 0.4784223917457793, 0.47776717444260913, 0.4776231398185094, 0.47421524590916103, 0.4720305899779002, 0.4753023236989975, 0.4730914731820424, 0.4730122619205051, 0.46703936490747666, 0.4670078621970283, 0.4679328269428677, 0.4667620294623905, 0.4667685280243556], "val_loss": [0.6449884921312332, 0.5884465575218201, 0.5315820947289467, 0.5069258511066437, 0.4915023446083069, 0.47417718172073364, 0.47491560876369476, 0.46991968154907227, 0.468513622879982, 0.4689860939979553, 0.46161313354969025, 0.4611133337020874, 0.46872478723526, 0.4568164199590683, 0.4619779884815216, 0.4588417336344719, 0.4577544555068016, 0.46033187210559845, 0.4614158719778061, 0.46260738372802734, 0.4606413245201111, 0.46129000931978226, 0.4573187977075577, 0.4624841883778572]}