{"best_val": 0.48357807099819183, "train_loss": [0.7725683947404226, 0.7355136341518826, 0.6989798347155253, 0.6647184722953372, 0.6339637206660377, 0.6054638789759742, 0.5748295055495368, 0.5516321377621757, 0.5300393087996377, 0.5197289139032364, 0.5146339817179574, 0.5143450597922007, 0.5072117547194163, 0.503664149178399, 0.5000043362379074, 0.49345019625292885, 0.494760200381279, 0.49219396379258895, 0.49534811245070565, 0.49464674128426445, 0.49207326107554966, 0.49256982074843514, 0.490122773581081, 0.48733669850561356, 0.49015861252943677, 0.48879923091994393, 0.48540494839350384, 0.4869190967745251, 0.48859099712636733, 0.48303695519765216, 0.4849437673886617, 0.48278173473146224, 0.48128002054161495, 0.48094162510501015, 0.48293980790509117, 0.478791485230128, 0.4801340450843175, 0.4822355541918013, 0.47940892312261796, 0.4774749692943361, 0.4768417676289876, 0.47907918360498214, 0.4796796805328793, 0.47499988476435345, 0.4800712549024158, 0.47650595174895394, 0.4753621319929759, 0.47089776396751404, 0.4757542444599999, 0.47296371228165096, 0.4741432335641649, 0.47112326323986053, 0.474101185798645, 0.4690137803554535, 0.4715760151545207, 0.46936067938804626, 0.4703042225705253, 0.47071030901538, 0.4710577511125141, 0.46869540214538574, 0.46646950476699406, 0.4678271296951506, 0.46963829629951054, 0.4673120727141698, 0.46857350567976636, 0.4690875791841083, 0.4654021958510081, 0.4656876176595688, 0.46518820855352616, 0.4649498760700226, 0.46588847537835437, 0.46619874238967896, 0.4640189872847663, 0.46579573717382217, 0.4667821791436937, 0.4644857065545188, 0.4646734164820777, 0.46315019494957393, 0.46595706707901424], "val_loss": [0.7103949934244156, 0.6835824102163315, 0.6572556793689728, 0.6308819055557251, 0.6106009781360626, 0.5827774852514267, 0.566528245806694, 0.5499320775270462, 0.5381288230419159, 0.536241851747036, 0.540376678109169, 0.5271658599376678, 0.5284180715680122, 0.5276805460453033, 0.5238193050026894, 0.5269902050495148, 0.5186985209584236, 0.5243946686387062, 0.5186866745352745, 0.519092969596386, 0.523115836083889, 0.5195631682872772, 0.5169107243418694, 0.5209643542766571, 0.5124530494213104, 0.5126873403787613, 0.5190443396568298, 0.5141299739480019, 0.5072621405124664, 0.5163540840148926, 0.5078123435378075, 0.5060170441865921, 0.5110465809702873, 0.5062251910567284, 0.5082629695534706, 0.5090217888355255, 0.49652405828237534, 0.507255882024765, 0.5033280923962593, 0.5029503107070923, 0.504231832921505, 0.4963798224925995, 0.5049061924219131, 0.4942031130194664, 0.5058472603559494, 0.496738038957119, 0.49517372250556946, 0.4967985078692436, 0.49656232446432114, 0.49175573140382767, 0.49631543457508087, 0.4941510707139969, 0.49606699496507645, 0.49768564105033875, 0.5000819563865662, 0.4903123825788498, 0.49456628412008286, 0.4941165894269943, 0.49252015352249146, 0.4889958128333092, 0.4942265450954437, 0.4913513734936714, 0.494724377989769, 0.4921351298689842, 0.49460265040397644, 0.4922155663371086, 0.49709387868642807, 0.4975041300058365, 0.48357807099819183, 0.4888622909784317, 0.4911502078175545, 0.4907324090600014, 0.48961132019758224, 0.4932710900902748, 0.4902046099305153, 0.4929928481578827, 0.4956446811556816, 0.4898761361837387, 0.4920726791024208]}