{"best_val": 0.4948093816637993, "train_loss": [0.7761215302679274, 0.7524802519215478, 0.7278804348574744, 0.7036553389496274, 0.6787208583619859, 0.652758432759179, 0.6290896733601888, 0.6073946721023984, 0.5848027765750885, 0.5669427083598243, 0.5508973598480225, 0.5431888136598799, 0.5314690007103814, 0.5259913868374295, 0.5184677640597025, 0.5120486401849322, 0.5105316705173917, 0.5051698618464999, 0.5011512455013063, 0.49976356161965263, 0.4987405985593796, 0.4984760201639599, 0.49371542864375645, 0.49234407974614036, 0.4914141744375229, 0.4931076020002365, 0.4885701802041795, 0.4898103740480211, 0.489283518658744, 0.4872056312031216, 0.48846210208204055, 0.4849157863193088, 0.4851895140277015, 0.48492862118615043, 0.4819587700896793, 0.481899478369289, 0.4827720307641559, 0.4836949110031128, 0.48035266167587704, 0.4796036018265618, 0.48161424365308547, 0.4819265719917085, 0.4799926148520576, 0.48034175568156773, 0.4800189849403169, 0.48014576898680794, 0.4781280325518714, 0.4784888807270262, 0.4792003366682265, 0.4764738596147961, 0.4773804081810845, 0.47691172030236983, 0.4732448392444187, 0.4756079730060365, 0.47539132833480835, 0.4725925111108356], "val_loss": [0.7185854613780975, 0.7005763947963715, 0.6822180896997452, 0.6641072481870651, 0.6435670852661133, 0.6231357604265213, 0.6097225099802017, 0.5938099026679993, 0.5828465223312378, 0.5710507035255432, 0.5643064230680466, 0.5579804703593254, 0.5516967177391052, 0.5514595434069633, 0.5464307367801666, 0.5449522584676743, 0.5412944704294205, 0.5314799249172211, 0.5324579328298569, 0.5334555208683014, 0.5281762108206749, 0.5219890922307968, 0.5170124620199203, 0.5271250903606415, 0.5228562653064728, 0.5237467661499977, 0.5147053599357605, 0.5146271288394928, 0.5161902755498886, 0.5170344486832619, 0.5125240087509155, 0.5085508748888969, 0.5127686858177185, 0.5116421729326248, 0.5098696276545525, 0.5106915682554245, 0.5064543187618256, 0.5071103721857071, 0.508124053478241, 0.503971703350544, 0.5081144124269485, 0.4995501935482025, 0.5019001960754395, 0.503709003329277, 0.4973112717270851, 0.4948093816637993, 0.5032369196414948, 0.5003634393215179, 0.5003350377082825, 0.4962148889899254, 0.504400372505188, 0.4972073435783386, 0.4986082687973976, 0.49539344757795334, 0.4987667202949524, 0.4967532530426979]}