{"best_val": 0.47152725607156754, "train_loss": [0.6911273996035258, 0.6509278549088372, 0.6122253835201263, 0.5808246102597978, 0.557794397075971, 0.5444546805487739, 0.5347698214981291, 0.5268368969360987, 0.5216341962416967, 0.5163826511965858, 0.513474863436487, 0.5106384654839834, 0.5087904946671592, 0.5040772491031222, 0.5041442198885812, 0.5030686226156023, 0.49876660108566284, 0.49975672860940296, 0.4968855662478341, 0.4962981541951497, 0.49212197462717694, 0.49225442442629075, 0.49090760283999973, 0.4887249453200234, 0.48800692790084416, 0.4855215417014228, 0.48394499388005996, 0.4845698144700792, 0.48546303974257576, 0.48253895507918465, 0.4817241413725747], "val_loss": [0.6280883997678757, 0.5972357541322708, 0.5725521743297577, 0.552379921078682, 0.5276806503534317, 0.5162460431456566, 0.5103663206100464, 0.5037980526685715, 0.5064136013388634, 0.5017630606889725, 0.49444015324115753, 0.4911519065499306, 0.482517845928669, 0.48451998084783554, 0.48404116183519363, 0.48459260165691376, 0.48213064670562744, 0.4793103262782097, 0.47743191570043564, 0.47853828221559525, 0.471529059112072, 0.47411294281482697, 0.4762025997042656, 0.4787682890892029, 0.47152725607156754, 0.47617971152067184, 0.4790472388267517, 0.4739661440253258, 0.47520972788333893, 0.47439543157815933, 0.47227148711681366]}