{"best_val": 0.45124854147434235, "train_loss": [0.6803504361046685, 0.6434423625469208, 0.6092875136269463, 0.5734704269303216, 0.5407220241096284, 0.5131629175610013, 0.4970807366900974, 0.4865390095445845, 0.47682640618748134, 0.47158974243534935, 0.46852198408709633, 0.4676129221916199, 0.46279173096021015, 0.4611465202437507, 0.4605380694071452, 0.45824799769454533, 0.45963044464588165, 0.45324379867977566, 0.4571933233075672, 0.4528532640801536, 0.4552195452981525, 0.4518713702758153, 0.45135634144147235, 0.45202892522017163, 0.4504038658406999, 0.450312164094713, 0.4519589990377426, 0.4493113656838735, 0.44956081443362766, 0.4511846982770496, 0.4472648236486647, 0.44870192143652177, 0.4462859531243642, 0.44900814857747817, 0.449078016810947, 0.45168295833799577, 0.4436263359255261, 0.4436478681034512, 0.4433609926038318, 0.4406849659151501, 0.4432567142777973, 0.4426812595791287, 0.44445030722353196, 0.44351382222440505, 0.44080815547042423, 0.4427636033958859, 0.44011746015813613, 0.4408407426542706, 0.4425996359851625, 0.43856609529919094, 0.4412096043427785, 0.4403965241379208, 0.4423789911799961, 0.43964094089137185, 0.43904780679278904, 0.4385490003559325, 0.439929712149832, 0.4354717433452606, 0.4358922094106674, 0.43317143122355145, 0.43435782028569114, 0.4333866486946742, 0.4383186085356606, 0.4369482199350993, 0.43360192908181083, 0.4325445277823342, 0.4334397001398934, 0.4320850405428145, 0.43560517330964404, 0.4347740179962582, 0.4307299239767922, 0.43412114348676467, 0.43213653564453125, 0.4323752671480179], "val_loss": [0.6682125777006149, 0.630260244011879, 0.5933846831321716, 0.558831661939621, 0.5300692245364189, 0.5127356350421906, 0.5005829334259033, 0.4928300008177757, 0.48514194786548615, 0.4875910133123398, 0.4734783098101616, 0.4829631373286247, 0.47806505858898163, 0.47576653212308884, 0.4739450514316559, 0.4710862264037132, 0.470206581056118, 0.47257011383771896, 0.4800511971116066, 0.4731021821498871, 0.47136402130126953, 0.4720217362046242, 0.46885277330875397, 0.47144898027181625, 0.47041312605142593, 0.47668374329805374, 0.46549729257822037, 0.471833199262619, 0.4704490751028061, 0.46301862597465515, 0.46817562729120255, 0.4728681296110153, 0.4627879187464714, 0.46540775150060654, 0.4686948359012604, 0.46437080949544907, 0.4609350860118866, 0.46226000040769577, 0.46997644752264023, 0.46265988051891327, 0.46667858213186264, 0.4589090198278427, 0.458841934800148, 0.4642637223005295, 0.45852702111005783, 0.45904313772916794, 0.4592202827334404, 0.46298735588788986, 0.4617033153772354, 0.46360720694065094, 0.4643855094909668, 0.4595836251974106, 0.4616982340812683, 0.45702919363975525, 0.4647699147462845, 0.4609074592590332, 0.4578980877995491, 0.46029624342918396, 0.4537815749645233, 0.46524545550346375, 0.4580402970314026, 0.46046844869852066, 0.4632641077041626, 0.45124854147434235, 0.4561360105872154, 0.45604201406240463, 0.457587867975235, 0.46112096309661865, 0.46422626078128815, 0.4593982771039009, 0.4551600366830826, 0.4619698151946068, 0.4643569737672806, 0.4634908586740494]}