{"best_val": 0.4762677028775215, "train_loss": [0.6760269535912408, 0.6614295409785377, 0.6446285744508108, 0.6274687416023679, 0.6070478061834971, 0.5841544568538666, 0.5647137562433878, 0.5491079174809985, 0.5393223431375291, 0.531749039888382, 0.5256645911269717, 0.5245065672530068, 0.5214381317297617, 0.5158073786232207, 0.514605250623491, 0.5139207823408974, 0.5129998839563794, 0.5084204889006085, 0.5090936289893256, 0.5068909078836441, 0.5048293785916435, 0.5032244606150521, 0.5048375891314613, 0.5054276055759854, 0.5079602715041902, 0.504173196024365, 0.5034775882959366, 0.5023894045088027, 0.5004577140013377, 0.5016914871003892, 0.5027620908286836, 0.5005998048517439, 0.49718866248925525, 0.49768522050645614, 0.4979310135046641, 0.5013721982638041, 0.4949243432945675, 0.4959108961953057, 0.49504851798216504, 0.49500765568680233, 0.49369299908479053, 0.4915776467985577, 0.49089383747842574, 0.49366477297412026, 0.48905405898888904, 0.49125563270515865, 0.48770387801859116, 0.4877398643228743, 0.48626142740249634, 0.4879249433676402, 0.4864906420310338, 0.4823509537511402, 0.48406963381502366, 0.4839187181658215, 0.48229534758461845, 0.48387544188234544], "val_loss": [0.6648252904415131, 0.6514430046081543, 0.635860338807106, 0.6172283589839935, 0.5945973694324493, 0.5697372257709503, 0.5516666322946548, 0.5371406972408295, 0.5246728286147118, 0.5168481469154358, 0.5133071467280388, 0.5072141140699387, 0.4985089972615242, 0.49926770478487015, 0.4978615343570709, 0.4997212812304497, 0.4932206869125366, 0.49485595524311066, 0.49789294600486755, 0.4924502670764923, 0.49196425825357437, 0.49607475101947784, 0.49420103430747986, 0.4881116896867752, 0.49238739907741547, 0.4937399849295616, 0.4903751239180565, 0.48777393251657486, 0.4849272817373276, 0.4913758859038353, 0.4919591099023819, 0.4862051010131836, 0.48446404188871384, 0.488212451338768, 0.4918213039636612, 0.49056456983089447, 0.49320869892835617, 0.4843544214963913, 0.4832776337862015, 0.485686331987381, 0.48613141477108, 0.4814048111438751, 0.48469265550374985, 0.4846835508942604, 0.47924137860536575, 0.4762677028775215, 0.4798498973250389, 0.4828117713332176, 0.4901248812675476, 0.4874390512704849, 0.4835691899061203, 0.48173778504133224, 0.47871263325214386, 0.48261675983667374, 0.47909078001976013, 0.4835072159767151]}