{"best_val": 0.5103165581822395, "train_loss": [0.7090504699283176, 0.6948582265112135, 0.6812043951617347, 0.6662899222638872, 0.6537468102243211, 0.6369925472471449, 0.623077415757709, 0.6081394818094041, 0.5899784002039168, 0.5733736985259585, 0.5594436426957449, 0.5470138523313735, 0.5329223026831945, 0.5225410560766856, 0.5149519774648879, 0.5049868573745092, 0.4989756875567966, 0.49451131290859646, 0.49035613735516864, 0.4894985242022408, 0.48201368749141693, 0.4860021322965622, 0.4793672611316045, 0.4794049196773105, 0.47790006796518963, 0.4779483609729343, 0.4740147242943446, 0.47273828585942584, 0.47193848424487644, 0.47213665975464714, 0.46880703998936546, 0.46925971574253506, 0.46833451754517025, 0.4694013297557831, 0.46775776478979325, 0.4663730131255256, 0.4659958978494008, 0.4654456641938951, 0.46766484280427295, 0.4653694662782881, 0.4637872808509403, 0.463735904958513, 0.4615313808123271, 0.4644390410847134, 0.46536826425128514, 0.46225130392445457, 0.4637248085604774, 0.46038316521379685, 0.4637318617767758, 0.4617001430855857], "val_loss": [0.6867081224918365, 0.6751663684844971, 0.6670876294374466, 0.6556127071380615, 0.6449227035045624, 0.6321154981851578, 0.6214510351419449, 0.6090056002140045, 0.5959883332252502, 0.5863881558179855, 0.5775560587644577, 0.5654837787151337, 0.5558792054653168, 0.5513724982738495, 0.5403428077697754, 0.536999300122261, 0.5279548764228821, 0.5266211330890656, 0.5284525901079178, 0.5190767720341682, 0.5212976559996605, 0.5224827527999878, 0.5144721865653992, 0.5179234594106674, 0.5143151804804802, 0.5165016278624535, 0.518622063100338, 0.5145832970738411, 0.5155407413840294, 0.5125531181693077, 0.5199267864227295, 0.5248173698782921, 0.5199586525559425, 0.5131663158535957, 0.5168048664927483, 0.5179351419210434, 0.5246870070695877, 0.5120567306876183, 0.5214027762413025, 0.5103165581822395, 0.5170630440115929, 0.5123706087470055, 0.5160065144300461, 0.5153683498501778, 0.5186266899108887, 0.5160946398973465, 0.5107803195714951, 0.5214172601699829, 0.5175397545099258, 0.521166056394577]}