{"best_val": 0.45399080216884613, "train_loss": [0.6279827621248033, 0.6169570717546675, 0.6038221948676639, 0.5893339945210351, 0.5733503003915151, 0.5526628527376387, 0.5350643909639783, 0.5129319462511275, 0.5033608807457818, 0.4897906581560771, 0.4878508812851376, 0.48375220596790314, 0.48069631887806785, 0.47856441968017155, 0.4732030994362301, 0.47179769972960156, 0.47492105265458423, 0.4728652420971129, 0.4688388291332457, 0.4712513072623147, 0.468422058555815, 0.469937801361084, 0.4715938087966707, 0.4679913537369834, 0.46599531339274514, 0.4660321921110153, 0.462362688448694, 0.46602992713451385, 0.46399177776442635, 0.4627206093735165, 0.46093978650040096, 0.46258335808912915, 0.4616504626141654, 0.45969759590095943, 0.46154944764243233, 0.4593813402785195, 0.45850952797465855, 0.46153076986471814, 0.4623376578092575, 0.4588452809386783, 0.45896894070837235, 0.45663100977738696, 0.4573353860113356, 0.45679017901420593, 0.4567064692576726, 0.45659780999024707, 0.45771486063798267, 0.45327601333459216, 0.45654313266277313, 0.4562920216057036, 0.4583948685063256, 0.45410074955887264], "val_loss": [0.624437540769577, 0.6111568659543991, 0.5967617183923721, 0.582752600312233, 0.5617703497409821, 0.5425589382648468, 0.5231119990348816, 0.5117818936705589, 0.5037992373108864, 0.4935280457139015, 0.4919729083776474, 0.48599865287542343, 0.48430851846933365, 0.4834546148777008, 0.4786200374364853, 0.48220205307006836, 0.4832807332277298, 0.4792492762207985, 0.47972428798675537, 0.47638677060604095, 0.4717031344771385, 0.4757666736841202, 0.4713258370757103, 0.4762076362967491, 0.47155628353357315, 0.4736459404230118, 0.4680892378091812, 0.47493167966604233, 0.4711489602923393, 0.46516669541597366, 0.46321064978837967, 0.4702373147010803, 0.46710795164108276, 0.4714518114924431, 0.47037800401449203, 0.46226994693279266, 0.46775536239147186, 0.4692656174302101, 0.46665892750024796, 0.46827592700719833, 0.46497657895088196, 0.45399080216884613, 0.4634128585457802, 0.4665166735649109, 0.4691690281033516, 0.46236933022737503, 0.4576893225312233, 0.46060027182102203, 0.4607102945446968, 0.46321192383766174, 0.4548838436603546, 0.4558974429965019]}