{"best_val": 0.49897145479917526, "train_loss": [0.671230865849389, 0.6492339505089654, 0.627658916844262, 0.6091943250762092, 0.5904364453421699, 0.5708020892408159, 0.5536491837766435, 0.5393303367826674, 0.5265489965677261, 0.5167763597435422, 0.5061011645529006, 0.5010544276899762, 0.49389272100395626, 0.48746014138062793, 0.48236566450860763, 0.4806142979198032, 0.47758017314804924, 0.4724890755282508, 0.4745064212216271, 0.4708155012793011, 0.46815212070941925, 0.4653677741686503, 0.46790693865882027, 0.46287836134433746, 0.46439922683768803, 0.4621918218003379, 0.4625596370961931, 0.4612788524892595, 0.4580279803938336, 0.45816394355561996, 0.4576095011499193, 0.4570743789275487, 0.4568658007515801, 0.45552701089117265, 0.456051058239407, 0.455816345082389, 0.4532538685533736, 0.4548717853095796, 0.4550931801398595, 0.4510989867978626, 0.4498376465506024, 0.4494929479228126, 0.4502529054880142, 0.4487508551941978, 0.45197338196966386, 0.4472425795263714, 0.4500267919566896, 0.44550443357891506, 0.4500700268480513, 0.4470003479056888, 0.4477916244003508, 0.44678543839189744], "val_loss": [0.6512178927659988, 0.6329081058502197, 0.6204395741224289, 0.6043657660484314, 0.5915300697088242, 0.5804236978292465, 0.5690788328647614, 0.5590535551309586, 0.5499448254704475, 0.5411043912172318, 0.5336033403873444, 0.5284724831581116, 0.5185914486646652, 0.5241104140877724, 0.5224905982613564, 0.5147782489657402, 0.5105454176664352, 0.5117875263094902, 0.5088656917214394, 0.5116995200514793, 0.5115740224719048, 0.511852815747261, 0.5105404183268547, 0.5031825825572014, 0.507292166352272, 0.5064305439591408, 0.506147712469101, 0.5071826577186584, 0.5039289593696594, 0.5045572146773338, 0.5060311034321785, 0.5103685930371284, 0.50213722884655, 0.5021640807390213, 0.5049454867839813, 0.5032973363995552, 0.5076319128274918, 0.5032924115657806, 0.505063883960247, 0.4998587965965271, 0.5094724595546722, 0.49897145479917526, 0.5065546482801437, 0.5057186931371689, 0.5033023431897163, 0.5115528628230095, 0.5045813024044037, 0.5106561183929443, 0.509516067802906, 0.5048146024346352, 0.5099947452545166, 0.5030781924724579]}