{"best_val": 0.4646773859858513, "train_loss": [0.7228231694963243, 0.7008239229520162, 0.6790949437353346, 0.6569989621639252, 0.633343004518085, 0.6077315310637156, 0.5880997048483955, 0.5743757088979086, 0.5630390213595496, 0.5500829534398185, 0.5432524349954393, 0.5389264954460992, 0.5316400676965714, 0.527140157090293, 0.524580278330379, 0.5250486019584868, 0.5179466406504313, 0.5162416729662154, 0.5183842413955264, 0.5173840622107188, 0.514280820886294, 0.5154035339752833, 0.5124289476209216, 0.5102684497833252, 0.5100123865736855, 0.5111022343238195, 0.5102717826763788, 0.505997853146659, 0.5058813078535928, 0.5082375639014773, 0.5036431236399544, 0.508060571220186, 0.501467862062984, 0.5044902794890933, 0.5022219402922524, 0.5034546669986513, 0.5005234960052702, 0.5000176810555987, 0.5007237643003464, 0.50109221206771, 0.5011153204573525, 0.4973405980401569, 0.4967926773760054, 0.49756862554285264, 0.49696361687448287, 0.49806789888275993, 0.4984562661912706, 0.4987374213006761, 0.4962753603855769, 0.4981635991070006, 0.49732209079795414, 0.49505126145150924, 0.497359875175688, 0.4935309158431159, 0.49567201402452254, 0.4945242471165127, 0.49808129999372697, 0.49232615696059334, 0.4956948111454646, 0.49578897489441764, 0.49390554262532127, 0.494538340303633, 0.4927653388844596, 0.4940745582183202, 0.4927336755726073, 0.4930905219581392, 0.49045148326290977, 0.49275270932250553, 0.49239788287215763], "val_loss": [0.7026068419218063, 0.681798055768013, 0.6591848582029343, 0.6357053220272064, 0.6052032113075256, 0.5836291611194611, 0.5669079720973969, 0.5522206276655197, 0.5360866636037827, 0.5285606235265732, 0.5221711620688438, 0.5075629949569702, 0.5055684745311737, 0.4964515268802643, 0.4977506250143051, 0.4934292286634445, 0.49992240220308304, 0.49220772832632065, 0.492729127407074, 0.48906441777944565, 0.4845079630613327, 0.4838760420680046, 0.48102059215307236, 0.4823390617966652, 0.47715070098638535, 0.4799369126558304, 0.4786274880170822, 0.4779980480670929, 0.4833224266767502, 0.4720788821578026, 0.48140572756528854, 0.4756770059466362, 0.4770509898662567, 0.47866642475128174, 0.4717658907175064, 0.47890555113554, 0.4781302511692047, 0.4725814610719681, 0.4732109233736992, 0.476365327835083, 0.4807708412408829, 0.47245852649211884, 0.46863463521003723, 0.46824071556329727, 0.4764735847711563, 0.4717181697487831, 0.470068521797657, 0.47084856033325195, 0.4741939529776573, 0.4734034985303879, 0.47071078419685364, 0.4692627266049385, 0.47791188955307007, 0.4669113755226135, 0.4697667807340622, 0.4701530784368515, 0.47485288977622986, 0.47237157821655273, 0.4646773859858513, 0.47151944041252136, 0.47395186126232147, 0.4755285158753395, 0.469760462641716, 0.4724537804722786, 0.47025205940008163, 0.4669312685728073, 0.46641308069229126, 0.47180840373039246, 0.4668419659137726]}