{"best_val": 0.48933759331703186, "train_loss": [0.6948655347029368, 0.6348327431413863, 0.5941966341601478, 0.5556574563185374, 0.5276791635486815, 0.5106798327631421, 0.5012011213435067, 0.4955202357636558, 0.48852314054965973, 0.48416652613215977, 0.48108607365025413, 0.47701035771105027, 0.47638621429602307, 0.47389564249250626, 0.47201210094822776, 0.46839451955424416, 0.46638503505123985, 0.467512341009246, 0.46579466925727, 0.4676429000165727, 0.46305400960975224, 0.4663657546043396, 0.4630655778778924, 0.46113722854190403, 0.4643331186638938, 0.4577363994386461, 0.4636591176191966, 0.46077897151311237, 0.4601510845952564, 0.45885643031862045, 0.4600832147730721, 0.4587298681338628, 0.4621961994303597, 0.45819640656312305, 0.4570314801401562], "val_loss": [0.643640786409378, 0.6059571206569672, 0.5640308558940887, 0.53933185338974, 0.5231070294976234, 0.5230166837573051, 0.5136723890900612, 0.5176605731248856, 0.5087456032633781, 0.5081208795309067, 0.5034719258546829, 0.5102925151586533, 0.5091238096356392, 0.5084424763917923, 0.5050743594765663, 0.5009768903255463, 0.5052808299660683, 0.5027809962630272, 0.50152737647295, 0.504900723695755, 0.49967219680547714, 0.5015740022063255, 0.4961284399032593, 0.5015792548656464, 0.48933759331703186, 0.5012505576014519, 0.4961095079779625, 0.5039582774043083, 0.49419935792684555, 0.4953519403934479, 0.4998522102832794, 0.5021252408623695, 0.499735452234745, 0.5023310780525208, 0.5003694668412209]}