{"best_val": 0.47525762021541595, "train_loss": [0.6918363405598534, 0.6892667810122172, 0.6869433290428586, 0.6843826770782471, 0.6821304063002268, 0.6796518994702233, 0.6774265037642585, 0.675095409154892, 0.6724563042322794, 0.6702853904830085, 0.6676360368728638, 0.6646869215700362, 0.6625207728809781, 0.6592682898044586, 0.656511558426751, 0.6535088254345788, 0.6503541204664443, 0.6470260288980272, 0.6428164343039194, 0.6388392249743143, 0.6354542639520433, 0.6304307083288828, 0.6272744867536757, 0.6220984492037032, 0.6173516809940338, 0.6126497255431281, 0.6066595448387994, 0.6024186015129089, 0.5988398757245805, 0.5931903156969283, 0.5894123978084989, 0.5839648710356818, 0.5818497935930887, 0.5753988391823239, 0.5739727450741662, 0.5692327585485246, 0.566719286971622, 0.5650415950351291, 0.5607905520333184, 0.5569077034791311, 0.5578916966915131, 0.5560851163334317, 0.5514935950438181, 0.5508619563447105, 0.5516360766357846, 0.54564844403002, 0.545910593536165, 0.5443710403309928, 0.5449983874956766, 0.5406958874728944, 0.540504546629058, 0.5387777437766393, 0.5378054595655866, 0.5385331014792124, 0.5388398170471191, 0.5360943890280194, 0.5375069495704439, 0.537450878156556, 0.5366369552082486, 0.533779975440767, 0.5319698221153684, 0.5303351581096649, 0.5337783694267273, 0.5311075184080336, 0.5298962907658683, 0.527474143438869, 0.527853786945343, 0.5299915158086352, 0.5251765151818594, 0.5264359646373324, 0.5263223184479607, 0.5235896176762052, 0.5221581061681112, 0.5255046404070325, 0.5254381547371546, 0.5217163082626131, 0.5222233434518179, 0.5202305896414651, 0.5197602411111196, 0.5188753455877304, 0.5166227536069022, 0.5172850357161628, 0.5198407338725196, 0.5150516645775901, 0.5185044374730852, 0.5159686191214455, 0.5174624390072293, 0.5159159617291557, 0.5177793618705537, 0.5147806968953874, 0.5124943421946632, 0.5152013483974669, 0.516798100537724, 0.5140075700150596, 0.5121088690227933, 0.5130823337369494, 0.510832902457979, 0.5102808508608077, 0.5110059413645003, 0.5117133441898558, 0.5092793454726537, 0.5109089778529273, 0.5085523972908655, 0.5111380020777384, 0.507104218006134], "val_loss": [0.6901790499687195, 0.6874246895313263, 0.6846858263015747, 0.6820038557052612, 0.6794509887695312, 0.6767489612102509, 0.6741160005331039, 0.6710262596607208, 0.6681797802448273, 0.6660323292016983, 0.6631936728954315, 0.6597775518894196, 0.6569578349590302, 0.6534605920314789, 0.6514395475387573, 0.6464976072311401, 0.642432227730751, 0.6380738168954849, 0.6344564855098724, 0.6319841295480728, 0.625654548406601, 0.6201980262994766, 0.6142650991678238, 0.6084732413291931, 0.6022621840238571, 0.5992385745048523, 0.592961996793747, 0.5838126540184021, 0.5826364904642105, 0.5766130536794662, 0.5715105682611465, 0.5636048316955566, 0.56111840903759, 0.5594537407159805, 0.5513229966163635, 0.5464041829109192, 0.5437026470899582, 0.5446715950965881, 0.5368193089962006, 0.5356918722391129, 0.5345815196633339, 0.5276956707239151, 0.5271132290363312, 0.5237879082560539, 0.5304684937000275, 0.5191183015704155, 0.5200401097536087, 0.5171723812818527, 0.5245612561702728, 0.5172468349337578, 0.5146567523479462, 0.5116455554962158, 0.5096375271677971, 0.5097535252571106, 0.5140026286244392, 0.5155903995037079, 0.509175106883049, 0.509093165397644, 0.5086404085159302, 0.5079773664474487, 0.5034822523593903, 0.502153642475605, 0.5038552209734917, 0.501260481774807, 0.5047626122832298, 0.4994032382965088, 0.4956021308898926, 0.4991125836968422, 0.49216228723526, 0.4957250878214836, 0.49704118072986603, 0.4931580573320389, 0.5013286098837852, 0.4920303523540497, 0.4912380054593086, 0.49303773045539856, 0.4894893243908882, 0.495912067592144, 0.49275510013103485, 0.48875438421964645, 0.4882434904575348, 0.48967982083559036, 0.4855159968137741, 0.4878334477543831, 0.4815545827150345, 0.48811133950948715, 0.4837033748626709, 0.4820978567004204, 0.48232876509428024, 0.4824776276946068, 0.4795084744691849, 0.48221738636493683, 0.47660134732723236, 0.4798586964607239, 0.47525762021541595, 0.4810672923922539, 0.476126030087471, 0.4777989462018013, 0.4842327907681465, 0.48008376359939575, 0.48057831823825836, 0.4791541323065758, 0.4775477200746536, 0.4788595139980316, 0.4766862988471985]}