{"best_val": 0.4543427899479866, "train_loss": [0.6896931164794498, 0.6323510275946723, 0.5659336017237769, 0.5168806943628523, 0.4897150463528103, 0.480338035358323, 0.47771523396174115, 0.4744424323240916, 0.468777350253529, 0.4662425418694814, 0.4653727296325896, 0.46527088516288334, 0.4621642629305522, 0.4617278625567754, 0.4632433553536733, 0.4613678538137012, 0.45916182961728835, 0.462818862663375, 0.4590790785021252, 0.4555848456091351, 0.4560995813873079, 0.4549296465184953, 0.45401741398705375, 0.4522992538081275, 0.4535817156235377, 0.45058925118711257], "val_loss": [0.664124920964241, 0.602586179971695, 0.5385839641094208, 0.5010098740458488, 0.4923461750149727, 0.48556937277317047, 0.4756735861301422, 0.47925614565610886, 0.46426407247781754, 0.4727598875761032, 0.4660780057311058, 0.46081994473934174, 0.4722110331058502, 0.46261536329984665, 0.4642709419131279, 0.4543427899479866, 0.4636727645993233, 0.4633641690015793, 0.46599967777729034, 0.46124833822250366, 0.46658336371183395, 0.4601457789540291, 0.46287694573402405, 0.4561452940106392, 0.4621160924434662, 0.45702244341373444]}