{"best_val": 0.4904763475060463, "train_loss": [0.7519359588623047, 0.7237136529551612, 0.7006145384576585, 0.6768561171160804, 0.6505075660016801, 0.6228500968880124, 0.5999447570906745, 0.5833699802557627, 0.5695924229092069, 0.5598382188214196, 0.5546261039045122, 0.5502507636944453, 0.5454436474376254, 0.5404186050097147, 0.537233281466696, 0.5352546572685242, 0.5361168020301394, 0.5321613997220993, 0.5316313107808431, 0.5303070031934314, 0.5283216718170378, 0.5264541788233651, 0.5279106282525592, 0.5252705961465836, 0.5261543740828832, 0.5222193747758865, 0.5220820423629549, 0.5224355657895406, 0.5193212015761269, 0.5205930885341432, 0.5190612143940396, 0.5243954062461853, 0.5191350231568018, 0.5169277489185333, 0.5139608432849249, 0.5180986656083001, 0.5117039200332429, 0.5125101059675217, 0.5137187159723706, 0.5134179459677802, 0.512108811073833, 0.5103415548801422, 0.5064750048849318, 0.5113115658362707, 0.5095363126860725, 0.5080496685372459, 0.5058487753073374, 0.5044464816649755, 0.5067310680945715, 0.5065672844648361, 0.5034467296467887, 0.5031017346514596, 0.5010510947969224, 0.5031621787283156, 0.4979310284058253, 0.5000388539499707, 0.5020572659042146, 0.4987275120284822, 0.5001033395528793, 0.49977169103092617, 0.499572378065851, 0.498075008392334, 0.5006051460901896, 0.4981795400381088, 0.49636445111698574, 0.49646921786997056, 0.49683159755335915, 0.49929637875821853, 0.4957378026511934, 0.4943713065650728, 0.4955824034081565, 0.4966433710522122, 0.4958267526494132, 0.49153293834792244, 0.4940616140762965], "val_loss": [0.6699841022491455, 0.6535407304763794, 0.6404342502355576, 0.6216360181570053, 0.6040215939283371, 0.586716428399086, 0.5718241780996323, 0.5570398420095444, 0.5438081324100494, 0.5421109050512314, 0.5385038703680038, 0.5363747179508209, 0.5334338396787643, 0.533628448843956, 0.5267414972186089, 0.5250641629099846, 0.5215461179614067, 0.5232577100396156, 0.5216192007064819, 0.5227337032556534, 0.5211035534739494, 0.5183839797973633, 0.52022984623909, 0.5203224495053291, 0.5216193124651909, 0.5154195949435234, 0.5169694200158119, 0.5242272838950157, 0.5167241543531418, 0.5142967402935028, 0.5151519253849983, 0.5132085382938385, 0.5172893106937408, 0.5182938799262047, 0.5099838897585869, 0.5141929611563683, 0.5092688873410225, 0.5083672553300858, 0.5035231485962868, 0.5141812711954117, 0.5114136636257172, 0.5067146643996239, 0.5039515271782875, 0.5146393552422523, 0.5035027265548706, 0.5134987905621529, 0.49839775264263153, 0.5031219497323036, 0.5090103894472122, 0.49737006425857544, 0.5034194514155388, 0.502995140850544, 0.5034169778227806, 0.504972793161869, 0.4973080977797508, 0.5006024464964867, 0.4968385770916939, 0.4991469234228134, 0.4969493895769119, 0.500247098505497, 0.49888138473033905, 0.4944837912917137, 0.49822998046875, 0.4983261153101921, 0.4904763475060463, 0.5003170594573021, 0.49628910422325134, 0.49730560183525085, 0.49600306898355484, 0.4944005608558655, 0.5002819001674652, 0.4967772513628006, 0.4961562752723694, 0.4955049827694893, 0.49907533824443817]}