{"best_val": 0.49788933992385864, "train_loss": [0.7317423522472382, 0.7294183638360765, 0.7273949881394705, 0.7252373033099704, 0.7231227623091804, 0.7208058767848544, 0.7185830275217692, 0.7164082129796346, 0.7136877907647027, 0.7113610208034515, 0.7088357077704536, 0.7059548265404172, 0.703063921795951, 0.70014778441853, 0.6969537569416894, 0.6936427023675706, 0.6902812388208177, 0.6868215435081058, 0.6831448177496592, 0.6794782446490394, 0.6754794385698106, 0.6715263426303864, 0.6669580009248521, 0.6630210512214236, 0.6578055520852407, 0.6533183654149374, 0.6485352615515391, 0.6428897447056241, 0.638743711842431, 0.633034262392256, 0.62719616956181, 0.6220356060398949, 0.6163829664389292, 0.6111394431855943, 0.6047219534715017, 0.5990077091587914, 0.594336168633567, 0.5871643490261502, 0.5828925139374204, 0.5770099891556634, 0.5717968841393789, 0.5670557684368558, 0.5649724966949887, 0.5574021935462952, 0.5537785523467593, 0.5479096488820182, 0.5455257991949717, 0.5433394826120801, 0.5408758338954713, 0.5365863806671567, 0.5301747951242659, 0.5302236626545588, 0.5252490275435977, 0.5232781171798706, 0.5208344376749463, 0.5194183306561576, 0.5134211778640747, 0.5146910597880682, 0.5110934724410375, 0.5107496728499731, 0.5089622653192944, 0.5065365069442325, 0.5082379397418764, 0.5040014038483301, 0.5031433701515198, 0.500568269027604, 0.5002346899774339, 0.49949871169196236, 0.49671166638533276, 0.4974777748187383, 0.49395432737138534, 0.4942503389385011, 0.4924212528599633, 0.49055588576528764, 0.4902582003010644, 0.49418654375606114, 0.4890462060769399, 0.48875372774071163, 0.48675547374619377, 0.48795723418394726, 0.485851032866372, 0.48713185886542004, 0.48174646331204307, 0.4832953131861157, 0.48203381730450523, 0.4809519333971871, 0.48085446655750275, 0.4811255981524785, 0.47835054496924084, 0.4786985516548157, 0.4780481490823958, 0.47825417584843105, 0.4780524538622962, 0.47434011267291176, 0.4768197304672665, 0.4760155313544803, 0.47601012057728237, 0.47109221915404004, 0.472928524017334, 0.47247420251369476, 0.4731307410531574, 0.4707201321919759, 0.470384837852584, 0.47184227572547066, 0.4707478731870651, 0.47073707977930707, 0.46994831992520225, 0.4690491292211745, 0.4701635224951638, 0.4666215181350708, 0.46840129295984906], "val_loss": [0.7257783561944962, 0.723716139793396, 0.7216161042451859, 0.719755694270134, 0.7182908952236176, 0.7158273607492447, 0.7137812227010727, 0.7118496745824814, 0.7093198597431183, 0.7070045471191406, 0.7048293501138687, 0.7022271901369095, 0.6998371332883835, 0.6973705142736435, 0.6941096186637878, 0.6915911436080933, 0.6882640272378922, 0.6850583702325821, 0.6816240400075912, 0.6785137951374054, 0.6749963611364365, 0.6709904670715332, 0.6678059548139572, 0.6632596999406815, 0.6595093607902527, 0.6551850140094757, 0.6513957381248474, 0.6457740217447281, 0.6423711180686951, 0.6378207355737686, 0.6346810907125473, 0.6273066103458405, 0.6214436888694763, 0.6183650493621826, 0.6146496385335922, 0.6083973944187164, 0.6061735600233078, 0.6031468361616135, 0.5969071686267853, 0.5961190760135651, 0.5875018388032913, 0.5878080278635025, 0.5778935551643372, 0.5793183296918869, 0.5780287981033325, 0.575313426554203, 0.568528801202774, 0.5691405683755875, 0.5688702687621117, 0.5625479072332382, 0.5637238621711731, 0.5603350102901459, 0.5546040832996368, 0.5547155737876892, 0.5524258613586426, 0.5504644215106964, 0.5492194294929504, 0.5463873818516731, 0.5435453280806541, 0.5476973801851273, 0.5453781336545944, 0.5400138422846794, 0.5384648740291595, 0.5429374724626541, 0.5423851683735847, 0.542429730296135, 0.5318043082952499, 0.5376794338226318, 0.5320731401443481, 0.5313668996095657, 0.5336797386407852, 0.5332866162061691, 0.5279964283108711, 0.5294710695743561, 0.5348038151860237, 0.5364585220813751, 0.5316847115755081, 0.5239758715033531, 0.519486129283905, 0.5233407765626907, 0.5200854539871216, 0.5223943814635277, 0.5239650309085846, 0.516869381070137, 0.5192074105143547, 0.5160717889666557, 0.5143457502126694, 0.5140216946601868, 0.5161495432257652, 0.5183175802230835, 0.5115231722593307, 0.5128008127212524, 0.5076514407992363, 0.5061846449971199, 0.5026400685310364, 0.5061004981398582, 0.5135072469711304, 0.4997098371386528, 0.5086940750479698, 0.5119291767477989, 0.49788933992385864, 0.5065691843628883, 0.5010809749364853, 0.49976974725723267, 0.49933263659477234, 0.501026339828968, 0.5010599866509438, 0.5016843676567078, 0.49822937697172165, 0.5016589164733887, 0.5009745955467224]}