{"best_val": 0.5405957996845245, "train_loss": [0.706128242943022, 0.7028032110797034, 0.6994543903403811, 0.696245465013716, 0.6929980682002174, 0.6896608902348412, 0.6862969133589003, 0.682764490445455, 0.6794359021716647, 0.6756564809216393, 0.6717068917221494, 0.667768700255288, 0.6636872821384006, 0.6591603126790788, 0.654576000240114, 0.6497989296913147, 0.6447449955675337, 0.6396854552957747, 0.635358969370524, 0.6292730271816254, 0.6238683462142944, 0.6188568737771776, 0.613286683956782, 0.6083852979871962, 0.6018856631384956, 0.5952658255894979, 0.5895530780156454, 0.5835164785385132, 0.5771963132752312, 0.5715220934814877, 0.5655035972595215, 0.5604173905319638, 0.5560657862159941, 0.5499547455045912, 0.5451835062768724, 0.54246253768603, 0.5368802928262286, 0.536152677403556, 0.5292329920662774, 0.5274635603030523, 0.524778985314899, 0.5213023755285475, 0.5184364434745576, 0.5172561125622855, 0.5154816971884834, 0.5131785273551941, 0.5120512992143631, 0.5087708085775375, 0.5078060593869951, 0.5080253365967009, 0.5038596441348394], "val_loss": [0.7031383663415909, 0.7005000710487366, 0.6976842433214188, 0.6947922110557556, 0.6919548064470291, 0.689222902059555, 0.6862489581108093, 0.6831327825784683, 0.6801014840602875, 0.6767735779285431, 0.6738823503255844, 0.6703237891197205, 0.6662434339523315, 0.6627027243375778, 0.6593916565179825, 0.6547469049692154, 0.6493419855833054, 0.6458358317613602, 0.6418377459049225, 0.6365416347980499, 0.633258044719696, 0.6287800073623657, 0.6224724799394608, 0.6184268295764923, 0.6143049001693726, 0.6085649877786636, 0.6060113906860352, 0.597474992275238, 0.5914875566959381, 0.5884577333927155, 0.5852512419223785, 0.577804908156395, 0.5779632329940796, 0.5789581388235092, 0.5689219981431961, 0.5646428167819977, 0.563470259308815, 0.5645351707935333, 0.5575108826160431, 0.5566783249378204, 0.5540772974491119, 0.5486787483096123, 0.5498891919851303, 0.5526946038007736, 0.5475702881813049, 0.546124778687954, 0.5469556599855423, 0.5434742867946625, 0.5431414842605591, 0.5406042635440826, 0.5405957996845245]}