{"best_val": 0.44359884411096573, "train_loss": [0.7274373802873824, 0.708801829152637, 0.6887127624617683, 0.6659841504361894, 0.6410350832674239, 0.6138919260766771, 0.5863646037048764, 0.563278638654285, 0.5466255628400378, 0.53090833624204, 0.5188092274798287, 0.5114096949497858, 0.5063760611746047, 0.5020549611912833, 0.4980309522814221, 0.49573055903116864, 0.4958580699231889, 0.4897851910856035, 0.4893142696883943, 0.48842060069243115, 0.49035755296548206, 0.4873436606592602, 0.4873010449939304, 0.48445164660612744, 0.484270883931054, 0.4828764647245407, 0.48307864367961884, 0.4830373211039437, 0.4820413473579619, 0.48119380076726276, 0.4797623140944375, 0.4769696477386687, 0.47971949974695843, 0.4768850803375244, 0.4765011916557948, 0.4772148413790597, 0.47836269107129836, 0.47615564862887066, 0.47871890829669106, 0.47548819416099125, 0.4724772704972161, 0.47550107373131645, 0.4756552262438668, 0.47068096862898934, 0.4728389498260286, 0.47322317957878113, 0.4737870991230011, 0.47403837574852836, 0.47104033165507847, 0.471368788017167, 0.46925347215599483, 0.4753145890103446, 0.47031530406739974, 0.470790758728981, 0.46733247405952877, 0.4691198252969318, 0.4694785326719284, 0.4688109772072898], "val_loss": [0.7056790441274643, 0.688420444726944, 0.6692951023578644, 0.6471862494945526, 0.6216499656438828, 0.5964050143957138, 0.569335326552391, 0.5492041110992432, 0.5386879369616508, 0.5185075849294662, 0.5086688548326492, 0.4933490753173828, 0.49677519500255585, 0.4874779209494591, 0.4822699502110481, 0.4727201834321022, 0.47498366981744766, 0.47343818843364716, 0.46803994476795197, 0.4709741324186325, 0.4685482308268547, 0.471377357840538, 0.4625970646739006, 0.4646598771214485, 0.46371646225452423, 0.4641549661755562, 0.4620385393500328, 0.4664737433195114, 0.46470124274492264, 0.4621386453509331, 0.4603062868118286, 0.4616583585739136, 0.4595386013388634, 0.463872529566288, 0.4573049992322922, 0.45884159207344055, 0.45498690009117126, 0.4567306786775589, 0.45868879556655884, 0.45348010212183, 0.45524878054857254, 0.45658381283283234, 0.4546704664826393, 0.4573901519179344, 0.45746929943561554, 0.45233649760484695, 0.44966118037700653, 0.44359884411096573, 0.44604484736919403, 0.451683945953846, 0.4441335126757622, 0.45441919565200806, 0.450177900493145, 0.44707758724689484, 0.444495789706707, 0.44498075544834137, 0.4457749277353287, 0.4451967552304268]}