{"best_val": 0.5034918934106827, "train_loss": [0.6861446764734056, 0.6660313043329451, 0.6460669537385305, 0.6249129739072588, 0.6014264722665151, 0.5769198801782396, 0.5558124846882291, 0.5368086066510942, 0.5238218506177267, 0.5149396376477348, 0.5055461476246516, 0.5030875636471642, 0.4985819061597188, 0.49871261914571124, 0.4961001194185681, 0.49152151743570965, 0.48863404326968723, 0.4895378483666314, 0.4870803505182266, 0.4865904450416565, 0.4847141355276108, 0.4843668258852429, 0.4831782927115758, 0.4825150983201133, 0.48251955376731026, 0.48252178066306645, 0.4778061939610375, 0.4786031229628457, 0.4791990319887797, 0.4767827176385456, 0.4790334122048484, 0.4762435124980079, 0.4771115250057644, 0.4733814464675056, 0.4728568179739846, 0.47686830990844303, 0.47331158485677505, 0.4729641129573186, 0.47096723483668435, 0.47343289189868504, 0.4738861537641949, 0.47070328229003483, 0.47090769641929203, 0.4679767241080602, 0.4707265363799201, 0.47144778403970933, 0.4694342745674981, 0.468727375070254, 0.46794366505410934, 0.46796029640568626, 0.468356106016371], "val_loss": [0.6661910116672516, 0.6518842428922653, 0.6342732012271881, 0.6213988065719604, 0.6033717691898346, 0.5858971625566483, 0.5733739584684372, 0.5630420669913292, 0.5474181026220322, 0.540839433670044, 0.5373552292585373, 0.5300403162837029, 0.5308610647916794, 0.5320740416646004, 0.525208443403244, 0.5244601666927338, 0.5235909149050713, 0.5271881967782974, 0.5188687369227409, 0.5149476826190948, 0.5259616822004318, 0.5222059711813927, 0.5147574916481972, 0.5222931951284409, 0.519296295940876, 0.5219255313277245, 0.5098343044519424, 0.5157406255602837, 0.5150191262364388, 0.5198140665888786, 0.5142250433564186, 0.5181216672062874, 0.5115165412425995, 0.5144736990332603, 0.5091969445347786, 0.5131754651665688, 0.5097901076078415, 0.512190468609333, 0.5131706893444061, 0.5138436853885651, 0.5034918934106827, 0.509655699133873, 0.5118973106145859, 0.5040503740310669, 0.5145013630390167, 0.5041322186589241, 0.5109158456325531, 0.5092943981289864, 0.5054633170366287, 0.5082878321409225, 0.5080642774701118]}