{"best_val": 0.5038211941719055, "train_loss": [0.7120312949021658, 0.6621008912722269, 0.602991004784902, 0.54437122742335, 0.5087970031632317, 0.4869401868846681, 0.47788049942917293, 0.467808347609308, 0.4654082953929901, 0.46167482766840195, 0.46106139322121936, 0.45447589125898147, 0.4516839186350505, 0.4493070724937651, 0.4482964492506451, 0.44646259645620984, 0.4446940819422404, 0.44190554320812225, 0.4414621988932292, 0.4406107697221968], "val_loss": [0.7046689540147781, 0.6584074050188065, 0.6014924049377441, 0.5591167211532593, 0.5318315923213959, 0.5279010981321335, 0.523212119936943, 0.5111512094736099, 0.5100442096590996, 0.5038211941719055, 0.515215665102005, 0.5194055587053299, 0.5179135054349899, 0.5152086541056633, 0.5078505054116249, 0.5195159018039703, 0.5199660509824753, 0.511221170425415, 0.522746279835701, 0.5224689766764641]}