{"best_val": 0.4364732652902603, "train_loss": [0.6628211670451694, 0.6141191091802385, 0.5710459798574448, 0.5397869712776608, 0.5227243701616923, 0.5115908351209428, 0.5074025938908259, 0.5007525384426117, 0.501189672284656, 0.49790263507101273, 0.4955586824152205, 0.4959312876065572, 0.49325592981444466, 0.4911169509092967, 0.4930051200919681, 0.4893280764420827, 0.4903115812275145, 0.4870666116476059, 0.48300745089848834, 0.48118139968978035, 0.48128482202688855, 0.4823268022802141, 0.48184071646796334, 0.47994643449783325, 0.4777365177869797, 0.4776960727241304, 0.4782833291424645, 0.4764895770284865, 0.47816206845972276, 0.4747210310565101, 0.47424538764688706, 0.4722643776072396, 0.4720139586263233, 0.4712098456091351, 0.4733831269873513, 0.47146209081013996, 0.469653930928972, 0.46939677993456524, 0.4695887482828564, 0.4674165298541387, 0.4685414284467697, 0.4691331833600998], "val_loss": [0.6262778341770172, 0.5873310565948486, 0.5439780205488205, 0.5184564217925072, 0.5000712424516678, 0.48473548889160156, 0.48089297115802765, 0.4836721271276474, 0.47067321091890335, 0.4711976945400238, 0.4625967890024185, 0.46940910816192627, 0.46312376111745834, 0.46211027354002, 0.4585213214159012, 0.4575102627277374, 0.4520672485232353, 0.4561477228999138, 0.45427827537059784, 0.4514112249016762, 0.4474530592560768, 0.4475889205932617, 0.4468742311000824, 0.44685280323028564, 0.4451162591576576, 0.4421923980116844, 0.4442742317914963, 0.441613532602787, 0.44311127811670303, 0.44304006546735764, 0.44240910559892654, 0.4364732652902603, 0.43901798129081726, 0.43854565918445587, 0.44234897941350937, 0.44022637605667114, 0.43733883649110794, 0.43735969066619873, 0.44081559777259827, 0.4384036734700203, 0.43663880974054337, 0.4382476583123207]}