{"best_val": 0.5018913596868515, "train_loss": [0.6598535113864474, 0.6112779378890991, 0.5644444127877554, 0.5324497057331933, 0.5212443487511741, 0.5150467736853493, 0.5062070687611898, 0.505924877193239, 0.5002958195077049, 0.5011947304010391, 0.49690892961290145, 0.494959380891588, 0.49182922144730884, 0.4939088539944755, 0.48875076406531864, 0.4880477289358775, 0.4903542117940055, 0.48649395174450344, 0.48487069209416706, 0.4835589759879642, 0.4855546818839179, 0.47975949115223354], "val_loss": [0.6363418102264404, 0.5937779396772385, 0.5498689115047455, 0.5310545340180397, 0.5187938585877419, 0.5213546380400658, 0.5147980600595474, 0.5136406719684601, 0.5076429694890976, 0.5059726908802986, 0.5078955218195915, 0.5018913596868515, 0.5123573169112206, 0.5118531957268715, 0.5210997015237808, 0.507024347782135, 0.5049251168966293, 0.504967100918293, 0.5064341202378273, 0.5142655894160271, 0.5054892897605896, 0.5085516721010208]}