{"best_val": 0.48102016746997833, "train_loss": [0.63520348072052, 0.619641857014762, 0.6053341958257887, 0.5956862635082669, 0.5854084458616045, 0.5753196279207865, 0.568342987034056, 0.5612023539013333, 0.548343386914995, 0.5417361474699445, 0.5329767200681899, 0.5274660140275955, 0.5207657052410973, 0.5128632932901382, 0.5085435890489154, 0.5045104490386115, 0.49904851284292007, 0.4963474025328954, 0.4951368470986684, 0.49047794938087463, 0.4904266893863678, 0.48898444573084515, 0.4866003973616494, 0.4844018684493171, 0.4827054888010025, 0.48356008695231545, 0.47886809044414097, 0.48113160332043964, 0.48140140374501544, 0.4811195284128189, 0.4793259534570906, 0.47638794117503697, 0.47880269918176865, 0.47617536783218384, 0.47686496211422813, 0.474191364314821, 0.47554346753491294, 0.4749252862400479], "val_loss": [0.6244233995676041, 0.6128321886062622, 0.6000384241342545, 0.590109258890152, 0.5792669504880905, 0.5726426541805267, 0.5656630396842957, 0.5522645115852356, 0.5503087192773819, 0.5416557490825653, 0.529266893863678, 0.5202610790729523, 0.5159602239727974, 0.5130511224269867, 0.5093668028712273, 0.5078568831086159, 0.5020305886864662, 0.49816059321165085, 0.49035121500492096, 0.49142886698246, 0.4956831559538841, 0.48823340982198715, 0.48733706772327423, 0.4924734830856323, 0.4891359284520149, 0.48518355935811996, 0.48982150852680206, 0.48102016746997833, 0.48810017108917236, 0.4912969693541527, 0.4915746822953224, 0.49158018827438354, 0.4879552498459816, 0.48531946539878845, 0.485411562025547, 0.4863944798707962, 0.4827282652258873, 0.4815414622426033]}