{"best_val": 0.4640343636274338, "train_loss": [0.680160661538442, 0.6748621132638719, 0.6693953739272224, 0.6633819772137536, 0.6578347682952881, 0.6508584585454729, 0.6450781656636132, 0.6380115780565474, 0.6310279766718546, 0.6230099830362532, 0.6149376167191399, 0.6077494323253632, 0.5983539554807875, 0.5905555950270759, 0.5837586224079132, 0.5720608830451965, 0.5676272511482239, 0.5573935773637559, 0.5508112874295976, 0.5431916531589296, 0.5376217878527112, 0.529296240872807, 0.5250088688400056, 0.519478902220726, 0.5190002669890722, 0.5140864418612586, 0.5098581595553292, 0.5036477694908778, 0.5005971872144275, 0.49863965312639874, 0.49626513322194415, 0.49394337832927704, 0.49116450879308915, 0.4880232728189892, 0.4858174953195784, 0.4829215539826287, 0.47938574188285404, 0.4766150299045775, 0.47612805995676255, 0.47464940779738957, 0.47457808752854663, 0.4701128386788898, 0.4735705984963311, 0.46989040904574925, 0.46871429350641036, 0.4695185174544652, 0.47109923760096234, 0.46345140371057725, 0.4677400870455636, 0.46711019509368473, 0.46584447887208724, 0.46536990834607017, 0.46162232756614685, 0.4621004793379042, 0.4609356290764279, 0.46020088096459705, 0.46129557490348816, 0.46516545282469857, 0.4666005356444253, 0.4608313739299774, 0.4620644980006748, 0.46006424725055695, 0.45814257363478345, 0.4590330339140362, 0.4585581984784868, 0.4608813159995609, 0.45830073787106407, 0.45758508145809174, 0.46306805974907345, 0.4589781065781911, 0.4585876448286904, 0.4584817389647166, 0.46043287052048576, 0.45948463016086155, 0.4607136497894923], "val_loss": [0.6775436252355576, 0.6724372357130051, 0.6669247150421143, 0.6610023677349091, 0.6550009697675705, 0.6481834203004837, 0.641963854432106, 0.6353126764297485, 0.626746654510498, 0.6185725778341293, 0.6115676015615463, 0.6043787747621536, 0.5942872166633606, 0.5901597291231155, 0.5780007094144821, 0.5717965662479401, 0.5608234256505966, 0.5521563738584518, 0.5483060926198959, 0.5404441654682159, 0.5338467657566071, 0.5296660661697388, 0.5249635130167007, 0.5215007066726685, 0.5145273804664612, 0.5117461383342743, 0.5107590854167938, 0.5030443295836449, 0.5008362755179405, 0.5035843998193741, 0.4999654218554497, 0.4944138005375862, 0.487441822886467, 0.49093418568372726, 0.4904779717326164, 0.48639389127492905, 0.480285182595253, 0.4834447503089905, 0.47989634424448013, 0.48045049607753754, 0.4788529723882675, 0.47852251678705215, 0.4766458570957184, 0.48244983702898026, 0.48246803879737854, 0.4707542434334755, 0.4749765694141388, 0.46937575936317444, 0.4746629595756531, 0.46791716665029526, 0.47230125218629837, 0.46849580854177475, 0.47419384121894836, 0.4718860983848572, 0.4695235341787338, 0.4768870621919632, 0.473841093480587, 0.4722224697470665, 0.4652264416217804, 0.46834132820367813, 0.46583082526922226, 0.4712681248784065, 0.47492169588804245, 0.4694172367453575, 0.4640343636274338, 0.4703306034207344, 0.47320980578660965, 0.47097297757864, 0.46906446665525436, 0.46746131032705307, 0.46649976819753647, 0.46507586538791656, 0.4668659046292305, 0.46982815861701965, 0.4714295417070389]}