{"best_val": 0.5000521242618561, "train_loss": [0.7508712046676211, 0.7459247608979543, 0.7417054408126407, 0.7368458608786265, 0.7325759298271604, 0.7276704708735148, 0.7226762606037987, 0.7182200021213956, 0.713244401746326, 0.7079566684034135, 0.7025936775737338, 0.6972152491410574, 0.69138921962844, 0.6861765185991923, 0.6801673107677035, 0.6747150520483652, 0.6688665482732985, 0.6626754105091095, 0.6570687592029572, 0.6509714192814298, 0.6455387572447459, 0.6398818757798936, 0.633726073635949, 0.6283425788084666, 0.6215167807208167, 0.6155530446105533, 0.6111468639638689, 0.6055429743395911, 0.5995130903191037, 0.5955640309386783, 0.5890828967094421, 0.5867685609393649, 0.5817451046572791, 0.5762382480833266, 0.5734843611717224, 0.5689867867363824, 0.5647472937901815, 0.5613271560933855, 0.5595098220639758, 0.5559537841214074, 0.5513696206940545, 0.552023857831955, 0.5485794477992587, 0.5457238207260767, 0.5437139454815123, 0.5413737561967638, 0.5396882345279058, 0.5367893642849393, 0.5369438628355662, 0.5355237507157855, 0.5344368716080984, 0.5335945321453942, 0.5306799163420995, 0.5307858768436644, 0.5307775553729799, 0.5272134045759836, 0.5267521424425973, 0.5273707492483987, 0.5243549164798524, 0.5227473444408841, 0.522571936249733, 0.5223675419886907, 0.5209157334433662, 0.520466653837098, 0.5190209564235475, 0.5168360107474856, 0.5168382227420807, 0.5169113857878579, 0.51747960348924, 0.5183885544538498, 0.5140844964318805, 0.5173135565386878, 0.5147639827595817, 0.5121263580189811, 0.5172772457202276, 0.51522439552678, 0.5108879192007912, 0.5145226452085707, 0.5097822563515769, 0.5116363118092219, 0.5133963508738412, 0.5089960578415129, 0.5086940311723285, 0.5122395290268792, 0.5091539671023687, 0.5089518378178278, 0.5082165996233622, 0.5045756217506197, 0.5051318373945024, 0.507271311349339, 0.5084292987982432, 0.5053881837262048, 0.5111613935894437, 0.5040155367718803, 0.5044579654932022, 0.5050787644253837, 0.5045914832088683, 0.5007336288690567, 0.5035903602838516, 0.5015619513061311, 0.5025264322757721, 0.5035044401884079, 0.5038174655702379, 0.5003414319621192, 0.5009230573972067, 0.5036973026063707, 0.5010631812943352], "val_loss": [0.7488440573215485, 0.743882566690445, 0.7394696325063705, 0.7354664653539658, 0.730112835764885, 0.7252119183540344, 0.7212645560503006, 0.7167810797691345, 0.7114882171154022, 0.7057532221078873, 0.7005628645420074, 0.6956256926059723, 0.6898011863231659, 0.684528574347496, 0.6789027750492096, 0.6740779727697372, 0.667803943157196, 0.6615910232067108, 0.6552713960409164, 0.6505473703145981, 0.6445841938257217, 0.6400984078645706, 0.6343131810426712, 0.6272689253091812, 0.6209564059972763, 0.6171701550483704, 0.6108349859714508, 0.6066602915525436, 0.601953387260437, 0.5949804484844208, 0.5893435329198837, 0.5858014225959778, 0.5817301124334335, 0.5818601101636887, 0.575882151722908, 0.5718771368265152, 0.5678326636552811, 0.5644596070051193, 0.5596011281013489, 0.558427020907402, 0.5583427399396896, 0.5528515428304672, 0.5565181076526642, 0.5545809790492058, 0.5462374836206436, 0.5471622943878174, 0.5426123812794685, 0.5468080714344978, 0.5414974838495255, 0.5401503369212151, 0.5390321612358093, 0.5375121161341667, 0.5397593751549721, 0.5312712118029594, 0.5375380888581276, 0.5320344567298889, 0.5339686125516891, 0.527197502553463, 0.5273027271032333, 0.5311530828475952, 0.5277359038591385, 0.5268271490931511, 0.5254060551524162, 0.5240997523069382, 0.5225707292556763, 0.520544171333313, 0.5225690752267838, 0.523855172097683, 0.5214410573244095, 0.5213540270924568, 0.517566129565239, 0.5190742611885071, 0.5225868970155716, 0.5181926041841507, 0.5166787654161453, 0.5178137719631195, 0.5170407146215439, 0.5193104445934296, 0.5142050758004189, 0.5149415135383606, 0.5167753249406815, 0.5113395527005196, 0.5113543048501015, 0.5193483531475067, 0.5089554414153099, 0.5107618495821953, 0.5074793100357056, 0.5130880996584892, 0.5096844136714935, 0.5128796324133873, 0.5069763660430908, 0.5135292634367943, 0.5092693865299225, 0.5074210911989212, 0.5060307756066322, 0.5068926215171814, 0.5000521242618561, 0.5096983164548874, 0.5071769133210182, 0.5031450092792511, 0.5063014551997185, 0.509452722966671, 0.5001733750104904, 0.5015064105391502, 0.5042819231748581, 0.5043451935052872, 0.506383553147316]}