{"best_val": 0.5168227329850197, "train_loss": [0.7231356733375125, 0.7049849662515852, 0.6891638504134284, 0.6722494926717546, 0.6552534335189395, 0.6396202709939744, 0.6215682062837813, 0.6025734543800354, 0.5843175517188178, 0.5671627951992882, 0.553014874458313, 0.5440243151452806, 0.5325097988049189, 0.5265369282828437, 0.518495457039939, 0.5135558562146293, 0.5096037884553274, 0.504859447479248, 0.5009397765000662, 0.4990823682811525, 0.49571749402417076, 0.49872778356075287, 0.495291100607978, 0.49475012388494277, 0.4925767829020818, 0.49379105700386894, 0.4908081359333462, 0.4909003923336665, 0.4871981193621953, 0.48901380432976616, 0.48691077364815605, 0.48688831594255233, 0.4867500132984585, 0.4844668789042367, 0.4860095977783203, 0.48512764771779376, 0.48301298916339874, 0.4834335330459807, 0.486141680015458, 0.48565079768498737, 0.485441686378585, 0.4836235327853097, 0.4820084306928847, 0.4832413262791104, 0.4842376361290614, 0.4834313640991847, 0.48079632884926266, 0.4865221463971668, 0.48297929598225486, 0.48226165440347457, 0.48079603413740796, 0.4801991002427207], "val_loss": [0.7080494463443756, 0.6949238032102585, 0.682944118976593, 0.6671309024095535, 0.6573260426521301, 0.6420717537403107, 0.6309622228145599, 0.6181394308805466, 0.5994542092084885, 0.5928348451852798, 0.5792588144540787, 0.5697130858898163, 0.5613524317741394, 0.5519080013036728, 0.5449929535388947, 0.5405467227101326, 0.5431491434574127, 0.5327548608183861, 0.5374485701322556, 0.537631131708622, 0.5259024277329445, 0.5330765247344971, 0.5329537987709045, 0.5256182998418808, 0.5266586095094681, 0.5264575928449631, 0.522572711110115, 0.524684727191925, 0.5272278562188148, 0.5283955931663513, 0.521449938416481, 0.5282619297504425, 0.5174399390816689, 0.5286274552345276, 0.5271961763501167, 0.5191108360886574, 0.5228803902864456, 0.5279210060834885, 0.5268976464867592, 0.5280669704079628, 0.5239058136940002, 0.5168227329850197, 0.5249633565545082, 0.5279378369450569, 0.5294008105993271, 0.5260947868227959, 0.5180824920535088, 0.5225334763526917, 0.5271885469555855, 0.5206375643610954, 0.5228729844093323, 0.5236338078975677]}