{"best_val": 0.5031790211796761, "train_loss": [0.743131912416882, 0.7288597822189331, 0.7180825140741136, 0.7071369356579251, 0.6957291265328726, 0.6850472125742171, 0.6735100746154785, 0.6615087456173367, 0.6474365856912401, 0.6332459979587131, 0.618017746342553, 0.6012228694227006, 0.5868058171537187, 0.5747331380844116, 0.5627316004700131, 0.5545191715161005, 0.5429862886667252, 0.5377520736720827, 0.5340539250108931, 0.5319363739755418, 0.5255026800764931, 0.5240108536349403, 0.5182675768931707, 0.5173458738459481, 0.5138802578051885, 0.5141492386658987, 0.512594978014628, 0.5100058598650826, 0.5097974257336723, 0.510214603609509, 0.5088712887631522, 0.5076894727018144, 0.5054436094231076, 0.5072617563936446, 0.5045973542663786, 0.5014668239487542, 0.5013139413462745, 0.5012943976455264, 0.5007893608676063, 0.50095334649086, 0.4995084934764438, 0.4995223780473073, 0.5017743508021036, 0.49784143765767414, 0.49794841143820023, 0.49994012382295394, 0.5005191299650404, 0.49756191339757705, 0.49856062564584946, 0.49632670481999713, 0.49662664863798356, 0.49789700077639687, 0.4939379096031189, 0.49508537848790485, 0.4978017641438378, 0.4940035425954395, 0.49624036914772457, 0.4927623752090666, 0.4961371786064572, 0.4903857525851991, 0.49260395268599194, 0.4927985237704383, 0.4940829690959718, 0.4907524718178643, 0.49321404430601334, 0.49065104954772526, 0.4921064492728975, 0.492782645755344], "val_loss": [0.7208426594734192, 0.7089476138353348, 0.7033476829528809, 0.6925723999738693, 0.6841331124305725, 0.6745181977748871, 0.663493737578392, 0.650068923830986, 0.6325975507497787, 0.6200621873140335, 0.6062169075012207, 0.5962575376033783, 0.5771895945072174, 0.5638967603445053, 0.5535123646259308, 0.5441582798957825, 0.5442978739738464, 0.539186641573906, 0.5354046821594238, 0.5324651747941971, 0.5211521461606026, 0.5242848768830299, 0.518900953233242, 0.5178840756416321, 0.5183609277009964, 0.5188821405172348, 0.516318753361702, 0.5205066874623299, 0.5185832604765892, 0.5121818333864212, 0.5090644434094429, 0.5107266828417778, 0.5115646868944168, 0.509280189871788, 0.5166399776935577, 0.5059424713253975, 0.508748784661293, 0.5138741210103035, 0.5105217099189758, 0.5130928382277489, 0.5126567184925079, 0.5142312794923782, 0.5055040344595909, 0.5116047710180283, 0.5092281848192215, 0.5099157840013504, 0.511717863380909, 0.5100540891289711, 0.5108179971575737, 0.5139476433396339, 0.5155201256275177, 0.5042027086019516, 0.5123920887708664, 0.5134945511817932, 0.511070653796196, 0.5104591399431229, 0.5126626566052437, 0.5031790211796761, 0.5156973227858543, 0.5068830996751785, 0.5111311674118042, 0.5076194331049919, 0.5081739649176598, 0.5092997625470161, 0.5137628242373466, 0.506641760468483, 0.5100493878126144, 0.5094556584954262]}