{"best_val": 0.4941694736480713, "train_loss": [0.6815853615601858, 0.6690143148104349, 0.6588307321071625, 0.6472886900107065, 0.6355271008279588, 0.624559200472302, 0.6126091380914053, 0.5980326301521726, 0.5840360621611277, 0.5680724829435349, 0.5552525106403563, 0.5421178191900253, 0.5330196337567435, 0.5229857812325159, 0.5172195732593536, 0.5119248363706801, 0.5069491946034961, 0.5061740560664071, 0.5005732062790129, 0.4978834324412876, 0.494266614317894, 0.4958270672294829, 0.4931330333153407, 0.4907413853539361, 0.4913476159175237, 0.48725706670019364, 0.48783425821198356, 0.48559726277987164, 0.48462946050696903, 0.4828346090184318, 0.4837047639820311, 0.4838673174381256, 0.48832397162914276, 0.4853346314695146, 0.4803655081325107, 0.4804428004556232, 0.47988274031215244, 0.4790813757313622, 0.48124966190920937, 0.4747876094447242, 0.47737618618541294, 0.47792500091923606, 0.4777905195951462, 0.47591596013969845, 0.47565632396274143, 0.47826632029480404, 0.47507012055979836, 0.4774533791674508, 0.47600233058134717, 0.47647036612033844, 0.47386008004347485, 0.47173743943373364, 0.4743374420536889, 0.4731769644551807], "val_loss": [0.669916182756424, 0.6580900996923447, 0.6466920226812363, 0.6371731907129288, 0.6253421902656555, 0.6090409308671951, 0.5970490872859955, 0.5830703377723694, 0.5694339573383331, 0.5574525594711304, 0.5464518070220947, 0.5347507148981094, 0.5292887985706329, 0.5242976173758507, 0.5085227340459824, 0.5168346911668777, 0.5132132917642593, 0.5135011151432991, 0.5027933791279793, 0.5075691565871239, 0.5040775388479233, 0.5035552456974983, 0.5015149116516113, 0.5036361142992973, 0.5017503947019577, 0.5020744204521179, 0.5066104382276535, 0.5013112649321556, 0.5023240298032761, 0.5047031119465828, 0.5043100267648697, 0.5010887756943703, 0.5082198455929756, 0.4977608546614647, 0.5011897832155228, 0.5030093714594841, 0.5014725476503372, 0.5005366280674934, 0.49653031677007675, 0.5017319843173027, 0.49797870218753815, 0.4981932267546654, 0.5004206225275993, 0.4941694736480713, 0.5028988644480705, 0.5069251582026482, 0.4983081892132759, 0.501319520175457, 0.5002292171120644, 0.5041884630918503, 0.5001849755644798, 0.5086710005998611, 0.500466875731945, 0.5035951435565948]}