{"best_val": 0.4724316820502281, "train_loss": [0.6785366766982608, 0.6668861508369446, 0.6573469440142313, 0.6477511922518412, 0.6402690145704482, 0.6319418748219808, 0.6236841612392001, 0.6149557696448432, 0.6072139706876543, 0.5997104644775391, 0.5924610528681014, 0.5842041273911794, 0.5776686469713846, 0.5691058470143212, 0.5635525816016727, 0.5577646957503425, 0.5495633963081572, 0.5468191256125768, 0.5433097034692764, 0.5362566080358293, 0.5350530826383166, 0.5323606431484222, 0.5295776029427847, 0.5291382521390915, 0.5266776515377892, 0.5270347694555918, 0.5217425541745292, 0.5247185263368819, 0.5199607014656067, 0.5219853007131152, 0.5200853198766708, 0.5184008379777273, 0.5182708783282174, 0.5164996733268102, 0.5180283685525259, 0.5140286071432961, 0.5152660657962164, 0.5137705538007948, 0.5118832058376737, 0.5115179717540741, 0.5115738130278058, 0.512261387374666, 0.5107813825209936, 0.5126683794789844, 0.5094803770383199, 0.511479891008801, 0.5096836272213194, 0.5112549596362643, 0.5091803603702121, 0.509867368472947, 0.510705817076895, 0.5049324399895139, 0.5084329711066352, 0.5090528991487291], "val_loss": [0.6677692383527756, 0.657051756978035, 0.6455165892839432, 0.6357882618904114, 0.6271003931760788, 0.6156005561351776, 0.6063883155584335, 0.60064397752285, 0.587889164686203, 0.5793908089399338, 0.5724584460258484, 0.5602273344993591, 0.5520807057619095, 0.5426267236471176, 0.5345659255981445, 0.5290147811174393, 0.5185981094837189, 0.5158554911613464, 0.5110376626253128, 0.5032422766089439, 0.5014024674892426, 0.5047594681382179, 0.49762989580631256, 0.4942176416516304, 0.49097635596990585, 0.49051661789417267, 0.4892480820417404, 0.48753026127815247, 0.4897199869155884, 0.48846784234046936, 0.4831337481737137, 0.487763375043869, 0.4829500988125801, 0.4854411408305168, 0.4808182343840599, 0.4823105186223984, 0.48144738376140594, 0.4788658022880554, 0.48531297594308853, 0.47534238547086716, 0.47854405641555786, 0.4785328581929207, 0.4842996448278427, 0.4724316820502281, 0.47970618307590485, 0.4792758598923683, 0.47881221026182175, 0.48208464682102203, 0.479349285364151, 0.4834117367863655, 0.4802420735359192, 0.47695063054561615, 0.4740031808614731, 0.4807930812239647]}