{"best_val": 0.504850797355175, "train_loss": [0.6959530678060319, 0.6725243992275662, 0.6497161520851983, 0.6249914467334747, 0.5989073779847887, 0.5700475639767117, 0.545174338751369, 0.5267981439828873, 0.5100190341472626, 0.4973534660206901, 0.4895528273450004, 0.4846571915679508, 0.48126033776336247, 0.47564686338106793, 0.4756418930159675, 0.4745369238985909, 0.47060639328426784, 0.4708393067121506, 0.46970468593968284, 0.4673079401254654, 0.4646606428755654, 0.4666501929362615, 0.46525608499844867, 0.4606236600213581, 0.458936870098114, 0.45809826420413124, 0.45828620592753094, 0.4615579777293735, 0.46006057990921867, 0.45312855309910244, 0.453570200337304, 0.4549522118435966, 0.45206115477614933, 0.44927700195047593, 0.4496002495288849, 0.44744088252385456, 0.4474312514066696, 0.4483610259162055, 0.4457122070921792, 0.44494277735551196], "val_loss": [0.6993789523839951, 0.6765493750572205, 0.6529362350702286, 0.6239529699087143, 0.5969998240470886, 0.5734755545854568, 0.5575049072504044, 0.5454775169491768, 0.5341071486473083, 0.5296866148710251, 0.5267956405878067, 0.5204205065965652, 0.5177882015705109, 0.5237084403634071, 0.5213821232318878, 0.5214867815375328, 0.5157722011208534, 0.5160071849822998, 0.5127608254551888, 0.5163329467177391, 0.510676771402359, 0.5100844725966454, 0.51369608938694, 0.5178078934550285, 0.5117178857326508, 0.512377604842186, 0.5133040323853493, 0.5103968232870102, 0.5139305740594864, 0.504850797355175, 0.5114061310887337, 0.5102454945445061, 0.5092994198203087, 0.5135894417762756, 0.5093691721558571, 0.514286458492279, 0.5058556422591209, 0.5169356986880302, 0.5178184062242508, 0.5166661664843559]}