{"best_val": 0.5046139135956764, "train_loss": [0.6647238996293809, 0.6315543618467119, 0.6020815504921807, 0.5702367689874437, 0.5424915055433909, 0.5168647567431132, 0.4987127764357461, 0.490647307700581, 0.4791017058822844, 0.4736417945888307, 0.47031038999557495, 0.4658797217739953, 0.4619307816028595, 0.4587593260738585, 0.4547543144888348, 0.452890556719568, 0.45311589373482597, 0.4488905800713433, 0.45111025042004055, 0.4497920622428258, 0.44730577535099453, 0.44460220634937286, 0.4475480500194762, 0.4440370351076126, 0.44143737852573395, 0.4411654720703761, 0.44075548979971146, 0.44026875495910645, 0.4410896797974904, 0.439413598842091, 0.43581366539001465, 0.43607279658317566, 0.4354809472958247], "val_loss": [0.6540734320878983, 0.6288750618696213, 0.6004554927349091, 0.5787538439035416, 0.5621224045753479, 0.5448955446481705, 0.5281200483441353, 0.5268295705318451, 0.5201580822467804, 0.522933840751648, 0.5162681639194489, 0.514720119535923, 0.5143095627427101, 0.5116136744618416, 0.5132593959569931, 0.5072411447763443, 0.509718582034111, 0.5094421207904816, 0.5069454833865166, 0.5145552381873131, 0.5138400942087173, 0.511636957526207, 0.5046139135956764, 0.5125735104084015, 0.5107400864362717, 0.5112640857696533, 0.5111327767372131, 0.5157162472605705, 0.5176861733198166, 0.5131564289331436, 0.5265679806470871, 0.5135249122977257, 0.5112295970320702]}