{"best_val": 0.45821525156497955, "train_loss": [0.7710118293762207, 0.7403833866119385, 0.7114304569032457, 0.687798711988661, 0.6652787923812866, 0.6425149308310615, 0.6208076775074005, 0.5994794203175439, 0.5799046920405494, 0.5606852504942152, 0.5430390006966062, 0.5253159834278954, 0.5160934544271893, 0.5046713103850683, 0.49812336100472343, 0.4902915938032998, 0.48610661427179974, 0.48430754741032916, 0.4775523940722148, 0.4806222750080956, 0.4762941184971068, 0.4765560146835115, 0.4714516881439421, 0.47169258528285557, 0.4703365100754632, 0.4701562076807022, 0.4702468481328752, 0.4662983566522598, 0.4686334315273497, 0.4690471357769436, 0.4633206095960405, 0.4646201166841719, 0.46671926147407955, 0.46700116826428306, 0.4661467472712199, 0.4625924362076653, 0.4628335154718823, 0.4642653399043613, 0.4609798871808582, 0.4622596005598704, 0.46199756529596114, 0.46281402972009444, 0.46145424412356484, 0.46268904705842334, 0.45931817094484967, 0.45936667919158936, 0.4606446656915877, 0.46121324267652297, 0.4596593744224972, 0.4588412460353639, 0.4572725511259503, 0.45922451714674634, 0.459458503458235, 0.4593462430768543, 0.4592103345526589], "val_loss": [0.757110983133316, 0.7280701398849487, 0.6992062926292419, 0.6772399544715881, 0.6539479047060013, 0.630606159567833, 0.6082932353019714, 0.5865714102983475, 0.5667856484651566, 0.5478871017694473, 0.5330918282270432, 0.5185319557785988, 0.5099696516990662, 0.5053948387503624, 0.49510420858860016, 0.4883371442556381, 0.4859130531549454, 0.4852925166487694, 0.47459523379802704, 0.4729960933327675, 0.4690515175461769, 0.47800154983997345, 0.4720304310321808, 0.4714788496494293, 0.4725771099328995, 0.4654577523469925, 0.46804091334342957, 0.4695829302072525, 0.4668894112110138, 0.465810127556324, 0.4637409374117851, 0.4724925830960274, 0.46740347146987915, 0.4682065472006798, 0.46506376564502716, 0.466288261115551, 0.4713616296648979, 0.46103692054748535, 0.46583325415849686, 0.46939803659915924, 0.4676071107387543, 0.4611910358071327, 0.4681052714586258, 0.46170812100172043, 0.45821525156497955, 0.4635498449206352, 0.4660482332110405, 0.4677242487668991, 0.46745897084474564, 0.4640946388244629, 0.4640967920422554, 0.46469834446907043, 0.4622729495167732, 0.4640602469444275, 0.4593910202383995]}