{"best_val": 0.5035905912518501, "train_loss": [0.7443851232528687, 0.7011683517032199, 0.6683092017968496, 0.6400768392615848, 0.6114263667000664, 0.5824615922239091, 0.5566968354913924, 0.5358278287781609, 0.5205794953637652, 0.5152036481433444, 0.5033505658308665, 0.49994824164443546, 0.4941994349161784, 0.4924841970205307, 0.48722855581177604, 0.4883485850360658, 0.4831310411294301, 0.4794120010402467, 0.4759426944785648, 0.48180361423227525, 0.47861435347133213, 0.4733344664176305, 0.47742435998386806, 0.47219933734999764, 0.47325730820496875, 0.47416841155952877, 0.46821267240577275, 0.46847398082415265, 0.46925216416517895, 0.4695355147123337, 0.47182879348595935, 0.4685851153400209, 0.4672185480594635], "val_loss": [0.701739639043808, 0.6723137348890305, 0.6444073617458344, 0.6175390928983688, 0.5900914669036865, 0.5666361749172211, 0.5464499890804291, 0.5369869768619537, 0.5356052741408348, 0.5250749215483665, 0.5240151733160019, 0.5181031003594398, 0.5182720422744751, 0.5172335579991341, 0.5127420499920845, 0.512568011879921, 0.5197300389409065, 0.5099162086844444, 0.5096584409475327, 0.5088853687047958, 0.5073826313018799, 0.5097146704792976, 0.5035905912518501, 0.5077467188239098, 0.5107640624046326, 0.5057583376765251, 0.5086393281817436, 0.5051543489098549, 0.5038275197148323, 0.5134265124797821, 0.5068781599402428, 0.5066700950264931, 0.505924642086029]}