{"best_val": 0.4915805086493492, "train_loss": [0.7104451325204637, 0.6929255955749087, 0.6775955888960097, 0.6645241777102152, 0.6537596550252702, 0.6428243550989363, 0.6337194873227013, 0.6243638926082187, 0.6171680059697893, 0.609631124469969, 0.6017071935865614, 0.5946732030974494, 0.5868001812034183, 0.5762957533200582, 0.5722803870836893, 0.5626668168438805, 0.5563529630502065, 0.5525978836748335, 0.5460403478807874, 0.5431023786465327, 0.5402433094051149, 0.5365805907381905, 0.534709655576282, 0.5307551721731821, 0.5284931146436267, 0.5266497913334105, 0.5279676930771934, 0.5256834096378751, 0.5218280537260903, 0.5218556159072452, 0.5176663448413213, 0.5183133482933044, 0.515431821346283, 0.5164997941917844, 0.5150933000776503, 0.5127116276158227, 0.5084884266058604, 0.5114838067028258, 0.5090050614542432, 0.505482769674725, 0.5071550558010737, 0.5080787307686276, 0.5057574345005883, 0.5053271684381697, 0.5036668694681592, 0.5018417023950152, 0.5014981892373827, 0.5046833521789975, 0.5021464675664902, 0.5029268115758896, 0.5034959514935812, 0.5012730326917436, 0.5040336632066302, 0.4972330249018139, 0.4985676639609867, 0.4966423412164052, 0.4969649844699436, 0.4972541398472256, 0.4940466781457265], "val_loss": [0.6677182763814926, 0.6585338860750198, 0.6489753574132919, 0.6385228931903839, 0.6292732656002045, 0.6232226341962814, 0.6147196739912033, 0.6094322055578232, 0.6047713607549667, 0.5983278900384903, 0.5931243747472763, 0.5818980932235718, 0.5768582969903946, 0.5647273808717728, 0.5551604628562927, 0.5522076338529587, 0.5499402582645416, 0.5382907539606094, 0.5401528254151344, 0.5378227233886719, 0.5340115204453468, 0.5298190116882324, 0.5226176083087921, 0.5285368338227272, 0.5243387520313263, 0.5238653272390366, 0.5219690203666687, 0.5217244178056717, 0.5172818377614021, 0.5163987502455711, 0.5157336741685867, 0.5189368799328804, 0.5154398307204247, 0.5090601295232773, 0.513078361749649, 0.5067094638943672, 0.5067703500390053, 0.5061846673488617, 0.5061869472265244, 0.5052839368581772, 0.5001895129680634, 0.5012750700116158, 0.500106617808342, 0.4997759386897087, 0.4956642761826515, 0.5024259015917778, 0.4945078045129776, 0.5011742264032364, 0.4915805086493492, 0.4994478151202202, 0.5001893937587738, 0.4984966218471527, 0.49737781286239624, 0.5053784996271133, 0.49568022787570953, 0.5040141046047211, 0.4941490590572357, 0.49342483282089233, 0.49602998048067093]}