{"best_val": 0.4710528701543808, "train_loss": [0.6931283473968506, 0.6690351300769382, 0.6424688597520193, 0.6111270984013876, 0.5745756377776464, 0.5476765400833554, 0.5280029856496387, 0.514196029967732, 0.5061932951211929, 0.49877531826496124, 0.49604468875461155, 0.49270253049002755, 0.4898498207330704, 0.4942842589484321, 0.4862502995464537, 0.4838356143898434, 0.4854839758740531, 0.4791810048951043, 0.482713230782085, 0.4804973238044315, 0.4791264086961746, 0.4784863442182541, 0.4771781928009457, 0.4750141435199314, 0.4756404807170232, 0.4748508797751533, 0.4742343094613817, 0.4706377039353053, 0.47066809402571785, 0.46928661233848995, 0.47144220107131535, 0.47151338391833836, 0.4653191649251514, 0.46799734897083706, 0.46665537854035694, 0.46401931676599717, 0.4683411551846398, 0.4658525354332394, 0.4641394068797429, 0.46838780575328404, 0.46325981948110795, 0.4650788986020618, 0.46432778901524013, 0.46462294624911415, 0.4630534483326806, 0.4643029024203618, 0.46313626567522687], "val_loss": [0.6883727312088013, 0.6628349870443344, 0.6328248083591461, 0.5967822521924973, 0.5607343465089798, 0.5360229909420013, 0.5120621174573898, 0.5078951716423035, 0.49493202567100525, 0.49255648255348206, 0.49085284769535065, 0.4869746193289757, 0.4862587973475456, 0.4812470152974129, 0.48307107388973236, 0.4789481461048126, 0.4819619804620743, 0.4809793084859848, 0.48206478357315063, 0.4790363982319832, 0.4731459617614746, 0.4762266129255295, 0.4784821569919586, 0.47913073003292084, 0.4742567762732506, 0.4797106757760048, 0.47173972427845, 0.4797508493065834, 0.47310563176870346, 0.473106324672699, 0.4757117033004761, 0.473832368850708, 0.47707559168338776, 0.4756975993514061, 0.47682028263807297, 0.47558877617120743, 0.4710528701543808, 0.47790251672267914, 0.47509074211120605, 0.4794046878814697, 0.47982946038246155, 0.4733138605952263, 0.47795794904232025, 0.48473095148801804, 0.4774925783276558, 0.47381412982940674, 0.47713151574134827]}