{"best_val": 0.5283262506127357, "train_loss": [0.7299169268873003, 0.6541934808095297, 0.5930416517787509, 0.5516170759995779, 0.5302251080671946, 0.5128204342391756, 0.5045745770136515, 0.49743301504188114, 0.49533336361249286, 0.49052903221713173, 0.48362159729003906, 0.48337560064262813, 0.4766955276330312, 0.4805997626649009, 0.47739776306682163, 0.4743935730722215, 0.47309572994709015, 0.46991238991419476, 0.47529537479082745, 0.4690745638476478, 0.46909290221002364, 0.4692927632066939, 0.4709411727057563, 0.4633661425775952, 0.46529992752605015, 0.46208231647809345, 0.4625655213991801, 0.45873939659860397, 0.4582320815987057, 0.45781898001829785, 0.4567187378803889, 0.4579377869764964, 0.4578052411476771], "val_loss": [0.6680442988872528, 0.6222008764743805, 0.57956962287426, 0.5612086802721024, 0.5497947186231613, 0.552875280380249, 0.5346581861376762, 0.5396931543946266, 0.539391353726387, 0.5327222421765327, 0.5330094322562218, 0.5334547311067581, 0.5367836803197861, 0.5346249938011169, 0.5347448512911797, 0.5372143462300301, 0.5340382605791092, 0.5288130789995193, 0.5383102297782898, 0.5309354364871979, 0.5299801006913185, 0.5288564562797546, 0.5283262506127357, 0.5307877287268639, 0.5371153131127357, 0.5301229953765869, 0.5330599993467331, 0.5306901037693024, 0.5285171270370483, 0.538676455616951, 0.5380930528044701, 0.5363610535860062, 0.5352400913834572]}