{"best_val": 0.46382278949022293, "train_loss": [0.7077577544583215, 0.6631039016776614, 0.6120616594950358, 0.5513100888994005, 0.515163219637341, 0.49643222325377995, 0.48842550483014846, 0.48120585249529946, 0.48164208233356476, 0.4760475705067317, 0.47283997800615096, 0.4686870260371102, 0.47313643826378715, 0.4676583409309387, 0.4670676671796375, 0.46595529715220135, 0.46451541781425476, 0.46628813445568085, 0.4633713016907374, 0.463549855682585, 0.4620087179872725, 0.462039096487893, 0.4622156239218182, 0.45815855926937527, 0.4592180649439494, 0.4587322754992379, 0.4556758999824524, 0.4554900841580497, 0.4572976777950923, 0.45509278774261475, 0.45117175082365674, 0.451156261894438, 0.45292171008057064, 0.45168130430910325, 0.4487513883246316, 0.4495191425085068, 0.44856342011027867, 0.44786029557387036, 0.4454624503850937, 0.45019611219565075, 0.4455641061067581], "val_loss": [0.6894681453704834, 0.6439375281333923, 0.5854957401752472, 0.53710076212883, 0.5150115117430687, 0.5051208063960075, 0.49070364236831665, 0.4782922491431236, 0.48051461577415466, 0.48524538427591324, 0.47784922271966934, 0.48390211164951324, 0.4785073846578598, 0.4782799258828163, 0.47436583787202835, 0.4838162884116173, 0.4749421924352646, 0.4695352241396904, 0.47112987190485, 0.47428814321756363, 0.46862442791461945, 0.4699990749359131, 0.46709591150283813, 0.4677041918039322, 0.4690651148557663, 0.46730946749448776, 0.4677524045109749, 0.46868032217025757, 0.4720069393515587, 0.4688260927796364, 0.46382278949022293, 0.46620770543813705, 0.47296468913555145, 0.4671129882335663, 0.46466439962387085, 0.46985187381505966, 0.46762552112340927, 0.46930890530347824, 0.4672969952225685, 0.4703654274344444, 0.47397279739379883]}