{"best_val": 0.5138898938894272, "train_loss": [0.7101595434877608, 0.6864065031210581, 0.6655399633778466, 0.6468144489659203, 0.6262778143088022, 0.6086051397853427, 0.5887392361958822, 0.5689263608720567, 0.5497137904167175, 0.5358473062515259, 0.5236227744155459, 0.5150359719991684, 0.5137047552400165, 0.5079449299308989, 0.5024400916364458, 0.4983086470100615, 0.4990593161847856, 0.4965100884437561, 0.4972783062193129, 0.4937050888935725, 0.4921612954801983, 0.4915783355633418, 0.49056994583871627, 0.4911648962232802, 0.49068982899188995, 0.48592618273364174, 0.4881073402033912, 0.4875434521171782, 0.48740145067373913, 0.4839596119191911, 0.4866831849018733, 0.4880372832218806, 0.48635296523571014, 0.4832964820994271, 0.4854094071520699, 0.48469984862539506, 0.48403038415643906, 0.4820549802647697, 0.48149387538433075, 0.4796399772167206, 0.4787655356857512, 0.47949989636739093, 0.4802941117021773, 0.47988049851523507, 0.47734537720680237], "val_loss": [0.7132093757390976, 0.6937900930643082, 0.6724992841482162, 0.6560892164707184, 0.6361211985349655, 0.6199488937854767, 0.6084339320659637, 0.5894749313592911, 0.5704500377178192, 0.5556841045618057, 0.5460142940282822, 0.5451949834823608, 0.5369419530034065, 0.5363175123929977, 0.529700756072998, 0.5377693548798561, 0.530716210603714, 0.5285557806491852, 0.525551863014698, 0.5237073823809624, 0.5237419307231903, 0.5262842327356339, 0.519555576145649, 0.5258202403783798, 0.5197423174977303, 0.5261194035410881, 0.5225141495466232, 0.5266767963767052, 0.5178285390138626, 0.5185260847210884, 0.5282314494252205, 0.5232576727867126, 0.5203030705451965, 0.5231919959187508, 0.5138898938894272, 0.5241952314972878, 0.5185569822788239, 0.5228260010480881, 0.5221699848771095, 0.5193202942609787, 0.5211837217211723, 0.5192447975277901, 0.5209261253476143, 0.5165970996022224, 0.5153070762753487]}