{"best_val": 0.4736761599779129, "train_loss": [0.7343716190920936, 0.7163794040679932, 0.6964272691143883, 0.6752839783827463, 0.6493112477991316, 0.6256530914041731, 0.5990888211462233, 0.5749459995163811, 0.5524345106548734, 0.5317104905843735, 0.5206015143129561, 0.5060822268327078, 0.4985074649254481, 0.49421212242709267, 0.4913792825407452, 0.487956960995992, 0.49184853335221607, 0.48130809267361957, 0.4815871897670958, 0.48113538324832916, 0.4800503071811464, 0.47776955034997726, 0.47697559661335415, 0.4771408571137322, 0.47174646622604793, 0.4753613703780704, 0.4750673837131924, 0.47354359096950954, 0.4757152216302024, 0.47042079435454476, 0.4721109883652793, 0.47024671071105534, 0.4716355154911677, 0.4704933381742901, 0.4696987701786889, 0.46722964114613, 0.4705333511034648, 0.46751369535923004, 0.465052111281289, 0.4659767962164349, 0.46839569012324017, 0.46705952452288735, 0.4659305512905121], "val_loss": [0.7162321209907532, 0.6983836442232132, 0.6790306121110916, 0.6576757878065109, 0.6351951211690903, 0.6083493828773499, 0.5814483016729355, 0.5556769371032715, 0.5338448137044907, 0.5148943141102791, 0.5013600289821625, 0.49642279744148254, 0.4987873360514641, 0.48817693442106247, 0.4888872504234314, 0.47922036051750183, 0.49067046493291855, 0.48031482845544815, 0.4828712046146393, 0.48356636613607407, 0.4796053171157837, 0.47946401685476303, 0.47565799206495285, 0.4799492135643959, 0.47690053284168243, 0.47532058507204056, 0.4849954918026924, 0.48168236017227173, 0.4843766465783119, 0.4813588261604309, 0.48277387022972107, 0.49101415276527405, 0.4736761599779129, 0.4768204689025879, 0.47989457845687866, 0.48180707544088364, 0.4764404818415642, 0.4790651723742485, 0.48130831122398376, 0.4854096621274948, 0.4812156856060028, 0.4772833585739136, 0.48357899487018585]}