{"best_val": 0.512490451335907, "train_loss": [0.8018353912565443, 0.7462339599927267, 0.692636016342375, 0.648486680454678, 0.6150193744235568, 0.5935449103514353, 0.5820176634523604, 0.5715478195084466, 0.56065733730793, 0.5533668051163355, 0.5516876429319382, 0.5481749673684438, 0.545196404059728, 0.543634780579143, 0.5408328423897425, 0.5384480588965945, 0.5396169175704321, 0.5360696961482366, 0.5367539309793048, 0.5335271623399522, 0.5314345078335868, 0.5357495728466246, 0.5301543755663766, 0.5308604968918694, 0.530035545428594, 0.5279615388976203, 0.5245845284726884, 0.5253339492612414, 0.5250174750884374, 0.5209143310785294, 0.520011231303215, 0.5179559770557616, 0.5181495315498776, 0.5191679133309258, 0.5181528495417701, 0.5144665655162599, 0.5158657729625702, 0.5103424870305591, 0.5110659930441115, 0.511948318945037, 0.5112979693545235, 0.51095825764868, 0.507843972908126, 0.507650163438585, 0.5084782573911879, 0.5063738640811708, 0.5061288211080763, 0.5034078740411334, 0.5034027347962061, 0.5026284952958425, 0.5005524357159933, 0.5011456294192208, 0.5000428126917945, 0.5022085358699163, 0.5020755413505766, 0.4996752937634786, 0.49829797115590835, 0.49707263708114624, 0.49654679165946114, 0.4987643112738927, 0.4957668317688836, 0.49686261349254185], "val_loss": [0.69989874958992, 0.6632735729217529, 0.6334012150764465, 0.6045086681842804, 0.5923132747411728, 0.5781413167715073, 0.5698016732931137, 0.557092010974884, 0.5576833710074425, 0.5493537187576294, 0.5518972128629684, 0.5435397624969482, 0.5429081618785858, 0.5450772941112518, 0.5402606427669525, 0.5466329157352448, 0.5400671884417534, 0.5397709012031555, 0.5368157848715782, 0.5359653756022453, 0.5412225127220154, 0.5341121628880501, 0.5395984202623367, 0.5360207557678223, 0.5318997874855995, 0.5310435220599174, 0.5379955321550369, 0.5391440838575363, 0.5325609594583511, 0.5336206555366516, 0.5296404734253883, 0.5285334289073944, 0.5281778499484062, 0.5292362868785858, 0.5295334830880165, 0.520838551223278, 0.5242081731557846, 0.5197515785694122, 0.52577193826437, 0.5275939553976059, 0.5263254642486572, 0.5246843695640564, 0.5231090486049652, 0.5251723080873489, 0.5206242650747299, 0.5156470537185669, 0.5178088992834091, 0.5213589146733284, 0.521892361342907, 0.5173511728644371, 0.5227640643715858, 0.512490451335907, 0.5176319554448128, 0.5137475952506065, 0.518057644367218, 0.5172216221690178, 0.5191197916865349, 0.5263936519622803, 0.5186947956681252, 0.5181295201182365, 0.5163468569517136, 0.5206977427005768]}