{"best_val": 0.4956144466996193, "train_loss": [0.7148428989781274, 0.6875337858994802, 0.6572477089034187, 0.623078465461731, 0.5846425791581472, 0.5529256098800235, 0.5304776148663627, 0.5168105810880661, 0.5064123438464271, 0.5023221158319049, 0.4956273403432634, 0.4950783981217278, 0.4916798108153873, 0.4919136133458879, 0.48733072976271313, 0.49041783644093406, 0.48765524393982357, 0.48648371795813244, 0.48704790075620014, 0.48226211137241787, 0.48285456829600865, 0.48127055995994145, 0.4823881602949566, 0.47934428188535905, 0.47592779994010925, 0.4759454197353787, 0.4790225939618217, 0.4754151834381951, 0.4749491016070048], "val_loss": [0.7107905149459839, 0.6805169731378555, 0.6474368721246719, 0.6065580248832703, 0.5725806057453156, 0.5436892062425613, 0.5329455956816673, 0.518857330083847, 0.5118444636464119, 0.5102767646312714, 0.5096011161804199, 0.5109268948435783, 0.5116466656327248, 0.5084536820650101, 0.499192550778389, 0.5015816316008568, 0.4995245039463043, 0.5001818165183067, 0.4956144466996193, 0.501833438873291, 0.5007572174072266, 0.49768735468387604, 0.5029010996222496, 0.5009820014238358, 0.5020386651158333, 0.504264310002327, 0.505296528339386, 0.5057857483625412, 0.5046369805932045]}