{"best_val": 0.5012105703353882, "train_loss": [0.711871024635103, 0.7096990644931793, 0.707400467660692, 0.7051876054869758, 0.7029252813922034, 0.7007482879691653, 0.69853342572848, 0.6963059902191162, 0.6939027474986182, 0.6916202670998044, 0.689330925544103, 0.6868919365935855, 0.6845508615175883, 0.6821465326680077, 0.6795180241266886, 0.6768763860066732, 0.6740271250406901, 0.6709344353940752, 0.6681748297479417, 0.6646266811423831, 0.6610833704471588, 0.6579489608605703, 0.6543691290749444, 0.6508495774534013, 0.6468421253893111, 0.6437007354365455, 0.6401926543977525, 0.6360106633769141, 0.6326023538907369, 0.6283671292993758, 0.62525764769978, 0.6208844516012404, 0.6179779701762729, 0.6137538254261017, 0.6093641585773892, 0.6063921021090614, 0.6041545735465156, 0.6003735727734036, 0.5953788293732537, 0.5929353303379483, 0.588260336054696, 0.5876632862620883, 0.5843005643950568, 0.57969445321295, 0.579374737209744, 0.5741311146153344, 0.5716315077410804, 0.5710742274920145, 0.565981944402059, 0.5664216130971909, 0.5618388255437216, 0.5598527623547448, 0.5575961553388171, 0.5563158293565115, 0.5540529059039222, 0.552761596110132, 0.5489230122831132, 0.5491674923234515, 0.5461723175313737, 0.5465266158183416, 0.5434194836351607, 0.5442388306061426, 0.5404741019010544, 0.5394455989201864, 0.5367064459456338, 0.5363798638184866, 0.5349957827064726, 0.5334397289488051, 0.533055305480957, 0.5312450031439463, 0.5297857407066557, 0.5287687579790751, 0.527240150504642, 0.5273719943232007, 0.5246733708514107, 0.5224956886635886, 0.5219208945830663, 0.5199275149239434, 0.5189075983232923, 0.5189830395910475, 0.5183601263496611, 0.5162112961212794, 0.5170793616109424, 0.5172985411352582, 0.5155285166369544, 0.5144997123214934, 0.5150498582257165, 0.5134014073345397, 0.510714570681254, 0.5123248149951299, 0.5112271822161145, 0.5081394265095392, 0.5103200955523385, 0.5090343140893512, 0.5061853428681692, 0.5060237397750219, 0.5054841107792325, 0.5053858276870515, 0.5048295127020942, 0.5047750737931993, 0.5031308796670702, 0.506121599011951, 0.5034525493780772, 0.5052454769611359, 0.5012720161014133, 0.49991000360912746, 0.5014911542336146, 0.4989246312114928, 0.5000694129202101, 0.5005875246392356, 0.49849604732460445, 0.49892275035381317, 0.4976229849788878, 0.49723052316241795, 0.5003333422872756, 0.49770275751749676, 0.49563807911343044, 0.49708030621210736, 0.4956060316827562, 0.4970588634411494, 0.5003394650088416, 0.4959169444110658, 0.49712761408752865, 0.4945465839571423, 0.4966982636186812, 0.4960351669126087, 0.4930455403195487, 0.495405375957489], "val_loss": [0.709486797451973, 0.7070171684026718, 0.7053772956132889, 0.7034242749214172, 0.7010109424591064, 0.6988831609487534, 0.6967780441045761, 0.6943757086992264, 0.6922761499881744, 0.6899724006652832, 0.6876150965690613, 0.6853912621736526, 0.6828882247209549, 0.6806398034095764, 0.6780598610639572, 0.6756303459405899, 0.6724767088890076, 0.6694242507219315, 0.6660314202308655, 0.6624414324760437, 0.6598970890045166, 0.6566447764635086, 0.6522700637578964, 0.6494598090648651, 0.6449522525072098, 0.6412411779165268, 0.6384110599756241, 0.6353278607130051, 0.6312934160232544, 0.6272890567779541, 0.6240353137254715, 0.6213374584913254, 0.6181246936321259, 0.6151417791843414, 0.6094618886709213, 0.6056737452745438, 0.6031317114830017, 0.5996486246585846, 0.5963695645332336, 0.5925813019275665, 0.5920479744672775, 0.5900465101003647, 0.5885164886713028, 0.5820044130086899, 0.5818695425987244, 0.5801034718751907, 0.5747784227132797, 0.5733697414398193, 0.5699257701635361, 0.5703692734241486, 0.5671117454767227, 0.5646408945322037, 0.5613557398319244, 0.5648151189088821, 0.5638517886400223, 0.5544183477759361, 0.5572879165410995, 0.5552630424499512, 0.5520325005054474, 0.5485931634902954, 0.550369143486023, 0.5517589151859283, 0.548388808965683, 0.5479511022567749, 0.5464203357696533, 0.5381582751870155, 0.5459289848804474, 0.5429027229547501, 0.5415476262569427, 0.5354257524013519, 0.5383991450071335, 0.5380803570151329, 0.5429197996854782, 0.5380152016878128, 0.5338062196969986, 0.5315584614872932, 0.5325402468442917, 0.5261551886796951, 0.5305886492133141, 0.5287209451198578, 0.5258616805076599, 0.5283511057496071, 0.5273254290223122, 0.5272889286279678, 0.526132270693779, 0.5206869840621948, 0.5226355344057083, 0.525377444922924, 0.5179462730884552, 0.5168279334902763, 0.5215523391962051, 0.5152129083871841, 0.518700435757637, 0.5169807597994804, 0.5155134126543999, 0.5147574171423912, 0.5141624957323074, 0.5206281095743179, 0.5147184655070305, 0.510628342628479, 0.5135471671819687, 0.512378416955471, 0.515564076602459, 0.5103708356618881, 0.5113440454006195, 0.5145768523216248, 0.5104387700557709, 0.5127012357115746, 0.5160007402300835, 0.5096970200538635, 0.5166392996907234, 0.5123457089066505, 0.5106702148914337, 0.5086292549967766, 0.5105975046753883, 0.5135391727089882, 0.5106986463069916, 0.5012105703353882, 0.5032251477241516, 0.5028553381562233, 0.5113533809781075, 0.5089010000228882, 0.5099522545933723, 0.5088052451610565, 0.5066537410020828, 0.5082268491387367, 0.5053467154502869, 0.5133266150951385]}