{"best_val": 0.5094034075737, "train_loss": [0.6764517194694943, 0.6351242495907677, 0.604675915506151, 0.5754991239971585, 0.5552769352992376, 0.5432856066359414, 0.5349281479914983, 0.5340837405787574, 0.5260316265953912, 0.5229790723986096, 0.5200627595186234, 0.5167821629179848, 0.5131236198875639, 0.5128691295782725, 0.5102892567714056, 0.5082885010374917, 0.5091226134035323, 0.505998820066452, 0.5043943375349045, 0.5007049623462889, 0.503135879834493, 0.5018001827928755, 0.5003527800242106, 0.4988131937053468, 0.49759798248608905, 0.49523549609714085, 0.4948984682559967, 0.4958806567721897, 0.49306723806593156, 0.49459009369214374], "val_loss": [0.6384063959121704, 0.6064493805170059, 0.5767005234956741, 0.55663201212883, 0.5460717007517815, 0.5366369932889938, 0.5323914885520935, 0.5265926793217659, 0.5261001437902451, 0.5284140482544899, 0.5255174413323402, 0.5153395086526871, 0.5183590278029442, 0.5144288390874863, 0.5194108709692955, 0.5172823369503021, 0.52187280356884, 0.5162089914083481, 0.5153657495975494, 0.5094034075737, 0.5157095193862915, 0.5165300071239471, 0.5163840055465698, 0.5140774175524712, 0.5163818448781967, 0.514371708035469, 0.5139646604657173, 0.5213244035840034, 0.5116104707121849, 0.5181510895490646]}