{"best_val": 0.4745587408542633, "train_loss": [0.7682430512375302, 0.7270782523685031, 0.6914750470055474, 0.6568985912534926, 0.6220036115911272, 0.5880727999740176, 0.5578727026780447, 0.5373756223254733, 0.5265350010659959, 0.5172020047903061, 0.5157024496131473, 0.5117545773585638, 0.5060267084174686, 0.5064089596271515, 0.501399588253763, 0.4989044765631358, 0.49939268827438354, 0.499120756983757, 0.4961120734612147, 0.49317892723613316, 0.49422826369603473, 0.4909667604499393, 0.4912080632315742, 0.4905828601784176, 0.49055152469211155, 0.49197054737144047, 0.4906354513433244, 0.4864821268452538, 0.48664990729755825, 0.4881787333223555, 0.4835512853331036, 0.4883057524760564], "val_loss": [0.7505882233381271, 0.7115116119384766, 0.6723132580518723, 0.6379160135984421, 0.601952850818634, 0.5686608254909515, 0.5382182747125626, 0.5282276570796967, 0.512598067522049, 0.5027803182601929, 0.5036462023854256, 0.5006973296403885, 0.49139031767845154, 0.4896531477570534, 0.48275306820869446, 0.48721300065517426, 0.485641747713089, 0.4874790236353874, 0.48725298047065735, 0.4777221903204918, 0.48716678470373154, 0.4745587408542633, 0.48043401539325714, 0.4803974851965904, 0.4808179810643196, 0.48233605921268463, 0.4847206696867943, 0.47892697155475616, 0.4899303838610649, 0.4835759997367859, 0.4806891977787018, 0.49103598296642303]}