{"best_val": 0.4658512622117996, "train_loss": [0.7126213908195496, 0.7027778095669217, 0.6930161780781217, 0.6826488143867917, 0.6721832851568857, 0.6607270075215234, 0.6476854317718082, 0.6340251697434319, 0.6202903423044417, 0.6060090396139357, 0.5905985666645898, 0.577875382370419, 0.5655387110180325, 0.5575372460815642, 0.5472037030590905, 0.540759747227033, 0.5325139280822542, 0.5287468218141131, 0.5227010796467463, 0.5188679827584161, 0.5136203732755449, 0.5142938676807616, 0.5096020234955682, 0.5088567088047663, 0.5077986783451505, 0.5052963644266129, 0.5004884368843503, 0.49945809609360164, 0.4969419836997986, 0.49668725497192806, 0.4976562228467729, 0.4953247093492084, 0.49686821301778156, 0.4911550498671002, 0.4908772044711643, 0.4900340620014403, 0.48782197303242153, 0.4878941658470366, 0.48668304913573796, 0.48231251537799835, 0.48658616012997097, 0.4857954266998503, 0.48397494355837506, 0.48283830285072327, 0.48409394257598454, 0.48010912703143227, 0.4813489466905594, 0.4779884119828542, 0.47726594242784715, 0.47793107231458026, 0.47794311576419407, 0.47902193996641373, 0.47639477418528664, 0.4749321656094657, 0.4770997249417835, 0.47893612417909837, 0.47620127101739246, 0.4765655795733134, 0.4745335810714298, 0.4759133110443751, 0.4706302483876546, 0.4738558613591724, 0.4722573757171631], "val_loss": [0.7077638953924179, 0.6981723755598068, 0.6885098069906235, 0.6784557402133942, 0.6670840531587601, 0.6540543437004089, 0.6431467980146408, 0.6277163922786713, 0.6134060919284821, 0.6008328199386597, 0.5923143923282623, 0.575219064950943, 0.5637027323246002, 0.5587905943393707, 0.548875242471695, 0.5396529734134674, 0.5384066551923752, 0.5263017043471336, 0.5215094611048698, 0.5192980840802193, 0.5225596725940704, 0.5144215300679207, 0.5089683309197426, 0.509909376502037, 0.5075966119766235, 0.507790207862854, 0.5029404833912849, 0.4984176978468895, 0.5022875145077705, 0.49665506929159164, 0.4949658215045929, 0.4969848319888115, 0.49495211243629456, 0.4895597845315933, 0.49007368087768555, 0.48954053223133087, 0.49419209361076355, 0.4852094203233719, 0.4816858023405075, 0.47653060406446457, 0.48017359524965286, 0.48076386004686356, 0.47691968083381653, 0.47938165068626404, 0.4824656546115875, 0.47647181153297424, 0.47901638597249985, 0.4745136722922325, 0.47612033784389496, 0.48031775653362274, 0.4740401729941368, 0.47745002806186676, 0.4658512622117996, 0.480822429060936, 0.474548377096653, 0.47535909712314606, 0.4714997485280037, 0.4753469154238701, 0.4807184115052223, 0.47949622571468353, 0.46802131831645966, 0.48068347573280334, 0.47207073867321014]}