{"best_val": 0.4992119148373604, "train_loss": [0.6646685070461698, 0.6549816495842404, 0.6441986792617374, 0.6341860095659891, 0.6220792796876695, 0.6108271016014947, 0.5980114936828613, 0.5843906535042657, 0.5734136038356357, 0.5604941464132733, 0.5530986769331826, 0.5458027240302827, 0.5412812332312266, 0.5338004098998176, 0.5310374763276842, 0.5260890589820014, 0.5204765912559297, 0.517922580242157, 0.5156823347012202, 0.5121553457445569, 0.5089378356933594, 0.5071368598275714, 0.5057517025205824, 0.5028408732679155, 0.5018075290653441, 0.4987756709257762, 0.49879082871807945, 0.4983670281039344, 0.4975272665421168, 0.4967706799507141, 0.49667854772673714, 0.49183783762984806, 0.4923999723460939, 0.4941617068317201, 0.49250294599268174, 0.48884731034437817, 0.4934435619248284, 0.4885614249441359, 0.49234572549661, 0.4894034183687634, 0.4879608237081104, 0.4878248373667399, 0.48819727036688065, 0.49070198171668583, 0.4866313884655635, 0.48602322075102067, 0.4865331980917189, 0.4858998606602351, 0.48195120526684654, 0.48502996729479897, 0.48187169267071617, 0.48344871567355263, 0.4828637225760354, 0.4800037807888455, 0.4831395513481564, 0.48325010803010726], "val_loss": [0.6612902283668518, 0.6526754349470139, 0.6417063325643539, 0.6288924068212509, 0.6202167421579361, 0.6088108867406845, 0.5962515622377396, 0.5842104554176331, 0.5770310163497925, 0.5656963437795639, 0.5639654844999313, 0.5533214956521988, 0.5496470779180527, 0.5481262654066086, 0.5436575412750244, 0.537754237651825, 0.5354953929781914, 0.5322677791118622, 0.5283030718564987, 0.5231734737753868, 0.5282808467745781, 0.525018498301506, 0.5207093358039856, 0.5158889889717102, 0.5133061856031418, 0.5177844911813736, 0.5128325447440147, 0.5147404670715332, 0.5155174732208252, 0.5076228752732277, 0.5183597058057785, 0.5127149373292923, 0.5146379545331001, 0.5098418891429901, 0.5112469866871834, 0.5067189112305641, 0.5081785917282104, 0.5112254992127419, 0.5119491070508957, 0.5090677663683891, 0.5103778839111328, 0.5052033066749573, 0.5040677636861801, 0.5087279751896858, 0.5023827627301216, 0.4992119148373604, 0.5033720880746841, 0.506202720105648, 0.5128200650215149, 0.5077725052833557, 0.5137296989560127, 0.5040991082787514, 0.5009585991501808, 0.5064175128936768, 0.5131381005048752, 0.5083116590976715]}