{"best_val": 0.46759890019893646, "train_loss": [0.7052460710207621, 0.6910246709982554, 0.6769363482793173, 0.6626502076784769, 0.6450094348854489, 0.6272179749276903, 0.6085189216666751, 0.5893630186716715, 0.5722541676627265, 0.5599521944920222, 0.5553386807441711, 0.546467994650205, 0.5412446227338579, 0.5370581332180235, 0.5322038150495954, 0.530763092968199, 0.5307365208864212, 0.5241766588555442, 0.5255498091379801, 0.5229160090287527, 0.5228648483753204, 0.5202235910627577, 0.5183955050177045, 0.5169419364796745, 0.5159898102283478, 0.5156716770595975, 0.5130672256151835, 0.5112917108668221, 0.5110379871394899, 0.5110872056749132, 0.5101498431629605, 0.5090197821458181, 0.509630368815528, 0.5116585195064545, 0.509221484263738, 0.509562803639306, 0.5080399745040469, 0.5074653228123983, 0.5085527946551641, 0.5043468276659647, 0.5062922123405669], "val_loss": [0.6784827560186386, 0.6668490916490555, 0.6529258042573929, 0.6382561922073364, 0.6212882846593857, 0.6037184745073318, 0.5770432204008102, 0.5569664686918259, 0.5389325469732285, 0.525258019566536, 0.5125643163919449, 0.5102336555719376, 0.49605873227119446, 0.4949280843138695, 0.5000922679901123, 0.4930769354104996, 0.48234493285417557, 0.4858207702636719, 0.4751327857375145, 0.4771270826458931, 0.47825269401073456, 0.4767138212919235, 0.48124735057353973, 0.47476010024547577, 0.4748510494828224, 0.4731908142566681, 0.4724625423550606, 0.47446056455373764, 0.476770281791687, 0.4784080609679222, 0.46759890019893646, 0.47050362080335617, 0.47406353801488876, 0.47195202857255936, 0.4693312272429466, 0.4677913710474968, 0.47122253477573395, 0.4771287888288498, 0.47722985595464706, 0.4715464934706688, 0.47058846056461334]}