{"best_val": 0.46115734428167343, "train_loss": [0.7450733251041837, 0.726990090476142, 0.709861096408632, 0.691873335176044, 0.6740767723984189, 0.6549758414427439, 0.6351723604732089, 0.6139437490039401, 0.5937476522392697, 0.5723043514622582, 0.5505558186107211, 0.5347273217307197, 0.5175427032841576, 0.5072198145919375, 0.49715810683038497, 0.4907788683970769, 0.4840446197324329, 0.48211617436673904, 0.4785865777068668, 0.4752889143096076, 0.47583867609500885, 0.4720177948474884, 0.47185129755073124, 0.47536295652389526, 0.46917937530411613, 0.46442483199967277, 0.46577836407555473, 0.4669189817375607, 0.4648689412408405, 0.4642128712601132, 0.463039830327034, 0.46484097672833335, 0.46305811901887256, 0.45969104104571873, 0.46236885918511283, 0.45831626488102806, 0.4631781164142821, 0.4639298634396659, 0.4634564734167523, 0.4608944704135259, 0.4612904108232922, 0.46407274074024624, 0.4618576351139281, 0.45905887418323094, 0.4599592685699463, 0.45828694270716774, 0.4599871254629559, 0.45838583674695754, 0.4584740234745873, 0.45894770158661735, 0.45735232366455925, 0.4588189605209563, 0.4580879227982627, 0.4580267667770386, 0.45883148743046653, 0.4564378129111396, 0.45677848988109165, 0.4562907765309016, 0.4536736657222112, 0.45679815775818294, 0.4535248710049523, 0.4544689423508114, 0.45148826473289067, 0.45346516701910233, 0.45423569281895954, 0.4525628007120556, 0.4518481294314067, 0.4536455091502931, 0.45054158402813804, 0.45151527060402763, 0.45013657046688926, 0.45168551637066734, 0.4501899497376548, 0.4480860200193193, 0.4493650363551246, 0.4467563033103943, 0.4488033139043384, 0.4484588536951277, 0.45017605523268384, 0.4479461328850852, 0.44763489729828304, 0.44782671994633144, 0.4488876726892259, 0.4446721159749561], "val_loss": [0.7446243017911911, 0.7280448377132416, 0.7116570621728897, 0.6946051716804504, 0.6767968535423279, 0.6580117046833038, 0.6392356902360916, 0.6191757172346115, 0.5986997038125992, 0.578024372458458, 0.5570093244314194, 0.5421057343482971, 0.5298071578145027, 0.5219973772764206, 0.5150416865944862, 0.5080848932266235, 0.4991449564695358, 0.5008070170879364, 0.49819520115852356, 0.49789395928382874, 0.49447154253721237, 0.49240370839834213, 0.4901191294193268, 0.49058929085731506, 0.4835548773407936, 0.48419710248708725, 0.48520635813474655, 0.4828084781765938, 0.4834761843085289, 0.4771997258067131, 0.48349737375974655, 0.4795188382267952, 0.4786965027451515, 0.48198167234659195, 0.4854508340358734, 0.4827776104211807, 0.47731879353523254, 0.4831325560808182, 0.4794876500964165, 0.4762791097164154, 0.4828980341553688, 0.4820408448576927, 0.48832186311483383, 0.47592775523662567, 0.47896185517311096, 0.48545706272125244, 0.4811759889125824, 0.48458296060562134, 0.47902073711156845, 0.475909985601902, 0.4826027750968933, 0.4796847179532051, 0.47770925611257553, 0.4763752520084381, 0.48028044402599335, 0.48147768527269363, 0.47245074808597565, 0.47518617659807205, 0.4769637882709503, 0.48017022758722305, 0.47487641870975494, 0.47732675820589066, 0.47558942437171936, 0.4762668162584305, 0.4804565906524658, 0.4764031022787094, 0.4705725237727165, 0.47953978180885315, 0.47153883427381516, 0.4743870422244072, 0.4714270606637001, 0.474026620388031, 0.47350218147039413, 0.46115734428167343, 0.4716447964310646, 0.4704681932926178, 0.4697044715285301, 0.4670957177877426, 0.4708350971341133, 0.46419769525527954, 0.4706510603427887, 0.46639494597911835, 0.4638698399066925, 0.4695802330970764]}