{"best_val": 0.5077066645026207, "train_loss": [0.6813480655352274, 0.6473098794619242, 0.6199499136871762, 0.5942820774184333, 0.5721445282300314, 0.5541421274344126, 0.5445335573620267, 0.531217184331682, 0.5264771034320196, 0.5204590542448891, 0.5160077181127336, 0.5119546635283364, 0.5112619284126494, 0.5099495069848167, 0.5069743444522222, 0.5055303060346179, 0.5064388778474596, 0.506300065252516, 0.5026946928766038, 0.5035446468326781, 0.5016794568962522, 0.5042167405287424, 0.5005097389221191, 0.49980923864576554, 0.4973013649384181, 0.5000741084416708, 0.5008996079365412, 0.5000069787104925, 0.4979703509145313, 0.496576738026407, 0.4943915539317661, 0.4948518325885137, 0.49715111984146965, 0.49592351416746777, 0.49506887627972496, 0.49321752621067894, 0.49512676563527847, 0.49534885254171157, 0.49298211104340023, 0.4917035284969542, 0.48887574507130516, 0.49499400622314876, 0.4905572301811642, 0.4922388527128432], "val_loss": [0.6471504122018814, 0.6311621814966202, 0.6098073869943619, 0.5854601114988327, 0.5651647001504898, 0.5508979111909866, 0.5441265106201172, 0.5405162274837494, 0.5355438366532326, 0.5271502435207367, 0.5252943262457848, 0.526653453707695, 0.5266242176294327, 0.522194541990757, 0.5176335349678993, 0.522876188158989, 0.5188686922192574, 0.5225607976317406, 0.5237471014261246, 0.5215597599744797, 0.5199483335018158, 0.5175175741314888, 0.5191138833761215, 0.5201617032289505, 0.5212405323982239, 0.5232287347316742, 0.5151123404502869, 0.5171674564480782, 0.5109377130866051, 0.5117182806134224, 0.5173982381820679, 0.5147634670138359, 0.5134274065494537, 0.5077066645026207, 0.517306312918663, 0.5163943320512772, 0.5166861340403557, 0.5125063136219978, 0.5191672742366791, 0.5161784961819649, 0.5105449557304382, 0.5140392780303955, 0.5169733837246895, 0.5102720186114311]}