{"best_val": 0.45686134696006775, "train_loss": [0.6977354122532738, 0.6796010269059075, 0.6650131775273217, 0.6508027348253462, 0.6357007589605119, 0.6209719710879855, 0.6103983521461487, 0.5949624843067594, 0.5841629770067003, 0.5733513898319669, 0.5627861420313517, 0.5565853185123868, 0.551333013508055, 0.5445357610781988, 0.5419410748614205, 0.5403295126226213, 0.5400240371624628, 0.5362978974978129, 0.5307116342915429, 0.530910410814815, 0.5253421200646294, 0.5258449018001556, 0.5240287565522723, 0.5215407874849107, 0.5203712963395648, 0.5221963988410102, 0.5221059173345566, 0.5187911358144548, 0.5182454403903749, 0.519478953546948, 0.5154144548707538, 0.5177514917320676, 0.5141944073968463, 0.5137796501318613, 0.5142364584737353, 0.5119304094049666, 0.5128168529934354, 0.5126610613531537, 0.5123497992753983, 0.5149042656024297, 0.5100171334213681, 0.5098812613222334, 0.5079092250929939, 0.51233485672209, 0.5091501937972175, 0.5048042635122935, 0.5055611564053429, 0.5047323289844725, 0.5059984193907844, 0.5061459988355637, 0.5022326327032514, 0.5032828350861868, 0.5000389268000921, 0.502265570892228, 0.5028678509924147, 0.5027978006336424, 0.5005436672104729, 0.502274226811197, 0.5020609365569221, 0.49976252019405365, 0.4994097004334132, 0.5006039987007777, 0.49749160806337994, 0.4969860364993413, 0.4954846633805169, 0.49802098009321427, 0.49558907747268677, 0.49617062674628365, 0.49699101017581093, 0.4951646725336711, 0.49350018633736503, 0.49744386308723026, 0.4946242305967543, 0.4947224044137531, 0.4936676306857003, 0.49241816169685787, 0.49580177664756775, 0.492932496799363, 0.4950179871585634, 0.4916270756059223, 0.4930962042676078, 0.4925365447998047, 0.4905587136745453, 0.4913478626145257, 0.4929651055071089, 0.49289653698603314, 0.48960015674432117, 0.4917067504591412, 0.48880213499069214, 0.49014747970634037, 0.4900202850500743, 0.49173041847017074, 0.49069788886441124, 0.48667291303475696, 0.4887841045856476, 0.4917173832654953, 0.4890420138835907, 0.49120184116893345], "val_loss": [0.657275602221489, 0.6498778313398361, 0.642988383769989, 0.636341392993927, 0.6236596256494522, 0.611179769039154, 0.5953527092933655, 0.5823387205600739, 0.5718635320663452, 0.5617583394050598, 0.5520673170685768, 0.5540450215339661, 0.54006427526474, 0.5337432771921158, 0.5322353690862656, 0.5222833529114723, 0.5252594202756882, 0.5229509770870209, 0.5146394148468971, 0.5163698643445969, 0.5089967027306557, 0.5094408094882965, 0.5100578144192696, 0.5115369707345963, 0.5090304911136627, 0.5087001547217369, 0.501063235104084, 0.5041442736983299, 0.5037362277507782, 0.5040224865078926, 0.503149539232254, 0.49990615993738174, 0.49667593091726303, 0.4977365657687187, 0.49694132804870605, 0.4897260516881943, 0.49935996532440186, 0.4914747551083565, 0.4933626726269722, 0.4978148490190506, 0.4961462542414665, 0.48693883419036865, 0.4910011664032936, 0.48808490484952927, 0.48563073575496674, 0.4882279559969902, 0.4829813167452812, 0.48264748603105545, 0.48395004868507385, 0.48397183418273926, 0.48386695981025696, 0.48071441799402237, 0.4852922558784485, 0.48284950107336044, 0.47682444751262665, 0.4819200038909912, 0.48003727197647095, 0.48683759570121765, 0.4777291789650917, 0.48120152950286865, 0.4761263579130173, 0.4677644595503807, 0.4718875586986542, 0.46870259940624237, 0.4719589948654175, 0.4736332446336746, 0.475066676735878, 0.47143643349409103, 0.47001660615205765, 0.4649185836315155, 0.4676436260342598, 0.4714587852358818, 0.4616818353533745, 0.4653185307979584, 0.46190427988767624, 0.46179889887571335, 0.4690302163362503, 0.46593027561903, 0.4682503640651703, 0.4684492498636246, 0.46717265993356705, 0.4673958346247673, 0.4573269188404083, 0.4600405767560005, 0.4669818952679634, 0.4625595360994339, 0.46542444825172424, 0.45686134696006775, 0.46178825199604034, 0.46343881636857986, 0.46067989617586136, 0.4584713578224182, 0.45812254399061203, 0.46188437193632126, 0.4642801806330681, 0.45996277779340744, 0.4611791744828224, 0.46242427080869675]}