{"best_val": 0.5272461846470833, "train_loss": [0.661712110042572, 0.6577650441063775, 0.6545073058870103, 0.6511038078202142, 0.6476676265398661, 0.6448865532875061, 0.6416448520289527, 0.6392789085706075, 0.6358367403348287, 0.6329814361201392, 0.6300130056010352, 0.6288472513357798, 0.6259923577308655, 0.6230060193273756, 0.6203663647174835, 0.6176700790723165, 0.6161191893948449, 0.6144311659865909, 0.6106555097632937, 0.6088621252112918, 0.6065042482482063, 0.6039493017726474, 0.6008210281531016, 0.5995820992522769, 0.5964337819152408, 0.5935825308163961, 0.5917743278874291, 0.5878591371907128, 0.5849942730532752, 0.5835309127966563, 0.5799023045433892, 0.5763324764039781, 0.5722379916244082, 0.5686462654007806, 0.5666927993297577, 0.5643088155322604, 0.5585626860459646, 0.5566330154736837, 0.5527935491667854, 0.5512746804290347, 0.5470848464303546, 0.5432109038035074, 0.5393682320912679, 0.5357863273885515, 0.5320705506536696, 0.5313986423942778, 0.5257552795939975, 0.5243862536218431, 0.5212254491117265, 0.5178676744302114, 0.5159130725595686, 0.5117817007833056, 0.510561164882448, 0.5094755060142941, 0.5080134040779538, 0.5061499973138174, 0.5034884363412857, 0.5000374201271269, 0.5012219217088487, 0.5024914112355974, 0.4971591764026218, 0.49389732049571144, 0.4937197400463952, 0.4907623711559508, 0.4913429253631168, 0.4900688926378886, 0.4862380027770996, 0.4903036256631215, 0.4871225423283047, 0.48889713486035663, 0.48487383127212524, 0.4843490968147914, 0.4831462370024787, 0.48384488456779057, 0.48366986877388424], "val_loss": [0.662362739443779, 0.6600200086832047, 0.6560630202293396, 0.6537625193595886, 0.6506735384464264, 0.6484632045030594, 0.6458027213811874, 0.6436296105384827, 0.6400456428527832, 0.6391976028680801, 0.6372596323490143, 0.6355820745229721, 0.6322788745164871, 0.6291720122098923, 0.6273530125617981, 0.6261145174503326, 0.6236013472080231, 0.620527520775795, 0.6191163808107376, 0.6184064745903015, 0.6160364747047424, 0.6135284155607224, 0.6112376749515533, 0.6089655309915543, 0.6062212586402893, 0.602516695857048, 0.6037455350160599, 0.6024151891469955, 0.597172275185585, 0.5965886861085892, 0.5919117629528046, 0.5897588580846786, 0.5865695625543594, 0.5830176025629044, 0.581570953130722, 0.5806836783885956, 0.577725425362587, 0.5731129199266434, 0.5699254274368286, 0.5711474269628525, 0.5637131035327911, 0.565323531627655, 0.5618066489696503, 0.5638506263494492, 0.558584988117218, 0.5606065392494202, 0.5526925325393677, 0.5550736114382744, 0.5456447973847389, 0.5477236062288284, 0.5418084636330605, 0.5481658950448036, 0.5424987226724625, 0.5444778501987457, 0.5370523184537888, 0.5380491986870766, 0.5419943332672119, 0.5411050543189049, 0.5387642979621887, 0.5344536080956459, 0.5319502651691437, 0.5354907363653183, 0.5361652746796608, 0.534530982375145, 0.5272461846470833, 0.535896822810173, 0.5304272323846817, 0.53138667345047, 0.5329229682683945, 0.533621571958065, 0.5342129617929459, 0.5327863991260529, 0.5376898869872093, 0.5375283434987068, 0.5275112390518188]}