{"best_val": 0.42560484260320663, "train_loss": [0.6400538285573324, 0.595099902815289, 0.5515341957410177, 0.5214231693082385, 0.5046999520725675, 0.49580936630566913, 0.49186788830492234, 0.4928587277730306, 0.4872989108165105, 0.4847685595353444, 0.4818424979845683, 0.4819323519865672, 0.4798821674452888, 0.4780252046055264, 0.47546274960041046, 0.47423270841439563, 0.47200173801845974, 0.4677862773338954, 0.46726174155871075, 0.46970753371715546, 0.4679572764370177, 0.46478936904006535, 0.4654390696022246, 0.4645017037789027, 0.46421612633599174, 0.46344773802492356, 0.4626888400978512, 0.4634206493695577, 0.46153100497192806, 0.4602333787414763, 0.46162858936521745, 0.4599707755777571, 0.461397401160664, 0.4576154947280884, 0.45677659743362004, 0.4580983370542526, 0.45639996230602264, 0.4558610286977556, 0.45779702729649013, 0.452929566303889, 0.45651283860206604, 0.45757227970494163, 0.4537708279159334, 0.45313514437940383, 0.44879718456003403, 0.45054786403973895, 0.45080191228124833, 0.45322266552183366, 0.4502592169576221, 0.44991303152508205, 0.4495016170872582, 0.4511161463128196, 0.45127542813618976, 0.4477892650498284, 0.44801903267701465, 0.44855394462744397, 0.44852021005418563], "val_loss": [0.6179232597351074, 0.5692810863256454, 0.5258866474032402, 0.49394241720438004, 0.48042839765548706, 0.4679700657725334, 0.4714472144842148, 0.46570438891649246, 0.45939434319734573, 0.4609096422791481, 0.4579302743077278, 0.4583716467022896, 0.4523877501487732, 0.44943857192993164, 0.4523753896355629, 0.4480554610490799, 0.44443652778863907, 0.44243136048316956, 0.43810564279556274, 0.44690460711717606, 0.4434998035430908, 0.43626029789447784, 0.4320893809199333, 0.44199782609939575, 0.4384748265147209, 0.431213915348053, 0.4365047663450241, 0.43498341739177704, 0.43279285728931427, 0.4306028112769127, 0.43375925719738007, 0.43189213424921036, 0.4401051923632622, 0.4323545917868614, 0.43298011273145676, 0.42978279292583466, 0.43089160323143005, 0.43431656062602997, 0.4258173853158951, 0.43355167657136917, 0.4256700873374939, 0.43332797288894653, 0.4329822286963463, 0.4288599491119385, 0.4274727329611778, 0.43005047738552094, 0.42560484260320663, 0.42896492779254913, 0.4285797104239464, 0.43375370651483536, 0.43004488199949265, 0.4289201572537422, 0.4337555393576622, 0.4353027567267418, 0.4309687316417694, 0.43746084719896317, 0.4264429360628128]}