{"best_val": 0.4976850003004074, "train_loss": [0.697279585732354, 0.6513170599937439, 0.6038494209448496, 0.5594592127535079, 0.5312340259552002, 0.5199181255367067, 0.5101397335529327, 0.5055661996205648, 0.49876146680778927, 0.49584048986434937, 0.4947713000906838, 0.4931839058796565, 0.4887695577409532, 0.49047136803468067, 0.49350518981615704, 0.4855583045217726, 0.4813021222750346, 0.4836037705341975, 0.4806945257716709, 0.47944312625461155, 0.4798000504573186, 0.47745270364814335, 0.47891321281592053, 0.4772513392898772, 0.47870859338177574, 0.4770508756240209, 0.47540835042794544, 0.4741737064388063, 0.47207871410581803, 0.47129424413045246, 0.47162483135859173, 0.4706449972258674, 0.47134844296508366, 0.46845470203293693, 0.46915025346808964, 0.46983371840582955, 0.46781613760524327, 0.46764597793420154, 0.4686083330048455, 0.4655969474050734, 0.46492570969793534, 0.46473291516304016, 0.4643687655528386, 0.4660823196172714, 0.46780250635412, 0.46540071235762703, 0.4618605673313141, 0.4624631686343087], "val_loss": [0.6653560400009155, 0.6316644698381424, 0.5897127836942673, 0.5655639320611954, 0.541934072971344, 0.5319250971078873, 0.5269130915403366, 0.5233699977397919, 0.520707830786705, 0.5195520371198654, 0.514154314994812, 0.5108459964394569, 0.5136581882834435, 0.52317114174366, 0.5103768408298492, 0.508795715868473, 0.5165053978562355, 0.5121167749166489, 0.5122471153736115, 0.5160536542534828, 0.5128439739346504, 0.5101716443896294, 0.504401370882988, 0.512783519923687, 0.5028138756752014, 0.5063159093260765, 0.506544902920723, 0.5052240565419197, 0.5082440003752708, 0.5040357112884521, 0.5006218403577805, 0.5079074874520302, 0.5035620778799057, 0.5083089843392372, 0.5081735700368881, 0.5065519884228706, 0.5065241679549217, 0.4976850003004074, 0.5009585022926331, 0.49879058450460434, 0.5032299235463142, 0.5051075741648674, 0.5061008632183075, 0.503775417804718, 0.5006351470947266, 0.5063710510730743, 0.5044259503483772, 0.5084872916340828]}