{"best_val": 0.4885232150554657, "train_loss": [0.6361844771438174, 0.633404917187161, 0.6312980982992384, 0.6288248532348208, 0.625901609659195, 0.6241545478502909, 0.6221688091754913, 0.6199422048197852, 0.6182834737830691, 0.6160922216044532, 0.613776809639401, 0.6120635767777761, 0.6105692552195655, 0.6087777548366122, 0.6063395175668929, 0.604008138179779, 0.6029701828956604, 0.6007083058357239, 0.600723558002048, 0.5985220107767317, 0.5964527395036485, 0.5939990116490258, 0.592928151289622, 0.5906032886770036, 0.5881895058684878, 0.5886071357462141, 0.5862873627079858, 0.5843054287963443, 0.581433117389679, 0.5788132283422682, 0.5771803822782304, 0.5756928622722626, 0.5743784805138906, 0.5713425212436252, 0.5698212948110368, 0.5689729783270094, 0.5667758385340372, 0.5636683801809946, 0.5620132618480258, 0.560460733042823, 0.5563337521420585, 0.5539585865206189, 0.5514646189080344, 0.5506626036432054, 0.5474988768498102, 0.5466830266846551, 0.5462360067500008, 0.5428853167427911, 0.5414690557453368, 0.5390036553144455, 0.5368889288769828, 0.5340626123878691, 0.5321506609519323, 0.5306136525339551, 0.5261732902791765, 0.5259808335039351, 0.52595364385181, 0.5223745438787673, 0.5209978272517523, 0.5206903335120943, 0.5175846533642875, 0.515962560971578, 0.5140399518940184, 0.5147504541609023, 0.509918236070209, 0.5096075932184855, 0.5093431257539325, 0.5064779255125258, 0.505592965417438, 0.5033646374940872, 0.5013089560800128, 0.5035990989870496, 0.5016140424542956, 0.4977538486321767, 0.4972702099217309, 0.49942198892434436, 0.4962257610427009, 0.4943663875261943, 0.492085016436047, 0.49210768772496116, 0.4913450976212819, 0.4888047542836931, 0.4887535439597236, 0.48976535598436993, 0.4874984969695409, 0.48538271254963344, 0.48673756255043876, 0.48537581662336987], "val_loss": [0.6354387849569321, 0.6334670186042786, 0.6299256384372711, 0.6278546750545502, 0.6256639659404755, 0.6249577552080154, 0.6208342909812927, 0.620308443903923, 0.6186021268367767, 0.6170839369297028, 0.6148547679185867, 0.6119898557662964, 0.6104011684656143, 0.6079304665327072, 0.6079701334238052, 0.6054010838270187, 0.604150801897049, 0.6032056212425232, 0.5997200310230255, 0.5975650250911713, 0.5951022952795029, 0.594192311167717, 0.5914752930402756, 0.5916764289140701, 0.5899979323148727, 0.5875358283519745, 0.5849236100912094, 0.5842253416776657, 0.5822100788354874, 0.5803348422050476, 0.5789583325386047, 0.5767857879400253, 0.5771485567092896, 0.5734847337007523, 0.5687764286994934, 0.5695947259664536, 0.565058559179306, 0.5646710842847824, 0.5640210062265396, 0.5608959048986435, 0.5572980046272278, 0.5555401593446732, 0.5572754442691803, 0.5520331263542175, 0.5486368089914322, 0.5500977039337158, 0.5456403642892838, 0.5452628284692764, 0.5406071245670319, 0.5377508252859116, 0.5362047776579857, 0.5383135750889778, 0.5323312729597092, 0.5324517339468002, 0.5280593782663345, 0.5309121534228325, 0.5294658243656158, 0.5270426273345947, 0.5189412459731102, 0.520871639251709, 0.5255749151110649, 0.5181574672460556, 0.5191438272595406, 0.5180636867880821, 0.5206654593348503, 0.5157650485634804, 0.513785220682621, 0.5127502083778381, 0.5040610730648041, 0.507366456091404, 0.5097163394093513, 0.506942555308342, 0.5044655054807663, 0.5011719092726707, 0.5054186061024666, 0.5023149847984314, 0.5057055056095123, 0.5000211372971535, 0.4990224316716194, 0.49778592586517334, 0.49960654973983765, 0.49855750799179077, 0.49747636914253235, 0.4976969510316849, 0.4940224289894104, 0.49611758440732956, 0.4885259196162224, 0.4885232150554657]}