{"best_val": 0.5127529352903366, "train_loss": [0.6496033204926385, 0.6457121736473508, 0.6432008147239685, 0.6391761435402764, 0.6357977357175615, 0.6321992211871676, 0.6283133029937744, 0.6240701708528731, 0.6201123230987124, 0.6160528428024716, 0.6116608513726128, 0.6073436174127791, 0.603713721036911, 0.5990026825004153, 0.5935598810513815, 0.5905942519505819, 0.5852935744656457, 0.579091512494617, 0.575551923778322, 0.5712516208489736, 0.5658615893787808, 0.5619230932659574, 0.5568717916806539, 0.5519591967264811, 0.5486016439066993, 0.542149254017406, 0.5403221762842603, 0.5367322381999757, 0.5350815157095591, 0.5310167984830009, 0.5294567081663344, 0.524920094344351, 0.5258967760536406, 0.5254075295395322, 0.5216313054164251, 0.5188028928306367, 0.5183010912603803, 0.515258424811893, 0.5138185438182619, 0.5139709479278989, 0.5146705193652047, 0.5110073486963908, 0.509561590022511, 0.5102888693412145, 0.5084082219335768, 0.5047451506058375, 0.5059093766742282, 0.5019708689716127, 0.5050351785288917, 0.5027650445699692, 0.5014958679676056, 0.5010182129012214, 0.501687788301044, 0.49920619361930424, 0.4978826079103682, 0.498427109585868, 0.4964422070317798, 0.4946972346968121, 0.4953213598993089, 0.49513014157613117, 0.49386755128701526, 0.4950138529141744, 0.49396998186906177, 0.49313763942983413, 0.49208606945143807, 0.4903373089101579, 0.4929749071598053, 0.4903895441028807, 0.48842992385228473, 0.48927690585454303, 0.4892537163363563, 0.48610764741897583, 0.48813405136267346, 0.4879695375760396, 0.4874584542380439, 0.4880729864041011, 0.4868872082895703, 0.48593759702311623, 0.48498011959923637], "val_loss": [0.6495436429977417, 0.6477143317461014, 0.6435405761003494, 0.6412534862756729, 0.6366503834724426, 0.6333666890859604, 0.6300269663333893, 0.6267550885677338, 0.6236182749271393, 0.6184224784374237, 0.6142813265323639, 0.6119826287031174, 0.6097186058759689, 0.6024190783500671, 0.599869504570961, 0.5942490696907043, 0.5907043665647507, 0.5876030623912811, 0.5814062803983688, 0.5805567651987076, 0.5771193355321884, 0.5698134452104568, 0.5683061480522156, 0.5638599395751953, 0.5630919337272644, 0.561927393078804, 0.5586720183491707, 0.5535637587308884, 0.5526183992624283, 0.5575857535004616, 0.5486756265163422, 0.5459990799427032, 0.5467391312122345, 0.5441794991493225, 0.5418663620948792, 0.5408948808908463, 0.5378611832857132, 0.54264285415411, 0.5406790524721146, 0.5375946164131165, 0.54581119120121, 0.5270908921957016, 0.535355232656002, 0.5399051457643509, 0.5337020233273506, 0.5403221771121025, 0.5348475277423859, 0.5322332233190536, 0.5324303135275841, 0.5271768048405647, 0.5263572558760643, 0.5349592715501785, 0.527515783905983, 0.5253729224205017, 0.5309150069952011, 0.5252210423350334, 0.5196953639388084, 0.5236417204141617, 0.5270409435033798, 0.5221715196967125, 0.5228932052850723, 0.5274332389235497, 0.5262748301029205, 0.5261272937059402, 0.5186441242694855, 0.5227309018373489, 0.520586758852005, 0.5233012363314629, 0.5127529352903366, 0.5207380652427673, 0.5161574482917786, 0.5134579390287399, 0.518292561173439, 0.524937205016613, 0.5201756283640862, 0.5201602727174759, 0.5158888250589371, 0.5175195261836052, 0.5209150686860085]}