{"best_val": 0.4480440616607666, "train_loss": [0.6960674656762017, 0.6703212857246399, 0.6396717098024156, 0.6031888922055563, 0.5619182884693146, 0.5324972884522544, 0.5117994977368249, 0.5056444969442155, 0.49514898161093396, 0.4930918779638078, 0.49058183696534896, 0.4870869053734673, 0.4913857827583949, 0.48734260267681545, 0.48417573008272385, 0.4815482878022724, 0.4810560925139321, 0.48012278974056244, 0.47518428497844273, 0.47611110740237766, 0.4762510193718804, 0.47704878946145374, 0.4799244701862335, 0.47718900938828784, 0.47251606980959576, 0.47638430529170567, 0.4703231321440803, 0.47187256150775486, 0.46991335021124947, 0.46678444577587974, 0.4764852159553104, 0.46835388739903766, 0.4673648824294408, 0.4701155804925495, 0.46926697923077476, 0.473454217116038, 0.4685128066274855, 0.46373140811920166, 0.4668862322966258, 0.4661011215713289, 0.46418144139978623, 0.46624265445603263, 0.46489446527428097, 0.4650460895564821, 0.46358680725097656, 0.4666843314965566, 0.4663398249281777], "val_loss": [0.6868464797735214, 0.6568318605422974, 0.6216334104537964, 0.5809466689825058, 0.5446919724345207, 0.520144023001194, 0.5069122761487961, 0.49871574342250824, 0.4846339747309685, 0.4812905341386795, 0.47400693595409393, 0.47213536500930786, 0.4772217869758606, 0.4696303829550743, 0.4659941717982292, 0.4652612954378128, 0.4673781096935272, 0.463248610496521, 0.4652275964617729, 0.4635143205523491, 0.4714318886399269, 0.4644569978117943, 0.46818311512470245, 0.46009615808725357, 0.4613847881555557, 0.46002962440252304, 0.4631417617201805, 0.459140844643116, 0.46016933023929596, 0.45641089230775833, 0.46067342162132263, 0.458303764462471, 0.4633861407637596, 0.47058654576539993, 0.46318358182907104, 0.45627695322036743, 0.4480440616607666, 0.45867783576250076, 0.4582594037055969, 0.46639563143253326, 0.4657585546374321, 0.4576186388731003, 0.4536067247390747, 0.4568721726536751, 0.45732278376817703, 0.45660656690597534, 0.4539965093135834]}