{"best_val": 0.4960532560944557, "train_loss": [0.7374121646086375, 0.7114892800649008, 0.6844269136587778, 0.6510526306099362, 0.6098035275936127, 0.568734735250473, 0.5433459248807695, 0.525211352441046, 0.5157808148198657, 0.5064649499124951, 0.5044087486134635, 0.49954990049203235, 0.49702025949954987, 0.4912909120321274, 0.4910724080271191, 0.4936489363511403, 0.48848239415221745, 0.4907906899849574, 0.48972593082322013, 0.48812301125791335, 0.48432793882158065, 0.4860096457931731, 0.48282869160175323, 0.4816608760091994, 0.4812559253639645, 0.48253312210241955, 0.4822446058193843, 0.47879955338107216, 0.47803895175457, 0.4809358169635137, 0.4810277885860867], "val_loss": [0.7280218452215195, 0.704137772321701, 0.6695233583450317, 0.6289392709732056, 0.5846325159072876, 0.5568026155233383, 0.5357992649078369, 0.5266493186354637, 0.5187501832842827, 0.513098381459713, 0.5078307539224625, 0.508731983602047, 0.501746341586113, 0.5041269809007645, 0.5041788816452026, 0.49652621150016785, 0.5061327666044235, 0.4989619851112366, 0.503072701394558, 0.5003368109464645, 0.4960532560944557, 0.5022874474525452, 0.49843277782201767, 0.5045567527413368, 0.5011361688375473, 0.49911678582429886, 0.5020130574703217, 0.502540148794651, 0.5059981644153595, 0.4989677667617798, 0.504498265683651]}