{"best_val": 0.4839319810271263, "train_loss": [0.7097260885768466, 0.6980195906427171, 0.6864265004793803, 0.6743755274348788, 0.6611005564530691, 0.6453945371839735, 0.6279924545023177, 0.6101752817630768, 0.5896811915768517, 0.5716529919041528, 0.553431092037095, 0.5381558752722211, 0.5263250172138214, 0.5127511488066779, 0.5065851261218389, 0.49892935653527576, 0.4914707541465759, 0.4898878203497993, 0.48409276207288104, 0.48020179404152763, 0.4760164933072196, 0.4733731647332509, 0.4731383091873593, 0.47289537058936226, 0.47004428174760604, 0.4660445865657594, 0.464832345644633, 0.4630100280046463, 0.46181100441349876, 0.461595775352584, 0.4569135225481457, 0.4576539446910222, 0.4566736188199785, 0.4591594669553969, 0.45409876770443386, 0.45402482483122086, 0.45218997200330097, 0.45232830776108635, 0.4536838283141454, 0.45522088640265995, 0.4510020663340886, 0.4502401236030791, 0.4518445332845052, 0.4471819069650438, 0.44872569375567967, 0.447815156645245, 0.44811079402764636, 0.44668815698888564, 0.4461778932147556, 0.4461369166771571, 0.4458897825744417, 0.44703906112247044, 0.44370808866288924, 0.4446509778499603, 0.4462552203072442, 0.4427109724945492, 0.4418166097667482, 0.4419392810927497, 0.44218046466509503, 0.442778820792834, 0.44152167936166126, 0.4414759808116489, 0.4452840569946501, 0.44185982313421035, 0.4444389243920644, 0.44286726580725777, 0.4406121505631341, 0.4400273727046119, 0.44179396828015643], "val_loss": [0.7023442983627319, 0.6915869414806366, 0.6809554100036621, 0.6690619140863419, 0.6565449684858322, 0.6407175213098526, 0.6257007867097855, 0.6063403338193893, 0.5929963737726212, 0.5730435699224472, 0.5652906745672226, 0.5473501980304718, 0.5403066128492355, 0.5323795825242996, 0.5331544205546379, 0.5317407473921776, 0.5140810012817383, 0.5172459408640862, 0.5162208378314972, 0.5145590826869011, 0.5144923180341721, 0.5118618533015251, 0.518696554005146, 0.5057811141014099, 0.5109918937087059, 0.508244626224041, 0.5046607851982117, 0.5058171972632408, 0.5035081952810287, 0.49601273983716965, 0.5002464950084686, 0.50140181183815, 0.49750903248786926, 0.49691154807806015, 0.498771034181118, 0.4914395436644554, 0.49651964008808136, 0.4941142648458481, 0.49423056840896606, 0.4954252988100052, 0.4909970611333847, 0.49063485115766525, 0.49579230695962906, 0.4922438934445381, 0.4900353476405144, 0.4931350126862526, 0.49572136998176575, 0.4972999766469002, 0.4942479729652405, 0.48688415437936783, 0.4992310702800751, 0.4877898246049881, 0.4894627705216408, 0.49268627166748047, 0.4845321327447891, 0.4977455958724022, 0.49096931517124176, 0.48756956309080124, 0.4839319810271263, 0.487753689289093, 0.49545174837112427, 0.4851907938718796, 0.4909248724579811, 0.4885241165757179, 0.4925379008054733, 0.49180467426776886, 0.4915430098772049, 0.494584821164608, 0.48863935470581055]}