{"best_val": 0.46659376472234726, "train_loss": [0.664271440770891, 0.6158918970161014, 0.5764793621169196, 0.5457576711972555, 0.5326986263195673, 0.5260980559719933, 0.5169695797893736, 0.5112362090084288, 0.5059072706434462, 0.5101823674307929, 0.5087384300099479, 0.5033093293507894, 0.5023846841520734, 0.5026682913303375, 0.49695662326282924, 0.4963950266440709, 0.49353930354118347, 0.4931560473309623, 0.49149374498261345, 0.49196736845705247, 0.4914578828546736, 0.4896077911059062], "val_loss": [0.6352298110723495, 0.5798542201519012, 0.5308715403079987, 0.5024100542068481, 0.4910563826560974, 0.4848381206393242, 0.4799829497933388, 0.4874722957611084, 0.47552390396595, 0.4790971428155899, 0.47323283553123474, 0.46659376472234726, 0.4724290147423744, 0.4748401567339897, 0.4722917750477791, 0.4738868549466133, 0.4747249260544777, 0.4672631770372391, 0.47210171818733215, 0.46993356198072433, 0.4688865765929222, 0.47118230164051056]}