{"best_val": 0.5173399373888969, "train_loss": [0.7117817302544912, 0.6970109509097205, 0.6856277585029602, 0.6742628746562533, 0.6620049443509843, 0.6495286656750573, 0.638069772058063, 0.627497500843472, 0.6191326015525394, 0.6111548509862688, 0.6020703183280097, 0.594998856385549, 0.5847967267036438, 0.57563140657213, 0.5680624213483598, 0.5584371189276377, 0.5517155693637, 0.5434379428625107, 0.5398288319508234, 0.53691123591529, 0.5346678429179721, 0.5326501462194655, 0.5291750149594413, 0.5272184461355209, 0.5259277986155616, 0.5253260913822386, 0.5221111079057058, 0.5212463852432039, 0.5191723273860084, 0.5173007150491079, 0.5167361795902252, 0.5141945083936056, 0.5160755018393198, 0.5143598814805349, 0.5136881983942456, 0.5122971650626924, 0.5118880172570547, 0.5094393144051234, 0.5112205627891753, 0.5116472442944845, 0.5108410666386286, 0.5093140568998125, 0.5088330192698373, 0.5080559982193841, 0.5052725242243873, 0.506341255373425, 0.5068473418553671, 0.5033514218197929, 0.5076628277699152, 0.5055804484420352, 0.5028768380482992, 0.5037954532437854, 0.5031150927146276, 0.5028737270169787], "val_loss": [0.6698320955038071, 0.6624184250831604, 0.6561993211507797, 0.649116262793541, 0.6434817910194397, 0.633826494216919, 0.6267872899770737, 0.6187173128128052, 0.6134587526321411, 0.6054631918668747, 0.5962012112140656, 0.5874535888433456, 0.5816072970628738, 0.574141800403595, 0.5688386857509613, 0.5574753135442734, 0.552645854651928, 0.5492621958255768, 0.5487831383943558, 0.5391543284058571, 0.5374405533075333, 0.5349473208189011, 0.533651664853096, 0.526571199297905, 0.5338769927620888, 0.529103472828865, 0.522961437702179, 0.5186167135834694, 0.5248707309365273, 0.5246681272983551, 0.5201193541288376, 0.5194890275597572, 0.5206610709428787, 0.5215213596820831, 0.5215797126293182, 0.5231496244668961, 0.5295299142599106, 0.5174480751156807, 0.5220746695995331, 0.524526797235012, 0.5204571112990379, 0.5222797244787216, 0.5194938480854034, 0.5173399373888969, 0.5210086777806282, 0.5246749371290207, 0.5195622593164444, 0.5262958481907845, 0.5299248546361923, 0.529759518802166, 0.5199462324380875, 0.5185587555170059, 0.5186146274209023, 0.52083820104599]}