{"best_val": 0.45636191964149475, "train_loss": [0.7281469106674194, 0.7037116554048326, 0.6808154053158231, 0.6542269951767392, 0.6251358754105039, 0.5930594934357537, 0.5602415402730306, 0.5361869947777854, 0.5191331456104914, 0.5071757568253411, 0.499327626493242, 0.49456290900707245, 0.489980838365025, 0.48855051067140365, 0.4831372731261783, 0.48131004472573596, 0.4804047776593102, 0.4798785448074341, 0.47644071612093186, 0.47211282783084446, 0.4725610315799713, 0.47281647887494826, 0.47308283050855, 0.46827120582262677, 0.47283734381198883, 0.47224124769369763, 0.47181090381410384, 0.46965015927950543, 0.4659567011727227, 0.46966224743260276, 0.46988027294476825, 0.4690595931477017, 0.4667372504870097, 0.464745153983434, 0.46480197211106616, 0.463087292181121, 0.4647192292743259, 0.4639403637912538, 0.46507222950458527, 0.4672783397965961, 0.4611818293730418, 0.4633163892560535, 0.46070897082487744, 0.46001650724146104, 0.46284135513835484, 0.46110543939802384, 0.46193159288830227, 0.4587457064125273, 0.4602110899156994, 0.45949239201015896, 0.4603806750641929, 0.4581574284368091, 0.45789433187908596, 0.45612316330273944, 0.4548543559180366, 0.45472826891475254, 0.4570281472471025, 0.4574509958426158, 0.457010085384051, 0.45289728542168933, 0.45589400662316215, 0.4558282511101829, 0.45427320897579193, 0.4540879213147693, 0.4515732145971722, 0.45214838286240894, 0.4516067836019728, 0.45159412754906547, 0.45215509831905365, 0.4506826284858916, 0.45169180300500655, 0.4507193664709727], "val_loss": [0.7105056494474411, 0.6906534433364868, 0.6627609431743622, 0.6359152644872665, 0.6087864339351654, 0.5744162648916245, 0.5488735437393188, 0.5327349305152893, 0.5215446874499321, 0.5061982274055481, 0.5104556605219841, 0.5026668980717659, 0.4980854094028473, 0.4846378266811371, 0.4854065254330635, 0.49613281339406967, 0.49155884236097336, 0.4832261651754379, 0.48012112081050873, 0.48277007788419724, 0.4757412374019623, 0.47989433258771896, 0.485061839222908, 0.47854527086019516, 0.47133612632751465, 0.4724781960248947, 0.47336889803409576, 0.4706534370779991, 0.4700329974293709, 0.4728153869509697, 0.4751589298248291, 0.4721653088927269, 0.4706684947013855, 0.4761514291167259, 0.4694543927907944, 0.47402095049619675, 0.47060201317071915, 0.46383215487003326, 0.4722276106476784, 0.46733158826828003, 0.4760933816432953, 0.46946246176958084, 0.46254943311214447, 0.47525519877672195, 0.4707515388727188, 0.46329544484615326, 0.46246763318777084, 0.4682053402066231, 0.47094523161649704, 0.4663156121969223, 0.46186112612485886, 0.46962589025497437, 0.46673572808504105, 0.46217308193445206, 0.4666190817952156, 0.46130063384771347, 0.4583711177110672, 0.45970868319272995, 0.47073425352573395, 0.4637290984392166, 0.46501170843839645, 0.45636191964149475, 0.46096189320087433, 0.46153757721185684, 0.46103550493717194, 0.4599848613142967, 0.45699529349803925, 0.4576849937438965, 0.46068134158849716, 0.46163302659988403, 0.4600905776023865, 0.4632527157664299]}