{"best_val": 0.48639389872550964, "train_loss": [0.755227310789956, 0.7324935727649264, 0.7114110754595863, 0.6897389425171746, 0.6698322031233046, 0.6506466468175253, 0.6313108139567905, 0.6107870472802056, 0.5889282822608948, 0.5696866280502744, 0.553703882628017, 0.5420873628722297, 0.5311117519934972, 0.5208968487050798, 0.5136650287442737, 0.5087345888217291, 0.5061684863434898, 0.5006967600848939, 0.49773579008049434, 0.4974575920237435, 0.4967764682239956, 0.4916875660419464, 0.49404191970825195, 0.48816054397159153, 0.48645353813966113, 0.48645390901300645, 0.4856531471014023, 0.48689285748534733, 0.4828638368182712, 0.48334063589572906, 0.4839632511138916, 0.480566316180759, 0.480615066157447, 0.477365180850029, 0.47766467101044124, 0.477045433388816, 0.47457533081372577, 0.47646000650193954, 0.47900068594349754, 0.47637925545374554, 0.47379589411947465, 0.4721943553951051, 0.4712698343727324, 0.4714773909913169, 0.47207923895782894, 0.47068490584691364, 0.4725102484226227, 0.46695151925086975, 0.4700791935125987, 0.4690341552098592, 0.46831826203399235, 0.46882988346947563, 0.46980499227841693, 0.46426287955707973, 0.4698464539315965, 0.4678010145823161, 0.4664796226554447, 0.46695783568753135, 0.4650234811835819, 0.46480437947644127], "val_loss": [0.7115951031446457, 0.6977954357862473, 0.6831633746623993, 0.6670546531677246, 0.6484678238630295, 0.6286809295415878, 0.6076839417219162, 0.5819275379180908, 0.5587608367204666, 0.5423037111759186, 0.5300074517726898, 0.5174324810504913, 0.5116023868322372, 0.5081319883465767, 0.502010814845562, 0.5014339536428452, 0.49894432723522186, 0.500241182744503, 0.4978552907705307, 0.49529168009757996, 0.49323243647813797, 0.49150434136390686, 0.49692773073911667, 0.5010224282741547, 0.4953882545232773, 0.4960000514984131, 0.4916549026966095, 0.4995524287223816, 0.48922666907310486, 0.49565111845731735, 0.5024238675832748, 0.49288929998874664, 0.4919139891862869, 0.4898056164383888, 0.4911469891667366, 0.4890243113040924, 0.4890577644109726, 0.4950452074408531, 0.4939560517668724, 0.4884961247444153, 0.49434206634759903, 0.4964219853281975, 0.49221590906381607, 0.48927605152130127, 0.4921480715274811, 0.4901655316352844, 0.49007508903741837, 0.5046958029270172, 0.4917681962251663, 0.48639389872550964, 0.48789356648921967, 0.48830947279930115, 0.48934294283390045, 0.49116722494363785, 0.4880494996905327, 0.48913583904504776, 0.4879741296172142, 0.49237506836652756, 0.49379465728998184, 0.4961477816104889]}