{"best_val": 0.464755117893219, "train_loss": [0.729151275422838, 0.7045375340514712, 0.6772947112719218, 0.6475384533405304, 0.6167426009972891, 0.5827015605237749, 0.5483062747451994, 0.5196603503492143, 0.49771292673216927, 0.4888636933432685, 0.47790705660978955, 0.4747791488965352, 0.4684491323100196, 0.4685523443751865, 0.46582955453130936, 0.4684353901280297, 0.4614376326402028, 0.46003032889631057, 0.4648283190197415, 0.46152899000379777, 0.4586964829100503, 0.4614577574862374, 0.45967138641410404, 0.4565548085504108, 0.4562765608231227, 0.4571887254714966, 0.4565192063649495, 0.4555552966064877, 0.4553333173195521, 0.4570464922322167, 0.45614956981605953, 0.4535030672947566, 0.45299702882766724, 0.4526915152867635, 0.45520251989364624, 0.4562012371089723, 0.4538307769431008, 0.4543120761712392, 0.45299165944258374, 0.45154523683918846, 0.4525134828355577, 0.45170750717322034, 0.45154064728154075, 0.45174067550235325, 0.4521297166744868, 0.4502711743116379, 0.45050253801875645, 0.4506919284661611, 0.45196064313252765, 0.450186163187027, 0.4475007984373305, 0.44734641247325474, 0.4525608883963691, 0.45063992341359455, 0.44903554850154453, 0.44603163335058427, 0.449440856774648, 0.45084456106026966, 0.4517487684885661, 0.4497222453355789, 0.4481234269009696, 0.44677388336923385, 0.4505022101932102, 0.445428729057312, 0.4467364533079995, 0.4455893321169747, 0.4454315271642473, 0.44590385754903156, 0.448816888862186], "val_loss": [0.7214852869510651, 0.6963458359241486, 0.6694869101047516, 0.6447565853595734, 0.6150539666414261, 0.5850334614515305, 0.5560638010501862, 0.5390144139528275, 0.5231287628412247, 0.5136993452906609, 0.5091219618916512, 0.49547605961561203, 0.49659789353609085, 0.4907192960381508, 0.49927138537168503, 0.4844909608364105, 0.4875728264451027, 0.48361392319202423, 0.4836064428091049, 0.4902697876095772, 0.4839993864297867, 0.48887066543102264, 0.4916575700044632, 0.48510780930519104, 0.483265720307827, 0.47957006841897964, 0.4907236769795418, 0.4770056754350662, 0.48190057277679443, 0.48018021881580353, 0.47304386645555496, 0.47753144055604935, 0.48900555819272995, 0.4740992709994316, 0.48067867010831833, 0.47474977374076843, 0.4774281159043312, 0.47505421191453934, 0.4797626659274101, 0.47234275192022324, 0.4813251346349716, 0.4726297929883003, 0.4707123562693596, 0.4799549728631973, 0.4761319011449814, 0.47586365789175034, 0.4783007428050041, 0.47696036100387573, 0.4783102348446846, 0.4821445867419243, 0.47603534162044525, 0.46854782849550247, 0.4746074229478836, 0.4710562452673912, 0.46923767775297165, 0.4786568582057953, 0.4805145785212517, 0.4711569547653198, 0.464755117893219, 0.48326341062784195, 0.47696586698293686, 0.46912677586078644, 0.4746515452861786, 0.4727669730782509, 0.4752444475889206, 0.4749941751360893, 0.46976251900196075, 0.4701758325099945, 0.4651285707950592]}