{"best_val": 0.5025927424430847, "train_loss": [0.7186101873715719, 0.6930180688699087, 0.6706365777386559, 0.6462081538306342, 0.6250519752502441, 0.6041517522599962, 0.5833117597632937, 0.5668596857123904, 0.5494852827654945, 0.5347236643234888, 0.5239604678418901, 0.5152809570233027, 0.5069816774792142, 0.5014809899859958, 0.5027963999244902, 0.4943322108851539, 0.49579355120658875, 0.4915381256077025, 0.48817315532101524, 0.48520222968525356, 0.484691858291626, 0.4875239117277993, 0.4826344798008601, 0.48397330111927456, 0.4809619536002477, 0.4828861769702699, 0.48108700745635563, 0.4802272998624378, 0.47909286618232727, 0.47779542869991726, 0.4758213510115941, 0.4804067843490177, 0.4816232555442386, 0.4755600525273217, 0.4776828951305813, 0.4761427226993773, 0.4771541919973161, 0.4756692349910736, 0.4761953271097607, 0.4754192994700538, 0.4754752781656053, 0.474068745970726, 0.47278447614775765, 0.47342147595352596, 0.47089259492026436, 0.4706588470273548, 0.46768994629383087, 0.47123637629879844, 0.47144334349367356, 0.46885687443945145, 0.46931860513157314, 0.46651362876097363, 0.46664843294355607, 0.4656977636946572, 0.4642078032096227, 0.4644210818741057, 0.4640251265631782, 0.4657171004348331, 0.4638186941544215, 0.46353843642605674, 0.4621713658173879, 0.46154551870293087, 0.46044016049967873, 0.46136434376239777, 0.4605560501416524, 0.46188536120785606, 0.4598597056335873, 0.4606957071357303, 0.4607546693748898, 0.45871029297510785, 0.45695755547947353, 0.4578966067896949], "val_loss": [0.6954982727766037, 0.672663614153862, 0.6514815539121628, 0.6344033628702164, 0.6139362305402756, 0.5975683331489563, 0.579359844326973, 0.567786380648613, 0.5541089177131653, 0.5476468205451965, 0.5377620086073875, 0.5358887761831284, 0.5349265336990356, 0.5273542329668999, 0.5284275561571121, 0.5273851379752159, 0.5216804668307304, 0.5220017209649086, 0.5183528289198875, 0.5217935815453529, 0.5211633816361427, 0.5188179239630699, 0.5145326405763626, 0.5129415392875671, 0.525658555328846, 0.520560584962368, 0.5144118666648865, 0.5148634240031242, 0.5125355869531631, 0.5099014788866043, 0.5133429020643234, 0.512407511472702, 0.516337089240551, 0.5088015422224998, 0.5114235430955887, 0.5142682790756226, 0.5167302191257477, 0.5124397203326225, 0.5105669423937798, 0.5118986517190933, 0.5099351555109024, 0.508393295109272, 0.5140908062458038, 0.5156558081507683, 0.510720357298851, 0.5140408575534821, 0.5147387906908989, 0.5104078203439713, 0.5111608430743217, 0.5096386522054672, 0.5121190398931503, 0.506982609629631, 0.5104237422347069, 0.5089235678315163, 0.5174762532114983, 0.5133628323674202, 0.5120224058628082, 0.5169262662529945, 0.5092976540327072, 0.511079341173172, 0.5132160484790802, 0.5025927424430847, 0.5093331858515739, 0.5217477679252625, 0.5112498328089714, 0.5155996754765511, 0.5137353166937828, 0.5119947493076324, 0.5057720616459846, 0.5146548673510551, 0.511013813316822, 0.5151769891381264]}