{"best_val": 0.5245090425014496, "train_loss": [0.7900659110811021, 0.7600441111458672, 0.735205160246955, 0.7140307989385393, 0.697532100809945, 0.6828219725026025, 0.6686926682790121, 0.6562566591633691, 0.6435193220774332, 0.6301263637012906, 0.617532985077964, 0.602352648973465, 0.5869649648666382, 0.5713300440046523, 0.553774850236045, 0.5387012263139089, 0.5272097405460145, 0.517744802766376, 0.5112329920132955, 0.5066699385643005, 0.501938208937645, 0.501386304696401, 0.4980826394425498, 0.4958110799392064, 0.49341244830025566, 0.49557214975357056, 0.49286795655886334, 0.49220923251575893, 0.4885192745261722, 0.4891187134716246, 0.486429911520746, 0.48408907486332786, 0.48221975399388206, 0.4804535855849584], "val_loss": [0.7499537616968155, 0.7330232858657837, 0.7145706117153168, 0.6983400583267212, 0.6828389763832092, 0.6700957417488098, 0.6579790711402893, 0.6463391035795212, 0.6330915689468384, 0.6235979944467545, 0.6087585985660553, 0.5932751595973969, 0.5796864181756973, 0.5700493156909943, 0.5597902238368988, 0.5498561263084412, 0.548808753490448, 0.5379683002829552, 0.5369736552238464, 0.5408475622534752, 0.5367165505886078, 0.535166971385479, 0.5341568887233734, 0.5245090425014496, 0.5300789177417755, 0.5344679951667786, 0.532829612493515, 0.5327829271554947, 0.5277058184146881, 0.5278550758957863, 0.5383844301104546, 0.5270421504974365, 0.5338923931121826, 0.525360107421875]}