{"best_val": 0.49599701166152954, "train_loss": [0.7500120633178287, 0.7275131079885695, 0.7053080168035295, 0.6820247438218858, 0.6583632826805115, 0.6330459912618002, 0.6105863087707095, 0.5910972025659349, 0.5744571520222558, 0.5604009131590525, 0.5482721659872267, 0.5378201504548391, 0.531517098347346, 0.5231089691321055, 0.5166024731265174, 0.5099109262228012, 0.5086297425958846, 0.5037117037508223, 0.5008238404989243, 0.49769677056206596, 0.4984262039264043, 0.49804069267378914, 0.4940182152721617, 0.49395082394282025, 0.49411088393794167, 0.4908939037058089, 0.4929491612646315, 0.48751626080936855, 0.4867875277996063, 0.48888275358412003, 0.49247540202405715, 0.4862382941775852, 0.4851269308063719, 0.48897465732362533, 0.4858410689565871, 0.4819451504283481, 0.48337506916787887, 0.4814664489693112, 0.4844067460960812, 0.48314327663845485, 0.4827349583307902, 0.4839231057299508, 0.48351728750599754, 0.4821853306558397, 0.4827606976032257, 0.4827139791515138, 0.4816329777240753, 0.4820833173063066, 0.47816791633764905, 0.47896653910477954, 0.48015132711993325, 0.48137982686360675, 0.4820108728276359, 0.4808787637286716, 0.4783646828598446, 0.4794711901081933, 0.47384166055255467, 0.480424713757303, 0.4793351391951243, 0.47952089210351306, 0.47796188957161373, 0.478203672501776, 0.4800982077916463, 0.47702111469374764, 0.47840195066399044, 0.4768323434723748, 0.47746867603725857, 0.4721192601654265, 0.4759125941329532, 0.4769824925396178, 0.48026895854208207, 0.475342979033788, 0.4756925702095032, 0.4788850661781099, 0.4757565309604009, 0.47294286721282536, 0.4737329383691152, 0.47402871317333645, 0.4738330278131697, 0.47420676714844173, 0.47487769027551013, 0.47528958982891506, 0.47521550622251296, 0.4728507979048623, 0.4731467415889104, 0.4734134789970186, 0.4757676919301351, 0.47076209220621323, 0.47097427315182155], "val_loss": [0.7483931332826614, 0.7309833317995071, 0.7107899785041809, 0.6896402388811111, 0.6675101667642593, 0.6439104974269867, 0.6257516443729401, 0.6053790003061295, 0.5913353562355042, 0.5778321474790573, 0.561651811003685, 0.5539329648017883, 0.5426041334867477, 0.5402219891548157, 0.5338243693113327, 0.5360204949975014, 0.5290881246328354, 0.5274687111377716, 0.5234535932540894, 0.5218177661299706, 0.5156417042016983, 0.5194266363978386, 0.5157734155654907, 0.5102432519197464, 0.5122511833906174, 0.5143232941627502, 0.5098950043320656, 0.5140068680047989, 0.5134441033005714, 0.5071506053209305, 0.5059003829956055, 0.5127203240990639, 0.5083422064781189, 0.5060816332697868, 0.5036674663424492, 0.5090442299842834, 0.5062796324491501, 0.5111309960484505, 0.5136618837714195, 0.5057868361473083, 0.5054904073476791, 0.5115049481391907, 0.5032629072666168, 0.5081124603748322, 0.5061540454626083, 0.502765953540802, 0.5036820843815804, 0.5113729983568192, 0.5131998658180237, 0.5074882730841637, 0.5133829563856125, 0.5083857402205467, 0.5069121792912483, 0.5154929608106613, 0.5045126974582672, 0.502636544406414, 0.5078587904572487, 0.5041654035449028, 0.5075272619724274, 0.5016897097229958, 0.5041716769337654, 0.5009736493229866, 0.5047140344977379, 0.5005862638354301, 0.5070032849907875, 0.5054955631494522, 0.5017421692609787, 0.5010999888181686, 0.5050050988793373, 0.5051285177469254, 0.5045311599969864, 0.5058749616146088, 0.5036791786551476, 0.5001594051718712, 0.498791940510273, 0.5054848417639732, 0.5074654519557953, 0.49934616684913635, 0.49599701166152954, 0.5022662058472633, 0.5026951134204865, 0.5021406039595604, 0.5108383223414421, 0.5051975324749947, 0.5041628554463387, 0.49972303956747055, 0.5067615211009979, 0.5063975751399994, 0.5058513507246971]}