{"best_val": 0.4771141782402992, "train_loss": [0.723578413327535, 0.7216426995065477, 0.7195431093374888, 0.7174666755729251, 0.7154547936386533, 0.7135912179946899, 0.7113953133424123, 0.70908256371816, 0.7067199481858147, 0.7044269740581512, 0.7020554641882578, 0.6995850602785746, 0.6972062951988645, 0.6945048007700179, 0.6919189261065589, 0.689012693034278, 0.6860532363255819, 0.6828675601217482, 0.6797823276784685, 0.6764699849817488, 0.672882593340344, 0.6690714160601298, 0.6655301551024119, 0.6616317828496298, 0.6578998267650604, 0.6535523004002042, 0.6501986549960243, 0.6454480720890893, 0.6420887576209174, 0.6370728347036574, 0.6330916517310672, 0.6289657221900092, 0.6247848239209917, 0.6204569240411123, 0.6161478890313042, 0.6112962000899844, 0.606786353720559, 0.60354040728675, 0.597578141424391, 0.593536956442727, 0.5880105064974891, 0.5846407678392198, 0.5799803998735216, 0.5749271909395853, 0.572948180966907, 0.568370047542784, 0.568061457739936, 0.5645095606644949, 0.5625603927506341, 0.5585614144802094, 0.5565788331958983, 0.5560766425397661, 0.556554764509201, 0.5517495622237524, 0.5502491974168353, 0.5499521742264429, 0.5465177098910013, 0.5465149879455566, 0.5461049460702472, 0.5452065252595477, 0.5455989258156883, 0.5425525357325872, 0.5397627254327139, 0.5403734594583511, 0.5383286790715324, 0.5390957312451469, 0.5400949236419466, 0.5385922524664137, 0.535456625951661, 0.5384437474939558, 0.5346725136041641, 0.5358404782083299, 0.5332319289445877, 0.532003766960568, 0.5310831185844209, 0.5316622936063342, 0.531272206041548, 0.529888316988945, 0.5319461094008552, 0.5306296861833997, 0.5284321126010683, 0.5282360199424956, 0.5295484397146437, 0.5280718853076299, 0.5284058137072457, 0.5256399893098407, 0.5236001329289542, 0.5257153875297971, 0.5237916078832414, 0.5233462850252787, 0.5239192081822289, 0.5198763493034575, 0.523384658826722, 0.5209635446468989, 0.5235777480734719, 0.5195168207089106, 0.5202744636270735, 0.520169648859236, 0.51957877808147, 0.5191855712069405, 0.5196369588375092, 0.5208324491977692, 0.5183949089712567, 0.5191472056839201, 0.5192761421203613, 0.5181071675486035, 0.517561137676239, 0.5196732663446002, 0.518728471464581, 0.519239968723721, 0.5186183916197883, 0.5163332786824968, 0.5154106418291727, 0.5173162370920181, 0.5175014833609263, 0.5169631756014295, 0.5158981680870056, 0.515542522072792, 0.5159236407942243, 0.5156528486145867, 0.514200187391705, 0.5133056607511308, 0.5123710201846229, 0.5151117609606849, 0.5141793373558257, 0.5121600561671786, 0.5144798672861524, 0.5127230021688673, 0.5162068969673581, 0.5156571583615409, 0.5132583959235085, 0.512485436267323, 0.5104164878527323, 0.5138701647520065, 0.5128572434186935, 0.5147326257493761, 0.5134464121527142, 0.5113084465265274, 0.5123120215204027, 0.513701543211937, 0.5109237962298923], "val_loss": [0.7259040325880051, 0.7231361716985703, 0.7215254306793213, 0.7191145867109299, 0.7161603271961212, 0.7142336517572403, 0.7117605656385422, 0.7091734409332275, 0.7068290710449219, 0.7039694786071777, 0.7014683783054352, 0.698662206530571, 0.6957782059907913, 0.6929904371500015, 0.6899735927581787, 0.686606764793396, 0.6830315291881561, 0.6796486377716064, 0.6759048700332642, 0.6717900186777115, 0.6686365604400635, 0.6638582497835159, 0.6589883863925934, 0.6546328216791153, 0.6518015265464783, 0.6459769308567047, 0.6421228647232056, 0.6383263766765594, 0.6313526183366776, 0.6274470835924149, 0.6223252862691879, 0.6186787188053131, 0.6145841479301453, 0.6074960827827454, 0.6009042710065842, 0.5973089337348938, 0.5921249091625214, 0.5875184088945389, 0.5855889618396759, 0.577406719326973, 0.5730871111154556, 0.5648056864738464, 0.5607336461544037, 0.5555533766746521, 0.5522545874118805, 0.5466224700212479, 0.5433831661939621, 0.5412486046552658, 0.5396790057420731, 0.5367849320173264, 0.5340170711278915, 0.5338343530893326, 0.5298304259777069, 0.5307483524084091, 0.5247983336448669, 0.521157905459404, 0.5235890820622444, 0.522646114230156, 0.5205919593572617, 0.5203293710947037, 0.5153087601065636, 0.5199668928980827, 0.5167887881398201, 0.5153959318995476, 0.5073964968323708, 0.5124081820249557, 0.5083386898040771, 0.514741562306881, 0.5068627819418907, 0.5087697207927704, 0.5038116350769997, 0.5034427642822266, 0.5066270306706429, 0.4998702183365822, 0.5036833062767982, 0.5012294128537178, 0.49709711223840714, 0.5021682232618332, 0.49887023866176605, 0.49791841953992844, 0.5021501258015633, 0.4962724670767784, 0.5001860111951828, 0.5061384737491608, 0.4989478662610054, 0.5062835067510605, 0.49557170271873474, 0.49228885769844055, 0.4926863983273506, 0.4985790029168129, 0.49033017456531525, 0.49351974576711655, 0.501473069190979, 0.501923143863678, 0.48750318586826324, 0.4897761195898056, 0.49000710994005203, 0.48496994376182556, 0.48764435946941376, 0.49486299604177475, 0.4967423975467682, 0.4902008846402168, 0.48946984112262726, 0.4856785908341408, 0.4885322377085686, 0.4842696785926819, 0.4840378537774086, 0.49004896730184555, 0.4884287044405937, 0.4897131770849228, 0.48876965790987015, 0.48097532242536545, 0.4856698289513588, 0.487439401447773, 0.48503605276346207, 0.48056473582983017, 0.48287487775087357, 0.4869438111782074, 0.4842747151851654, 0.4877360537648201, 0.47990571707487106, 0.4814601391553879, 0.48229220509529114, 0.48274997621774673, 0.48269958794116974, 0.48931244015693665, 0.4787158891558647, 0.4824794828891754, 0.48510193824768066, 0.4801553189754486, 0.4771141782402992, 0.48054089397192, 0.48425620794296265, 0.48103519529104233, 0.47885116934776306, 0.47784169763326645, 0.47930745780467987, 0.48198409378528595, 0.4812004864215851, 0.48256655037403107, 0.4781152456998825]}