{"best_val": 0.4606587067246437, "train_loss": [0.7260858979490068, 0.6984833313359154, 0.6693821350733439, 0.6338910791609023, 0.5905793805917104, 0.5473677068948746, 0.5180880692270067, 0.5049202905760871, 0.4907863024208281, 0.48645298514101243, 0.4830369104941686, 0.47434259288840824, 0.4760127166906993, 0.47470928563012016, 0.47164717151059043, 0.4730936719311608, 0.4688084340757794, 0.4661514146460427, 0.46545420752631295, 0.46590861512555015, 0.46442121267318726, 0.46408261193169487, 0.46496809853447807, 0.46428115169207257, 0.4622077825996611, 0.46194230020046234, 0.4622250696023305, 0.46220111350218457, 0.46053386562400395], "val_loss": [0.707182765007019, 0.6818848252296448, 0.6508651971817017, 0.6114169061183929, 0.5676222294569016, 0.5453321188688278, 0.5277028381824493, 0.5051098093390465, 0.5112070143222809, 0.49525847285985947, 0.4876388609409332, 0.4851122424006462, 0.4773217812180519, 0.47920219600200653, 0.4726015478372574, 0.4680657982826233, 0.46630753576755524, 0.46740080416202545, 0.4606587067246437, 0.47908440232276917, 0.4673639237880707, 0.46818331629037857, 0.46642278134822845, 0.46678147464990616, 0.4673699736595154, 0.4650230258703232, 0.46523939818143845, 0.4654127433896065, 0.4641411080956459]}