{"best_val": 0.48099592328071594, "train_loss": [0.6398860249254439, 0.6196934613916609, 0.6033840444352891, 0.589442339208391, 0.5728457536962297, 0.556198924779892, 0.5447908788919449, 0.530184472600619, 0.5169092135296928, 0.5090903490781784, 0.4981728560394711, 0.49109648499223924, 0.4875820130109787, 0.4836440202262666, 0.4803814689318339, 0.4745347847541173, 0.4733853687842687, 0.4707915584246318, 0.467126253578398, 0.46436194247669643, 0.46534257464938694, 0.46131907237900627, 0.4628239158127043, 0.46152133411831325, 0.45870856278472477, 0.45881594717502594, 0.456643960542149, 0.45951355000336963, 0.461038707031144, 0.4576174881723192, 0.4556766003370285, 0.45519977311293286, 0.45232763555314803, 0.4514545930756463, 0.4523511015706592, 0.45238692396216923, 0.4531602942281299, 0.45117757055494523, 0.45136502550707924, 0.45103034045961166, 0.44720171723100877, 0.4486137181520462, 0.4469269398185942, 0.4487825218174193, 0.44502683480580646, 0.44494295285807717, 0.44857968224419487, 0.44959791666931576, 0.4459193531009886, 0.4477207809686661, 0.44353513419628143, 0.44433239267932045, 0.4450189570585887, 0.4444563455051846, 0.4439490752087699, 0.44161469903257156, 0.44220861626995933, 0.4455903487073051, 0.44430642161104417, 0.4436757051282459, 0.4407395472129186, 0.4451086041000154, 0.4434167825513416, 0.44116678171687657], "val_loss": [0.632400244474411, 0.620936930179596, 0.605995237827301, 0.5913172662258148, 0.5767253786325455, 0.5647419989109039, 0.5558992624282837, 0.53917096555233, 0.5359182432293892, 0.5235244259238243, 0.5198550671339035, 0.513040117919445, 0.5117868855595589, 0.5086110755801201, 0.5054599046707153, 0.5057154595851898, 0.5046792924404144, 0.5000705048441887, 0.4995984807610512, 0.499382384121418, 0.4939432591199875, 0.4960950091481209, 0.5020216628909111, 0.495526485145092, 0.4989255517721176, 0.5044559463858604, 0.4914861395955086, 0.49666713178157806, 0.49043694883584976, 0.4979957416653633, 0.496689572930336, 0.4887115880846977, 0.4908202663064003, 0.4933054894208908, 0.4944066107273102, 0.49220629036426544, 0.4903852343559265, 0.486295647919178, 0.49439457803964615, 0.48970727622509, 0.48894714564085007, 0.48933055251836777, 0.48806454986333847, 0.4869323670864105, 0.4923013746738434, 0.48391279578208923, 0.49216408282518387, 0.4889712482690811, 0.4869832247495651, 0.49902962893247604, 0.4856696352362633, 0.48502545803785324, 0.48570460826158524, 0.48099592328071594, 0.49715881794691086, 0.4823196306824684, 0.48736240714788437, 0.4904971867799759, 0.48473185300827026, 0.490295872092247, 0.4907563850283623, 0.4925466403365135, 0.4897298663854599, 0.48364436626434326]}