{"best_val": 0.491515576839447, "train_loss": [0.7013097935252719, 0.6985110342502594, 0.6956948637962341, 0.6928675538963742, 0.6900307536125183, 0.687164694070816, 0.6841623153951433, 0.6815436681111654, 0.6782109472486708, 0.6751134395599365, 0.6716292070017921, 0.6682115230295393, 0.6647674573792351, 0.6605403820673624, 0.6568122141891055, 0.6520469023121728, 0.6471440394719442, 0.6428793403837416, 0.6377856731414795, 0.6317132612069448, 0.6255032221476237, 0.6204972267150879, 0.6135524842474196, 0.60623499751091, 0.5991417500707839, 0.5925569600529141, 0.5861184961265988, 0.5786819590462579, 0.5718132886621687, 0.5650830566883087, 0.5586355527242025, 0.5524226658874087, 0.5492033428615994, 0.5441137055555979, 0.5362574226326413, 0.530922199289004, 0.5270967533191045, 0.5219566706154082, 0.5209851149055693, 0.51662544409434, 0.5139235291216109, 0.510255346695582, 0.5083357840776443, 0.5055317911836836, 0.5041761365201738, 0.49841899673144024, 0.5008567389514711, 0.4963495383659999, 0.4951452629433738, 0.49296166168318856, 0.4900474962260988, 0.4886704650190141, 0.48411353429158527, 0.48434135648939347, 0.48260894417762756, 0.48135535584555733, 0.47890327705277336, 0.47811370094617206, 0.477514139480061, 0.4778702523973253, 0.47759170830249786, 0.4737306849824058, 0.47479022708204055, 0.4713599367274178, 0.4728897660970688, 0.46872395939297146, 0.4714675181441837, 0.46912837856345707, 0.4688608646392822, 0.46621161368158126, 0.4681807607412338, 0.46487217313713497, 0.46602072318394977, 0.466272513071696, 0.4683155765136083, 0.4657056083281835, 0.462999078962538, 0.4648928973409865, 0.4630105925930871, 0.46340005927615696, 0.4608615007665422, 0.46346374683909947, 0.4655594709846709, 0.4595085382461548, 0.46297776367929244, 0.45899077587657505, 0.46077480912208557, 0.45978911055458915, 0.45979440708955127, 0.45689428349335987, 0.4615085572004318, 0.4574957920445336], "val_loss": [0.6992814838886261, 0.6966602504253387, 0.6939868181943893, 0.6913049072027206, 0.6886562258005142, 0.6859907656908035, 0.6834552884101868, 0.680103525519371, 0.6780194342136383, 0.6744614392518997, 0.6713654100894928, 0.6677962243556976, 0.6640918552875519, 0.6601449996232986, 0.6568495780229568, 0.6533113270998001, 0.6483428776264191, 0.6439436674118042, 0.6381762325763702, 0.6328611671924591, 0.6291439086198807, 0.6212097257375717, 0.615144357085228, 0.6101861298084259, 0.6038878411054611, 0.592334434390068, 0.5898304283618927, 0.5844224989414215, 0.5777207463979721, 0.5743957906961441, 0.5660352557897568, 0.5639868378639221, 0.5558406859636307, 0.5564777255058289, 0.5521707236766815, 0.5484969764947891, 0.5437861680984497, 0.5403043180704117, 0.5347909405827522, 0.5397820696234703, 0.534414641559124, 0.5328199863433838, 0.5286873504519463, 0.5208496302366257, 0.52322918176651, 0.5262423232197762, 0.520205557346344, 0.5253220349550247, 0.5230652838945389, 0.5213556066155434, 0.524153359234333, 0.5176967978477478, 0.513292632997036, 0.51740512996912, 0.506267286837101, 0.5106445699930191, 0.5100206881761551, 0.5144031345844269, 0.5119779780507088, 0.5054954141378403, 0.5095615312457085, 0.5060122534632683, 0.5043369382619858, 0.5060216411948204, 0.5060984939336777, 0.5068875700235367, 0.5060540661215782, 0.5044299438595772, 0.5015103295445442, 0.500387392938137, 0.5021332055330276, 0.5073290914297104, 0.5040186643600464, 0.5073773711919785, 0.5032453238964081, 0.5067569985985756, 0.49952491372823715, 0.5026584342122078, 0.5017766281962395, 0.49827326089143753, 0.5060189291834831, 0.491515576839447, 0.5051427781581879, 0.5029277876019478, 0.4971557855606079, 0.49925746768713, 0.501850388944149, 0.5048176497220993, 0.4936276748776436, 0.5004109367728233, 0.49640119820833206, 0.5023277029395103]}