{"best_val": 0.4749172255396843, "train_loss": [0.729034360912111, 0.7076058122846816, 0.6857187151908875, 0.6666536761654748, 0.6466121243105994, 0.6280249489678277, 0.6146193047364553, 0.6018010742134519, 0.5938455793592665, 0.5838770601484511, 0.5760974453555213, 0.5668894681665633, 0.5634078284104665, 0.5590062455998527, 0.5521885686450534, 0.5520501269234551, 0.5480599900086721, 0.5477774126662148, 0.5451253089639876, 0.5442061755392287, 0.543083002169927, 0.5404282907644907, 0.5388316280312009, 0.5391436053646935, 0.5390168693330553, 0.5366314599911371, 0.5371642642550998, 0.5327948364946578, 0.5328929854763879, 0.5326216618220011, 0.5321100950241089, 0.5316419468985664, 0.5286023765802383, 0.5313443889220556, 0.5288713541295793, 0.5280914571550157, 0.5284716354476081, 0.5253254241413541, 0.5253414263327917, 0.5260719524489509, 0.5249067296584448, 0.5240189135074615, 0.526051691836781, 0.5254271096653409, 0.5207901580466164, 0.5235116846031613, 0.5234550403224097, 0.5202102892928653, 0.5194824172390832, 0.5211614353789223, 0.5222688085503049, 0.5181818985276752, 0.5197106434239281, 0.5165177633364996, 0.5166198958953222, 0.515972375869751, 0.5155742516120275, 0.5146817382838991, 0.516467864314715, 0.5158401727676392, 0.5128729426198535, 0.5182501243220435, 0.515733109580146, 0.5156192282835642, 0.5140006293853124, 0.5115342686573664, 0.511132698920038, 0.5126190433899561, 0.5092671894364886, 0.512896748052703, 0.5119205779499478, 0.5117575923601786, 0.5089072701003816, 0.5083343419763777, 0.5108294536670049, 0.5094579027758704, 0.5083774907721413, 0.5085491720173094, 0.506451729271147, 0.5080118493901359, 0.5065739668077893, 0.5054586993323432, 0.5081901335053973, 0.5055350710948309, 0.5064081185393863, 0.5059805181291368, 0.5086755106846491, 0.5058000402318107, 0.5056516114208434, 0.5088647272851732, 0.5048628664678998, 0.5049473577075534, 0.5025829871495565], "val_loss": [0.6679698526859283, 0.6521330922842026, 0.6387616991996765, 0.6222958266735077, 0.6053867489099503, 0.5867574065923691, 0.5729530453681946, 0.5592021346092224, 0.5495063066482544, 0.538761705160141, 0.5348344966769218, 0.520758181810379, 0.5156783238053322, 0.5168514549732208, 0.5062230452895164, 0.5080460533499718, 0.5081936046481133, 0.5055887997150421, 0.5027866065502167, 0.5063908472657204, 0.4997268170118332, 0.5074991807341576, 0.5030122622847557, 0.500548467040062, 0.4983106926083565, 0.4993947297334671, 0.4956221431493759, 0.4978221282362938, 0.49864526838064194, 0.4999086633324623, 0.49616119265556335, 0.4983927682042122, 0.4933042526245117, 0.4899642542004585, 0.49504031985998154, 0.496577687561512, 0.4920007586479187, 0.4885176494717598, 0.4932969734072685, 0.49190474301576614, 0.49584508687257767, 0.4870813116431236, 0.4882359579205513, 0.4912017732858658, 0.4894953668117523, 0.49476300925016403, 0.4905764311552048, 0.4888167902827263, 0.48464740067720413, 0.490669921040535, 0.4890470579266548, 0.48254527151584625, 0.4881834164261818, 0.4861481636762619, 0.4809875786304474, 0.48880965262651443, 0.49103008210659027, 0.487612247467041, 0.48752398043870926, 0.48364779353141785, 0.47919781506061554, 0.48260823637247086, 0.4812866821885109, 0.4835878536105156, 0.4874242693185806, 0.48635540902614594, 0.48453905433416367, 0.48315973579883575, 0.47757749259471893, 0.4863629788160324, 0.48405981063842773, 0.4840303510427475, 0.4792824909090996, 0.4786176458001137, 0.483077272772789, 0.47604434937238693, 0.48052243143320084, 0.48144905269145966, 0.477748803794384, 0.4797879084944725, 0.48045551776885986, 0.47510816901922226, 0.4749172255396843, 0.4787630960345268, 0.4801795929670334, 0.4811733365058899, 0.4816608801484108, 0.4787924066185951, 0.4830482751131058, 0.47882129997015, 0.4783974140882492, 0.48414167016744614, 0.4763244017958641]}