{"best_val": 0.4679393321275711, "train_loss": [0.7670313715934753, 0.7388298975096809, 0.7112841539912753, 0.6848276555538177, 0.6572075684865316, 0.6286563376585642, 0.5994794004493289, 0.5730465849240621, 0.5491073760721419, 0.5262078295151392, 0.5134634690152274, 0.5036305785179138, 0.4932994710074531, 0.4926222877369987, 0.48768846193949383, 0.4848773015869988, 0.48303959435886806, 0.48073235816425747, 0.47649864190154606, 0.4767169886165195, 0.47796504696210224, 0.4734993361764484, 0.47488279309537673, 0.4728754030333625, 0.4744717429081599, 0.4748419142431683, 0.47285349667072296, 0.4757094813717736, 0.47269465194808113, 0.472415460480584, 0.4709089828862084, 0.4701941129234102, 0.4717928303612603, 0.4685375276539061, 0.46978071000840926, 0.4709524280495114, 0.4697726137108273, 0.47014106313387555, 0.4683024237553279, 0.4665070176124573, 0.46824392510784996, 0.465485789709621, 0.46557019816504586, 0.4670938187175327, 0.4669502940442827, 0.46659302711486816, 0.4651750524838765, 0.4653662343819936, 0.4662586583031548, 0.46656397150622475, 0.4659417039818234, 0.463274758723047, 0.46506259673171574, 0.4657169133424759, 0.4629221492343479, 0.46599799394607544, 0.4633939862251282, 0.462386570043034, 0.46499494711558026, 0.46411671737829846, 0.45991874900129104, 0.46175605224238503, 0.4631909827391307, 0.4604271484745873, 0.4617309603426192, 0.4613755792379379, 0.4620549264881346, 0.46060024201869965, 0.46301083266735077, 0.46132875482241315, 0.4621751225656933, 0.4597356037961112, 0.460393907295333, 0.4595460742712021, 0.4605422599448098, 0.4591318700048659], "val_loss": [0.7424785196781158, 0.7169487029314041, 0.6913685202598572, 0.6672472804784775, 0.6382797956466675, 0.6129473000764847, 0.5840587615966797, 0.5639224797487259, 0.5446018874645233, 0.5261467471718788, 0.5182483717799187, 0.5100665837526321, 0.5080841407179832, 0.5054619610309601, 0.49919543415308, 0.501932255923748, 0.4960007593035698, 0.4960927218198776, 0.49509279429912567, 0.49504615366458893, 0.49358224123716354, 0.49134743958711624, 0.49081434309482574, 0.49468735605478287, 0.490656241774559, 0.48051080107688904, 0.484878733754158, 0.4902475103735924, 0.4897460862994194, 0.4853290319442749, 0.4918273612856865, 0.4840322211384773, 0.48667802661657333, 0.48582495748996735, 0.48037078976631165, 0.4859541207551956, 0.48559436947107315, 0.4850107505917549, 0.4815429300069809, 0.4808683842420578, 0.48447858542203903, 0.4797988459467888, 0.4808960258960724, 0.4880504310131073, 0.4841678664088249, 0.48020143806934357, 0.47251249104738235, 0.48233984410762787, 0.4834509417414665, 0.48519304394721985, 0.4858052134513855, 0.4839789792895317, 0.4827861934900284, 0.47918038070201874, 0.4767405465245247, 0.4837914854288101, 0.46922972798347473, 0.48002712428569794, 0.4804678186774254, 0.479700542986393, 0.47568292170763016, 0.47401977330446243, 0.47480399906635284, 0.48184605687856674, 0.47498560696840286, 0.4679393321275711, 0.47970564663410187, 0.4809954836964607, 0.4715043678879738, 0.47293324768543243, 0.4787420332431793, 0.4711376205086708, 0.4751245304942131, 0.4743639603257179, 0.4764256104826927, 0.4749826192855835]}