{"best_val": 0.4773313105106354, "train_loss": [0.7533387541770935, 0.7436031334929996, 0.7351446151733398, 0.7253579199314117, 0.7136502265930176, 0.6994409494929843, 0.68468220366372, 0.6670546730359396, 0.6478586826059554, 0.6275201174947951, 0.6075517767005496, 0.5842831134796143, 0.5640378031465743, 0.5465294520060221, 0.5321838739845488, 0.5198095026943419, 0.5121815221177207, 0.501806883348359, 0.4953991191254722, 0.4935653143458896, 0.4856610248486201, 0.4852311395936542, 0.4780235191186269, 0.47595788372887504, 0.4706701636314392, 0.46787577701939476, 0.4670373929871453, 0.46332501206133103, 0.46312373214297825, 0.4616720378398895, 0.45925940573215485, 0.45706864363617367, 0.45652249621020424, 0.45642392171753776, 0.45277634097470176, 0.45430556270811295, 0.45413149231010014, 0.45158490704165566, 0.45403609838750625, 0.4502264873849021, 0.453137594792578, 0.4507525596353743, 0.4556449486149682, 0.4545581390460332, 0.44667675097783405, 0.44898517098691726, 0.4465396884414885, 0.44939600427945453], "val_loss": [0.7363980710506439, 0.7270118594169617, 0.7185970544815063, 0.7103593200445175, 0.6986252516508102, 0.6846690624952316, 0.669948622584343, 0.6546791642904282, 0.6359853297472, 0.6161297261714935, 0.5979210734367371, 0.5782364308834076, 0.5623857229948044, 0.5495112836360931, 0.5367553681135178, 0.5280163437128067, 0.5145410895347595, 0.5153748244047165, 0.5104496404528618, 0.5115088745951653, 0.509430967271328, 0.5021379739046097, 0.49855075031518936, 0.5015443861484528, 0.49831606447696686, 0.5010353699326515, 0.4901330694556236, 0.4970928505063057, 0.4922221824526787, 0.4917892813682556, 0.49172039330005646, 0.4913761392235756, 0.4950943738222122, 0.4918583631515503, 0.48880617320537567, 0.4917096123099327, 0.48899441957473755, 0.4773313105106354, 0.48150768876075745, 0.49043086916208267, 0.49623969197273254, 0.49369312822818756, 0.4914058595895767, 0.4954471066594124, 0.4914557710289955, 0.49219171702861786, 0.4884410426020622, 0.48559971898794174]}