{"best_val": 0.4726123735308647, "train_loss": [0.681699620352851, 0.6549826794200473, 0.6264397435718112, 0.5934767226378123, 0.5571146541171603, 0.5316896521382861, 0.5157777220010757, 0.5034688429700004, 0.4977061798175176, 0.4938093142377006, 0.4924114445845286, 0.4868125336037742, 0.48497818741533494, 0.4814786497089598, 0.484285702308019, 0.4818991157743666, 0.48277943001853096, 0.4778099043501748, 0.4797174036502838, 0.4769906948010127, 0.47630058063401115, 0.47866884039507973, 0.4737054606278737, 0.47310097846719956, 0.4733258883158366, 0.47331440448760986, 0.4696553515063392, 0.4702784021695455], "val_loss": [0.6688210666179657, 0.6420333832502365, 0.6096080094575882, 0.570909783244133, 0.5410439372062683, 0.5188584476709366, 0.5068514719605446, 0.4991322532296181, 0.4905393123626709, 0.49192801862955093, 0.4897152706980705, 0.48913905024528503, 0.4870488941669464, 0.4894074276089668, 0.48199424147605896, 0.48156341165304184, 0.4755697175860405, 0.4726123735308647, 0.47898267209529877, 0.47579971700906754, 0.4774029403924942, 0.4727182909846306, 0.4733606055378914, 0.47386015951633453, 0.48515184223651886, 0.47960633784532547, 0.4741353541612625, 0.4782145395874977]}