{"best_val": 0.46608343720436096, "train_loss": [0.7679635418785943, 0.7489359147018857, 0.7318155136373308, 0.7157241139147017, 0.6991484827465482, 0.6824007895257738, 0.667228016588423, 0.6516223351160685, 0.6342891024218665, 0.6172307795948453, 0.5980167157120175, 0.579776848355929, 0.5680088996887207, 0.5545603666040633, 0.54387167096138, 0.537035153971778, 0.528500548667378, 0.5228962815470166, 0.5210670530796051, 0.516334667801857, 0.5143770674864451, 0.5107803096373876, 0.5106966743866602, 0.5092774199114906, 0.5035934299230576, 0.5033236708905962, 0.5044228169653151, 0.49809257686138153, 0.49972520603073967, 0.49993105232715607, 0.49846720033221775, 0.49792015221383834, 0.49856236080328625, 0.4951418439547221, 0.4936484860049354, 0.49363145728905994, 0.494408067729738, 0.49110861784882015, 0.4948998275730345, 0.4940702021121979, 0.4918337944481108, 0.4914375725719664, 0.4916253834962845, 0.4875377317269643, 0.488346247209443, 0.4872408029105928, 0.4868125683731503, 0.48558732204967076, 0.4897476202911801, 0.4865901470184326, 0.48838723533683354, 0.48479073080751633, 0.48316211501757306, 0.484787298573388, 0.48210594885879093, 0.48503853877385456, 0.4834417617983288, 0.4848634898662567, 0.48005029724703896, 0.4806213412019942, 0.48302634557088214, 0.4825732575522529, 0.48438044720225865, 0.47981833087073433, 0.4787426342566808, 0.48076503972212475], "val_loss": [0.7229171991348267, 0.7082701474428177, 0.6969295740127563, 0.6851001381874084, 0.6705144047737122, 0.6572984755039215, 0.641916960477829, 0.6272169500589371, 0.6114161312580109, 0.5942969620227814, 0.5764620751142502, 0.5589831471443176, 0.5470021218061447, 0.5331924483180046, 0.5260291993618011, 0.5236363559961319, 0.5171190872788429, 0.5136963278055191, 0.5078735500574112, 0.5008109658956528, 0.5012472197413445, 0.4951043128967285, 0.48977428674697876, 0.4938488081097603, 0.492602676153183, 0.48727189749479294, 0.4902798607945442, 0.4964197129011154, 0.4885381683707237, 0.4832456186413765, 0.4868845269083977, 0.4814101681113243, 0.48502258211374283, 0.4825790002942085, 0.4827961325645447, 0.4799690842628479, 0.4769071713089943, 0.4863147735595703, 0.478860080242157, 0.4831172749400139, 0.4774571806192398, 0.4754585176706314, 0.47805432975292206, 0.4796767309308052, 0.47489994019269943, 0.4805895760655403, 0.46868302673101425, 0.47711070626974106, 0.47563496232032776, 0.4792490452528, 0.4720475301146507, 0.4825151711702347, 0.4774922654032707, 0.47732390463352203, 0.4769851565361023, 0.46608343720436096, 0.4750611260533333, 0.48200956732034683, 0.47705745697021484, 0.477039135992527, 0.47788574546575546, 0.47760433703660965, 0.47607842832803726, 0.4736766889691353, 0.4737405553460121, 0.47644373774528503]}