{"best_val": 0.5017439648509026, "train_loss": [0.6669431428114573, 0.6621830264727274, 0.6584407786528269, 0.6543961101108127, 0.6501643591456943, 0.6455806626213921, 0.6411155760288239, 0.6354746752315097, 0.6300706366697947, 0.624281065331565, 0.616899569829305, 0.6088002953264449, 0.6000781059265137, 0.5901332166459825, 0.5799872941441007, 0.5696099797884623, 0.5599938068124983, 0.5512443317307366, 0.5415314882993698, 0.5340520739555359, 0.5257778200838301, 0.522080037328932, 0.5162238230307897, 0.5130088561111026, 0.5092809630764855, 0.507942721247673, 0.5027050607734256, 0.4963560468620724, 0.4957977963818444, 0.4908507896794213, 0.49255728556050193, 0.48766467803054386, 0.48991259766949546, 0.4824336419502894, 0.4805065823925866, 0.479182200299369, 0.47867928942044574, 0.4775888853602939, 0.47234925462139976, 0.4763634155193965, 0.4717857887347539, 0.4710847669177585, 0.46921393937534756, 0.46956782870822483], "val_loss": [0.6692532598972321, 0.6657239943742752, 0.6618332862854004, 0.6586225628852844, 0.6542420536279678, 0.6511605530977249, 0.6483126580715179, 0.6443900465965271, 0.6393585056066513, 0.6346659362316132, 0.6280026584863663, 0.6199046671390533, 0.6148970127105713, 0.6065379232168198, 0.5998076647520065, 0.5973320305347443, 0.586848184466362, 0.5816463381052017, 0.579176053404808, 0.5730984658002853, 0.5692795217037201, 0.5652348920702934, 0.5566556379199028, 0.5540055483579636, 0.5562848448753357, 0.546762079000473, 0.5418684259057045, 0.5464242920279503, 0.537564292550087, 0.5345736294984818, 0.5280821770429611, 0.5283631980419159, 0.5182300880551338, 0.5201463252305984, 0.519357904791832, 0.5138625279068947, 0.5200395658612251, 0.5125533267855644, 0.5153617635369301, 0.5043518841266632, 0.5056124553084373, 0.5017532482743263, 0.5023501589894295, 0.5017439648509026]}