{"best_val": 0.5058335363864899, "train_loss": [0.6908879346317716, 0.6590933336151971, 0.6230197250843048, 0.5812974803977542, 0.545483324262831, 0.5234613600704405, 0.513966934548484, 0.5034353650278516, 0.4997628364298079, 0.4942374659909142, 0.49415728946526843, 0.4908487796783447, 0.4869115369187461, 0.48431388868225944, 0.48443939288457233, 0.4813376201523675, 0.4844821360376146, 0.4811934447950787, 0.4785913957489861, 0.4805680132574505, 0.477598218454255, 0.478117189473576, 0.4760485092798869, 0.4728723251157337, 0.4752410352230072, 0.4749499907096227, 0.47694021463394165, 0.47513261437416077, 0.4713466415802638, 0.4743841936190923, 0.4758636818991767, 0.4717951499753528, 0.4687870144844055, 0.46917878422472215, 0.47153641945785946, 0.4694927003648546, 0.46715352435906726, 0.47140640682644314, 0.4683501554860009, 0.4671955174869961, 0.46898506416214836, 0.46482482221391463, 0.46601178910997176, 0.4632912228504817, 0.4617356210947037, 0.46606335375044083], "val_loss": [0.6769115775823593, 0.6508091539144516, 0.6202290505170822, 0.5849384963512421, 0.5591688081622124, 0.5387613326311111, 0.535508781671524, 0.5306416377425194, 0.522357888519764, 0.5195879489183426, 0.5207907110452652, 0.5179303288459778, 0.524856448173523, 0.5164257884025574, 0.5138787180185318, 0.5162925496697426, 0.5119086354970932, 0.5230239927768707, 0.520925872027874, 0.5166797414422035, 0.5145740136504173, 0.5189678966999054, 0.5172282233834267, 0.5090720951557159, 0.516514465212822, 0.5159067958593369, 0.5131872668862343, 0.5092204362154007, 0.513609766960144, 0.5141024962067604, 0.511323019862175, 0.5064989253878593, 0.5160080045461655, 0.5136986598372459, 0.5130322799086571, 0.5058335363864899, 0.5086110830307007, 0.5104407221078873, 0.5093709081411362, 0.5068235397338867, 0.5067480802536011, 0.5091404765844345, 0.5136309638619423, 0.5078098177909851, 0.5084396824240685, 0.5061260312795639]}