{"best_val": 0.4590639993548393, "train_loss": [0.7399744258986579, 0.7245793243249258, 0.7084376249048445, 0.6913982099956937, 0.6712300181388855, 0.6469465924633874, 0.6225918895668454, 0.5965038107501136, 0.5745181010829078, 0.558357266916169, 0.5458277199003432, 0.5393836994965872, 0.5346487677759595, 0.5295616388320923, 0.52504919634925, 0.5214083873563342, 0.5185746534003152, 0.5154883844984902, 0.5150694135162566, 0.5091139955653085, 0.50875952343146, 0.5089932150310941, 0.5072180264525943, 0.505061975783772, 0.5063296953837076, 0.5022265927659141, 0.5052379187610414, 0.5024162332216898, 0.5012442006005181, 0.4995771696170171, 0.500259495443768, 0.5021898448467255, 0.501318073934979, 0.498426702287462, 0.4992554502354728, 0.4968635340531667, 0.49779314796129864, 0.49764949083328247, 0.4948739906152089, 0.49480293525589836, 0.4937892258167267, 0.4951435940133201, 0.4968945102559196], "val_loss": [0.7310343235731125, 0.7127329409122467, 0.6945160776376724, 0.6731604337692261, 0.6485519707202911, 0.6190122216939926, 0.588846281170845, 0.5620029717683792, 0.5354828909039497, 0.5209119543433189, 0.5101526379585266, 0.5066736787557602, 0.4979638531804085, 0.49104172736406326, 0.4830361232161522, 0.48167071491479874, 0.48162662982940674, 0.46901387721300125, 0.47471894323825836, 0.4714091867208481, 0.47514140605926514, 0.4764128103852272, 0.4741376265883446, 0.46907932311296463, 0.47135742753744125, 0.46916692703962326, 0.473135270178318, 0.4670739099383354, 0.4758681654930115, 0.4631599560379982, 0.46809838712215424, 0.46272196620702744, 0.4590639993548393, 0.4662613943219185, 0.46417492628097534, 0.4624420031905174, 0.4633360803127289, 0.46479228138923645, 0.4644984006881714, 0.4695274755358696, 0.4650821313261986, 0.4669858142733574, 0.466887392103672]}