{"best_val": 0.4791412055492401, "train_loss": [0.6351181533601549, 0.6263698637485504, 0.6203983492321439, 0.6113227109114329, 0.6029255191485087, 0.5917622182104323, 0.5817465815279219, 0.5692844258414375, 0.5577356765667597, 0.5459341506163279, 0.5359707888629701, 0.5228618731101354, 0.5174743351009157, 0.507882739106814, 0.5049166596598096, 0.5011415001418855, 0.49345353576872086, 0.49116021560298073, 0.48835184342331356, 0.4849557909700606, 0.4806734621524811, 0.4789385613467958, 0.4783357497718599, 0.47753682567013633, 0.4728321151600944, 0.4736105038060082, 0.4712615129020479, 0.47005628877215916, 0.46723829706509906, 0.46913327938980526, 0.4695238735940721, 0.46918022632598877, 0.46836254828506046, 0.46850726505120593, 0.4673621604839961], "val_loss": [0.630539208650589, 0.6218875199556351, 0.6142161935567856, 0.6060952544212341, 0.5958911180496216, 0.5835852175951004, 0.5732053518295288, 0.5608717501163483, 0.5512954071164131, 0.5373154580593109, 0.5310079008340836, 0.5197916850447655, 0.5180865526199341, 0.5146200954914093, 0.5112287402153015, 0.5035098344087601, 0.5023449808359146, 0.5006386712193489, 0.5029345825314522, 0.4975007325410843, 0.4949718713760376, 0.4950849488377571, 0.48970137536525726, 0.48851732909679413, 0.4791412055492401, 0.49796607345342636, 0.4960993751883507, 0.48280923813581467, 0.49500079452991486, 0.4916470944881439, 0.4814453646540642, 0.4950786158442497, 0.480636827647686, 0.4894573614001274, 0.48130883276462555]}