{"best_val": 0.5039965286850929, "train_loss": [0.6990362140867445, 0.6741448806391822, 0.6434739960564507, 0.6080599360995822, 0.5679733985000186, 0.5387565278344684, 0.517812685834037, 0.5081234773000082, 0.4968954573074977, 0.49664997061093646, 0.48983333508173627, 0.48502879175874924, 0.4862310571802987, 0.4832475648985969, 0.48432817227310604, 0.4830815957652198, 0.48109159535831875, 0.48342419332928127, 0.47915596266587573, 0.47853990064726937, 0.47678050729963517, 0.4795158753792445, 0.4773452364736133, 0.47661198178927106, 0.47690410746468437, 0.4758327338430617, 0.47346440619892544, 0.4734855592250824, 0.4735083017084334, 0.4743143419424693, 0.47117868893676335, 0.47050714989503223, 0.4671398434374068, 0.4719342291355133, 0.46666643685764736, 0.46810007592042285, 0.4726809544695748, 0.46949415074454415, 0.4653368542591731, 0.4642302460140652, 0.46345008578565383, 0.46365194188223946, 0.4621528486410777, 0.46360721521907383, 0.46352198388841415, 0.4624918219115999, 0.4611426608430015, 0.45915574000941384, 0.46147167020373875, 0.4623353150155809], "val_loss": [0.7026334851980209, 0.6761139333248138, 0.6442669034004211, 0.6070856899023056, 0.5758960992097855, 0.5599736124277115, 0.5419266819953918, 0.5355962663888931, 0.530117392539978, 0.5207867622375488, 0.5186932310461998, 0.5243009328842163, 0.5182565376162529, 0.5267002657055855, 0.520506739616394, 0.5160984843969345, 0.5237427279353142, 0.5154802277684212, 0.5126596540212631, 0.5184502378106117, 0.5143278613686562, 0.5215557888150215, 0.5097040757536888, 0.5135799273848534, 0.5136253535747528, 0.5142020434141159, 0.514727771282196, 0.5162333697080612, 0.5087638944387436, 0.510345809161663, 0.5160345360636711, 0.511385127902031, 0.5160130262374878, 0.5108727365732193, 0.5090938583016396, 0.5111695751547813, 0.5049398392438889, 0.5156214237213135, 0.5131946727633476, 0.5039965286850929, 0.5156893134117126, 0.5119360834360123, 0.5085612088441849, 0.5111637264490128, 0.5093079507350922, 0.5105887651443481, 0.5087656602263451, 0.5062872841954231, 0.513215497136116, 0.5057527720928192]}