{"best_val": 0.4408687576651573, "train_loss": [0.6805256737603081, 0.6715402007102966, 0.6622986031903161, 0.6541714270909628, 0.6447893016868167, 0.6358393232027689, 0.6252829598055946, 0.6150053275956048, 0.6038704117139181, 0.5932377146350013, 0.5809630983405643, 0.5708684424559275, 0.564590315024058, 0.5517535110314687, 0.5463346226347817, 0.5402595880958769, 0.5339697483513091, 0.5301857458220588, 0.52658126089308, 0.5209097862243652, 0.518562075164583, 0.5134670303927528, 0.5126984102858437, 0.5104430996709399, 0.5100958148638407, 0.5037608196338018, 0.5024714205000136, 0.5038257489601771, 0.4956939501894845, 0.49767164720429313, 0.49531031648317975, 0.4951120399766498, 0.4934631155596839, 0.4932067195574443, 0.4896204736497667, 0.48919667800267536, 0.489980129732026, 0.48651498059431714, 0.4860449218087726, 0.486793393890063, 0.48449912998411393, 0.4856160812907749, 0.486391834086842, 0.482255016764005, 0.48303573992517257, 0.4824533081716961, 0.4812525792254342, 0.4808733214934667, 0.47977621522214675, 0.48016980124844444, 0.4810536387893889, 0.4796796209282345, 0.48014918797545963, 0.47591337230470443, 0.47793778942690957, 0.4794347749816047, 0.47653819289472366, 0.4777112305164337, 0.47657233642207253, 0.4794977870252397, 0.4775887330373128, 0.47546789877944523, 0.4718386282523473, 0.47590089009867775, 0.4756634616189533, 0.4748281356361177, 0.4782866057422426, 0.4733013047112359, 0.47119780712657505], "val_loss": [0.6752597391605377, 0.6664690524339676, 0.6582117229700089, 0.6498014777898788, 0.6412260830402374, 0.6313065737485886, 0.6211611181497574, 0.6094711273908615, 0.5987223088741302, 0.587996631860733, 0.5754365772008896, 0.5664808452129364, 0.5546805933117867, 0.551776185631752, 0.5374637246131897, 0.5327581018209457, 0.5260093808174133, 0.5205680876970291, 0.514145128428936, 0.5088279396295547, 0.5059650465846062, 0.49963388592004776, 0.49552149325609207, 0.49340688437223434, 0.48881813138723373, 0.48705781251192093, 0.4883556514978409, 0.48062173277139664, 0.48096243292093277, 0.4784524589776993, 0.47944141924381256, 0.47568758577108383, 0.4720437303185463, 0.47358841449022293, 0.4682099297642708, 0.469437338411808, 0.4669937863945961, 0.46936772018671036, 0.4563627317547798, 0.46752914041280746, 0.4538668543100357, 0.4613371267914772, 0.45623575150966644, 0.4538767337799072, 0.4630650654435158, 0.4571910575032234, 0.45933132618665695, 0.45505160838365555, 0.4516300782561302, 0.4569670855998993, 0.45496848970651627, 0.45478901267051697, 0.4494714215397835, 0.4464794918894768, 0.451816163957119, 0.447147972881794, 0.4424417242407799, 0.4492006301879883, 0.4408687576651573, 0.44562237709760666, 0.4494369924068451, 0.44701575487852097, 0.4460132122039795, 0.4408734515309334, 0.4481206238269806, 0.44250214844942093, 0.44704652577638626, 0.45008712261915207, 0.4460342824459076]}