{"best_val": 0.49166181683540344, "train_loss": [0.6737068295478821, 0.6496561070283254, 0.6298175321684943, 0.6139481663703918, 0.596846749385198, 0.5844544635878669, 0.5699811577796936, 0.5589505864514245, 0.549246695306566, 0.5416219780842463, 0.5354102883074019, 0.5275461044576433, 0.5258587068981595, 0.5214826530880399, 0.5179255737198724, 0.51430025531186, 0.511328614420361, 0.5078340950939391, 0.5061175425847372, 0.5077655878331926, 0.504109854499499, 0.5008182956112756, 0.49725671940379673, 0.4976451098918915, 0.49999133083555436, 0.4972447570827272, 0.4976327551735772, 0.4955164392789205, 0.49592841996086967, 0.49347406294610763, 0.49386508762836456, 0.4902179373635186, 0.4893149501747555, 0.4911883473396301, 0.4890301624933879, 0.4884875913461049, 0.48970580101013184, 0.4880695707268185, 0.4846360683441162, 0.48602115114529926, 0.48454631202750736, 0.48186568915843964, 0.4830124229192734, 0.48360855215125614, 0.48424620429674786, 0.48003189431296456, 0.48101167877515155, 0.48074303567409515, 0.47858718368742204, 0.48015035026603275, 0.4815110084083345, 0.47959591779443955, 0.47957759764459396, 0.4781769613424937, 0.479277319378323, 0.4774286333057616, 0.4786558085017734, 0.4749350945154826, 0.4757657166984346, 0.47639498445722794, 0.478555151157909, 0.47663069433636135, 0.4751934955517451, 0.47474178506268394, 0.47330380148357815, 0.47711125512917835, 0.4734977235396703, 0.4735427167680528, 0.4737265391482247], "val_loss": [0.6676574647426605, 0.6512531787157059, 0.6315315216779709, 0.6186628043651581, 0.6067999303340912, 0.5925556421279907, 0.5828199237585068, 0.5705191642045975, 0.564450666308403, 0.5551292449235916, 0.5523804575204849, 0.5488909929990768, 0.5383375734090805, 0.5351002737879753, 0.5324534773826599, 0.5339357778429985, 0.5251340419054031, 0.519570916891098, 0.5158859863877296, 0.5170276388525963, 0.5105380043387413, 0.5104334875941277, 0.5126858949661255, 0.5051850602030754, 0.5106123089790344, 0.5119553431868553, 0.5053916051983833, 0.5075410977005959, 0.5093228369951248, 0.5075157880783081, 0.5026013404130936, 0.5025680512189865, 0.505637526512146, 0.5049494281411171, 0.49822962284088135, 0.5126221179962158, 0.5043840631842613, 0.5035787522792816, 0.5006793737411499, 0.500761441886425, 0.5043106600642204, 0.502785786986351, 0.5031626522541046, 0.4969686418771744, 0.502892754971981, 0.5023767501115799, 0.5038499087095261, 0.5046364590525627, 0.5001659989356995, 0.5008205845952034, 0.49967364221811295, 0.49938473105430603, 0.49825790524482727, 0.4966175928711891, 0.5035546123981476, 0.49830513447523117, 0.5014333873987198, 0.5000402852892876, 0.49166181683540344, 0.4995075464248657, 0.49901332706213, 0.49909091740846634, 0.498530812561512, 0.5085258409380913, 0.499917134642601, 0.5001145005226135, 0.5014138668775558, 0.5014758855104446, 0.496430367231369]}