{"best_val": 0.5108839273452759, "train_loss": [0.6793557471699185, 0.6504685282707214, 0.6170168750815921, 0.5779274735185835, 0.5433024267355601, 0.5163076288170285, 0.49904482397768235, 0.487011323372523, 0.47579778068595463, 0.4762181689341863, 0.46890126996570164, 0.4633490675025516, 0.46378504236539203, 0.46058747669061023, 0.45617880092726815, 0.4579876164595286, 0.45717666546503705, 0.45665085315704346, 0.4514109773768319, 0.4528274221552743, 0.45446665585041046, 0.4488723989990022, 0.44607558515336776], "val_loss": [0.6765169054269791, 0.6500870585441589, 0.6104868203401566, 0.5791536122560501, 0.5561900660395622, 0.5444632768630981, 0.5327496975660324, 0.5251191258430481, 0.5158588513731956, 0.5146573856472969, 0.5139296650886536, 0.5132696628570557, 0.5108839273452759, 0.517522543668747, 0.5208576694130898, 0.5144151225686073, 0.5125150755047798, 0.5194831490516663, 0.5180731266736984, 0.5147338882088661, 0.514505609869957, 0.5225329399108887, 0.5247878879308701]}