{"best_val": 0.5077965557575226, "train_loss": [0.6597427129745483, 0.6017349395487044, 0.5502069095770518, 0.5152214898003472, 0.4941563920842277, 0.48386865191989475, 0.47980446451240116, 0.4737282196680705, 0.47439683145946926, 0.4694068332513173, 0.46837447418106926, 0.4688032137023078, 0.46275700132052106, 0.46021760669019485, 0.459931332204077, 0.4581220679812961, 0.45806075135866803, 0.45886074834399754, 0.45660002032915753, 0.4519755376709832, 0.4547442744175593, 0.45143142342567444, 0.4516525020202001, 0.45146411657333374, 0.45081518590450287], "val_loss": [0.6472269892692566, 0.5986548960208893, 0.5606065988540649, 0.5438059866428375, 0.5300755947828293, 0.5183641463518143, 0.5202928930521011, 0.5196076184511185, 0.5136058628559113, 0.5168624967336655, 0.5208036452531815, 0.5137592405080795, 0.5091070458292961, 0.5180289074778557, 0.5077965557575226, 0.5143529027700424, 0.5187551602721214, 0.5164945498108864, 0.5180214866995811, 0.5232205465435982, 0.5196228325366974, 0.5262419581413269, 0.5248523652553558, 0.5265468582510948, 0.528716579079628]}