{"best_val": 0.5053794756531715, "train_loss": [0.6544075144661797, 0.6444475948810577, 0.6355952322483063, 0.6252076857619815, 0.6174516710970137, 0.6061065528127882, 0.595397111442354, 0.5839669439527724, 0.572892040014267, 0.5590854187806448, 0.5468697630696826, 0.5351006074084176, 0.5230482634570863, 0.5131661776039336, 0.5079489118523068, 0.4961565567387475, 0.4915579590532515, 0.48859526548120713, 0.484763287835651, 0.48121263749069637, 0.4802622182501687, 0.4779471026526557, 0.471625374423133, 0.47379378974437714, 0.47021040320396423, 0.4678003986676534, 0.4699637492497762, 0.46643659969170886, 0.4658964193529553, 0.46319904095596737, 0.4624814871284697, 0.4615606516599655, 0.4611772381597095, 0.46161489685376483, 0.459358059697681, 0.4562469770510991, 0.45715324415100944, 0.45613507595327163, 0.4559501376416948, 0.4559865527682834, 0.4542454828818639, 0.4517013182242711, 0.4517376985814836, 0.45317458278603023, 0.45411620868576896, 0.4545298715432485, 0.45004454089535606, 0.4525403082370758, 0.4473735574218962, 0.45084884928332436, 0.44956812096966636, 0.45113863547643024, 0.44691329532199436, 0.44649679130978054], "val_loss": [0.6597667038440704, 0.6511307507753372, 0.6418508887290955, 0.6312163770198822, 0.6255407780408859, 0.6143254190683365, 0.6049443036317825, 0.592762216925621, 0.5841459333896637, 0.5715997666120529, 0.5614661574363708, 0.5516467988491058, 0.54275131970644, 0.5373469591140747, 0.5349439159035683, 0.5270841494202614, 0.5228254646062851, 0.5186143144965172, 0.5188326984643936, 0.5200296491384506, 0.5154375731945038, 0.5161098167300224, 0.5189516395330429, 0.5108061730861664, 0.5177050456404686, 0.5148610025644302, 0.5130356624722481, 0.5137818902730942, 0.516311801970005, 0.5124855786561966, 0.5126488879323006, 0.5099172070622444, 0.5138193741440773, 0.5090260952711105, 0.5114297047257423, 0.5131089240312576, 0.5084880590438843, 0.5084575563669205, 0.5203855782747269, 0.5131176486611366, 0.5143502876162529, 0.514852300286293, 0.5192534327507019, 0.5053794756531715, 0.5173688232898712, 0.5150130838155746, 0.5148035660386086, 0.5178454220294952, 0.5091501027345657, 0.5178036838769913, 0.5148032605648041, 0.5115746110677719, 0.5123451426625252, 0.5148726850748062]}