{"best_val": 0.5210312157869339, "train_loss": [0.7140481935607063, 0.6877203550603654, 0.6644236610995399, 0.6436148716343774, 0.625750740369161, 0.6052309142218696, 0.5892563826507993, 0.5717815889252557, 0.5593258804745145, 0.5459918909602695, 0.5347434249189165, 0.5261727107895745, 0.5191850546333525, 0.5148391673962275, 0.5128078957398733, 0.5094322529104021, 0.5100580735339059, 0.5054409503936768, 0.5060474392440584, 0.5041626476579242, 0.5028722733259201, 0.5018749998675452, 0.5028616057501899, 0.5008008215162489, 0.5023816062344445, 0.4983822885486815, 0.49959179593457115, 0.4995453374253379, 0.500031946433915, 0.49749380681249833], "val_loss": [0.6982601284980774, 0.6813977956771851, 0.6627184748649597, 0.6479813158512115, 0.6305229514837265, 0.616875946521759, 0.6001645177602768, 0.5857578068971634, 0.5733596533536911, 0.5595947206020355, 0.5566914081573486, 0.5412197485566139, 0.540385365486145, 0.5352329313755035, 0.5314174741506577, 0.5306016430258751, 0.5285648554563522, 0.5298747643828392, 0.5270418077707291, 0.5210312157869339, 0.5325518846511841, 0.5238230600953102, 0.527560867369175, 0.5256685763597488, 0.5242248624563217, 0.5229631140828133, 0.5257156118750572, 0.5269850268959999, 0.5213061273097992, 0.5249728336930275]}