{"best_val": 0.4790651947259903, "train_loss": [0.6520896454652151, 0.640122675233417, 0.6282583773136139, 0.6167817215124766, 0.6057488918304443, 0.5944356554084353, 0.5798569586541917, 0.5714624226093292, 0.562206506729126, 0.5497324698501163, 0.5435496038860745, 0.5385469181670083, 0.5363579922252231, 0.5296786973873774, 0.5278662492831548, 0.523029496272405, 0.5224750406212277, 0.5209993620713552, 0.5214360720581479, 0.5177449832359949, 0.517549549539884, 0.5158780631091859, 0.5146337399880091, 0.5134715934594473, 0.5128495775991015, 0.5140415098932054, 0.5105486429399915, 0.5091484354601966, 0.5075515690777037, 0.5106507655647066, 0.5090014007356432, 0.5056050088670518, 0.5054480565918816, 0.504320826795366, 0.5056549790832732, 0.5026227732499441, 0.503611425558726, 0.5003595054149628, 0.5029978354771932, 0.5036928041113747, 0.498518834511439, 0.49695371091365814], "val_loss": [0.6410996913909912, 0.6271085441112518, 0.6192302107810974, 0.6054187119007111, 0.5979465395212173, 0.5846341699361801, 0.5751414597034454, 0.5642087459564209, 0.5530464351177216, 0.5469970107078552, 0.5352472886443138, 0.5348629280924797, 0.5201717019081116, 0.5202892497181892, 0.5142335444688797, 0.5138430073857307, 0.5081452205777168, 0.503677248954773, 0.5039249882102013, 0.5090272128582001, 0.5031512901186943, 0.50149155408144, 0.4937629699707031, 0.4986424893140793, 0.5015585049986839, 0.48792238533496857, 0.49444642663002014, 0.4976869747042656, 0.49613668769598007, 0.49390241503715515, 0.4885215312242508, 0.4790651947259903, 0.4922066628932953, 0.48327938467264175, 0.48908640444278717, 0.4863298386335373, 0.48660094290971756, 0.4828072115778923, 0.48165448755025864, 0.4806596413254738, 0.48161211609840393, 0.4800352528691292]}