{"best_val": 0.5044823512434959, "train_loss": [0.6603902379671732, 0.6012173924181197, 0.5455786850717332, 0.4985656142234802, 0.48350916306177777, 0.46707603997654384, 0.468138908346494, 0.46037491162618, 0.4535776525735855, 0.45747678478558856, 0.45483103891213733, 0.45313901868131423, 0.448300838470459, 0.44831442336241406, 0.44779711299472386, 0.4436681634849972, 0.44245106478532154, 0.44085222151544357, 0.4415612137979931, 0.4360642284154892], "val_loss": [0.646908774971962, 0.5940230190753937, 0.5488689988851547, 0.5263399481773376, 0.5247359126806259, 0.5143472403287888, 0.5157619416713715, 0.5063149407505989, 0.5103691816329956, 0.5044823512434959, 0.5089391469955444, 0.5084933191537857, 0.5158618837594986, 0.5162208750844002, 0.5121183916926384, 0.5127850100398064, 0.5173169150948524, 0.5140059292316437, 0.5125909000635147, 0.5172489881515503]}