{"best_val": 0.48794271796941757, "train_loss": [0.7407555116547478, 0.7095570200019412, 0.6805186172326406, 0.6525864170657264, 0.6218247214953104, 0.5935118794441223, 0.5696191555923886, 0.5547460599078072, 0.5474876662095388, 0.5406772229406569, 0.5334931694798999, 0.531011175778177, 0.5264396038320329, 0.5244647264480591, 0.5231883575518926, 0.5227116329802407, 0.5223957565095689, 0.5206846727265252, 0.5177876204252243, 0.5181220836109586, 0.5152886741691165, 0.5146391557322608, 0.5092415627506044, 0.5095043463839425, 0.506349942750401, 0.5043745819065306, 0.5067216654618582, 0.5056626051664352, 0.502507574028439, 0.5036729822556177, 0.5068925437000062, 0.5008689281013277, 0.49925772183471256, 0.5004212111234665, 0.5002419451872507, 0.4959116164180968, 0.4993624786535899, 0.4940139667855369, 0.4959927615192201, 0.4956182274553511, 0.4961405065324571, 0.4931860599252913, 0.49699703852335614, 0.4974997937679291, 0.4900261511405309, 0.4929441544744704], "val_loss": [0.6927579790353775, 0.6693447232246399, 0.6440838575363159, 0.6165519654750824, 0.58819580078125, 0.564800575375557, 0.5514135360717773, 0.5386165976524353, 0.5316175669431686, 0.5275968164205551, 0.5269138813018799, 0.5260270982980728, 0.5240256786346436, 0.5169091522693634, 0.5249502137303352, 0.5123686194419861, 0.514314815402031, 0.5112060084939003, 0.5141473934054375, 0.508828654885292, 0.5166949778795242, 0.5081322342157364, 0.5122774839401245, 0.5041527077555656, 0.5028447136282921, 0.5071901679039001, 0.5021981820464134, 0.5001516342163086, 0.5036670789122581, 0.5039901360869408, 0.488404244184494, 0.5049881339073181, 0.4934876412153244, 0.5000125914812088, 0.49873021245002747, 0.48794271796941757, 0.4991438090801239, 0.49762964993715286, 0.49816302210092545, 0.49741537868976593, 0.5007459223270416, 0.4930841103196144, 0.5011706277728081, 0.5018418654799461, 0.49074263125658035, 0.4963076338171959]}