{"best_val": 0.46974630653858185, "train_loss": [0.7332106133302053, 0.7138180997636583, 0.6926055451234182, 0.6721811559465196, 0.6514842940701379, 0.6312198771370782, 0.6126501990689172, 0.5914167430665758, 0.5735218591160245, 0.5565448535813226, 0.5415163172615899, 0.5288470668925179, 0.5235821968979306, 0.5170714110136032, 0.5112132943338819, 0.5076723446448644, 0.5064575672149658, 0.5022018154462179, 0.501578590936131, 0.4983164800537957, 0.4964012602965037, 0.49447741938961876, 0.4940575857957204, 0.4949271215332879, 0.49252483083142173, 0.49157139162222546, 0.48811796804269153, 0.49070387416415745, 0.4890666554371516, 0.48579204082489014, 0.4868049952718947, 0.48665064573287964, 0.4843938532802794, 0.48565926982296836, 0.4839904656012853, 0.4824153582255046, 0.48180690076616073, 0.4814601673020257, 0.4810452676481671, 0.4803993884060118, 0.4806236012114419, 0.48205265071656966, 0.478263270523813, 0.4773995810084873, 0.48012082941002315, 0.4792323129044639, 0.4781155437231064, 0.47802331381373936, 0.4769998722606235, 0.4762830154763328, 0.47608254022068447, 0.4768330752849579, 0.4752109713024563], "val_loss": [0.7397542893886566, 0.7165752649307251, 0.6942634433507919, 0.6745233833789825, 0.6520638763904572, 0.6316045224666595, 0.6100731939077377, 0.5896955579519272, 0.5718177556991577, 0.5567003488540649, 0.5435587614774704, 0.5326657891273499, 0.5233472138643265, 0.528656929731369, 0.5183810517191887, 0.5089235454797745, 0.5081963390111923, 0.505225844681263, 0.497801311314106, 0.5032467022538185, 0.49282917380332947, 0.49418094009160995, 0.4883931651711464, 0.4899934381246567, 0.4876370504498482, 0.4816977232694626, 0.4840533658862114, 0.48321114480495453, 0.48946117609739304, 0.4820622280240059, 0.48362018167972565, 0.4809807613492012, 0.47841016203165054, 0.47420523315668106, 0.4795112907886505, 0.47746165841817856, 0.4748575910925865, 0.4772775396704674, 0.47224319726228714, 0.47393035888671875, 0.4756663218140602, 0.4757319763302803, 0.46974630653858185, 0.47574692964553833, 0.47254759073257446, 0.47756391763687134, 0.47439052164554596, 0.4740031138062477, 0.4773053601384163, 0.4698941931128502, 0.47462695091962814, 0.4753108322620392, 0.4777492582798004]}