{"best_val": 0.49544665217399597, "train_loss": [0.7518974708186256, 0.7315265933672587, 0.7130692104498545, 0.6949547496106889, 0.6746173368559943, 0.6531734102302127, 0.6302088929547204, 0.6045454442501068, 0.5811352895365821, 0.560688144630856, 0.5471835715903176, 0.5309486405717002, 0.5271801948547363, 0.5172979633013407, 0.5082551191250483, 0.50204898416996, 0.5001927531427808, 0.4964567754003737, 0.4923217081361347, 0.4878605951865514, 0.4889354788594776, 0.4881381144126256, 0.48412835266855025, 0.48366087343957687, 0.4813484218385484, 0.479708946413464, 0.4751578602525923, 0.4758523040347629, 0.4751111848486794, 0.47249335712856716, 0.4721638907988866, 0.47223610017034745, 0.47026998963620925, 0.4697440101040734, 0.46975444588396287, 0.4720743199189504, 0.46677536765734357, 0.4652481824159622, 0.4660375184482998, 0.46798454225063324, 0.46825524667898816, 0.46638980673419106, 0.46566490332285565, 0.4652085254589717, 0.4650457120603985, 0.4644873059458203, 0.4613956974612342], "val_loss": [0.7264397740364075, 0.711582139134407, 0.6960289478302002, 0.6773140877485275, 0.65626460313797, 0.6329431384801865, 0.6092547029256821, 0.5845946967601776, 0.5626834034919739, 0.5494952350854874, 0.5371378511190414, 0.5373055413365364, 0.5263715460896492, 0.5197829082608223, 0.5174741521477699, 0.5242355540394783, 0.5193753466010094, 0.5172550529241562, 0.5152958557009697, 0.5086149051785469, 0.5102750584483147, 0.517374649643898, 0.5070989355444908, 0.5054633319377899, 0.508425883948803, 0.5057237595319748, 0.5084822624921799, 0.5072075203061104, 0.5052809938788414, 0.5049705430865288, 0.5053188726305962, 0.5013359934091568, 0.49851273000240326, 0.504548504948616, 0.5026839375495911, 0.5009582713246346, 0.49544665217399597, 0.5059933736920357, 0.496468260884285, 0.5026016682386398, 0.5090340226888657, 0.500456340610981, 0.5009851455688477, 0.5016741156578064, 0.5042429864406586, 0.498266376554966, 0.5037872269749641]}