{"best_val": 0.46254488825798035, "train_loss": [0.6651874846882291, 0.6584092047479417, 0.652181519402398, 0.6459450821081797, 0.6389948460790846, 0.6324223942226834, 0.6238710847165849, 0.6158670451905992, 0.607681562503179, 0.5991655687491099, 0.5885152982340919, 0.579804821146859, 0.5714080267482333, 0.5623347494337294, 0.5546397467454275, 0.5446886867284775, 0.5399799346923828, 0.5342198643419478, 0.5273166563775804, 0.5229865676826901, 0.5183856238921484, 0.514008641242981, 0.5103359835015403, 0.5093631595373154, 0.5083360142178006, 0.5047942482762866, 0.5006301287147734, 0.500942114326689, 0.4995572070280711, 0.49698885944154525, 0.49415824976232314, 0.49635007315211827, 0.49316469497150844, 0.4942424992720286, 0.4919029672940572, 0.48936431606610614, 0.48845769299401176, 0.48608771297666764, 0.48317884405454, 0.4829566693968243, 0.48197302056683433, 0.48419880535867477, 0.48093483514255947, 0.48033111956384444, 0.48186638454596203, 0.48136261602242786, 0.4795479824145635, 0.48019491963916355, 0.47586403952704537, 0.4769600960943434, 0.4781586527824402, 0.4731431520647473, 0.47194532718923354, 0.47234350939591724, 0.4733271234565311, 0.47391528222295976, 0.47539808683925205, 0.4753434310356776, 0.47383637229601544, 0.4710506780280007, 0.47292159001032513, 0.4720837093061871, 0.47162924375798965, 0.4709545373916626, 0.4705665359894435, 0.4698138137658437, 0.46933605273564655, 0.4666442374388377, 0.4722667502032386, 0.4655371672577328, 0.46833306550979614, 0.465678365694152, 0.46899272832605576, 0.46442029376824695, 0.46637218362755245, 0.4683845556444592, 0.46912355720996857, 0.46580340961615246], "val_loss": [0.6602009981870651, 0.6532953679561615, 0.646391287446022, 0.6382563263177872, 0.6321629732847214, 0.6261111944913864, 0.6177307069301605, 0.6083797663450241, 0.6006361842155457, 0.5898163169622421, 0.5821891129016876, 0.5751933008432388, 0.5626549869775772, 0.554438591003418, 0.5430620163679123, 0.5412479043006897, 0.5339486449956894, 0.5277295112609863, 0.5212216824293137, 0.5158512070775032, 0.513363853096962, 0.5134264230728149, 0.5069150924682617, 0.5019433721899986, 0.5071510523557663, 0.4954768195748329, 0.4995318129658699, 0.49384384602308273, 0.4983104020357132, 0.49438927322626114, 0.49225329607725143, 0.49423252046108246, 0.4894065856933594, 0.48998694866895676, 0.48872895538806915, 0.49051497131586075, 0.4778408333659172, 0.4839166849851608, 0.4765912815928459, 0.4818446487188339, 0.479652501642704, 0.4756438434123993, 0.4726286008954048, 0.47446300089359283, 0.4726085141301155, 0.4751301482319832, 0.47059962153434753, 0.4726792573928833, 0.46805913001298904, 0.4729747250676155, 0.4682668074965477, 0.4750843048095703, 0.4716454818844795, 0.4655429348349571, 0.47078216820955276, 0.46928609162569046, 0.46316514909267426, 0.46543166786432266, 0.465408593416214, 0.4656754434108734, 0.4639340490102768, 0.4705767259001732, 0.4650469347834587, 0.4686097279191017, 0.46943114697933197, 0.4628584459424019, 0.46809355169534683, 0.46254488825798035, 0.4696038067340851, 0.46907612681388855, 0.4682977944612503, 0.46326208859682083, 0.46803197264671326, 0.4662003070116043, 0.46568167209625244, 0.4644118398427963, 0.4666673466563225, 0.46303995698690414]}