{"best_val": 0.46714310348033905, "train_loss": [0.6160400410493215, 0.6086546513769362, 0.6014803714222379, 0.595469637049569, 0.588208278020223, 0.5814700292216407, 0.5742455853356255, 0.5675108830134074, 0.5586926539738973, 0.552744996216562, 0.5432358913951449, 0.5370213389396667, 0.5283045089907117, 0.5177002996206284, 0.5120167285203934, 0.5037119024329715, 0.49876607954502106, 0.49356960422462887, 0.4868958542744319, 0.48704560266600716, 0.4837154696385066, 0.4846111387014389, 0.4819049967659844, 0.47912949489222634, 0.47767538328965503, 0.4749482853545083, 0.4777061227295134, 0.4729721231593026, 0.4739615023136139, 0.4723658710718155, 0.4718226542075475, 0.47453704476356506, 0.4708838197920058, 0.47084051536189186, 0.4692225489351485, 0.4673503471745385, 0.46938423812389374, 0.4700297564268112, 0.4690822843048308, 0.4644514073928197, 0.46778666145271725, 0.4671461747752296, 0.4681348717874951, 0.4662068403429455, 0.4668562627500958, 0.4666384723451402, 0.464306836326917, 0.4671936382850011, 0.4630398435725106, 0.4652536047829522, 0.46384312709172565, 0.4631078177028232, 0.4629332737790214, 0.4662111782365375], "val_loss": [0.627389132976532, 0.6219750195741653, 0.6179987192153931, 0.6106754094362259, 0.6031635701656342, 0.5942640006542206, 0.5918811112642288, 0.583397626876831, 0.5749510824680328, 0.5686580240726471, 0.5595920979976654, 0.5540564954280853, 0.5452308505773544, 0.5379779487848282, 0.5332829505205154, 0.522078238427639, 0.5213865339756012, 0.5085652321577072, 0.5032069236040115, 0.5066730827093124, 0.498420849442482, 0.49995018541812897, 0.4958350658416748, 0.4868803098797798, 0.48493824154138565, 0.4885319024324417, 0.48701320588588715, 0.4836078807711601, 0.4878024533390999, 0.4773009791970253, 0.47594988346099854, 0.48618585616350174, 0.48355648666620255, 0.4800315275788307, 0.4775777757167816, 0.47017545253038406, 0.47098591178655624, 0.47651369124650955, 0.4752921462059021, 0.4728923812508583, 0.48351895064115524, 0.46945832669734955, 0.475709930062294, 0.46714310348033905, 0.4721372649073601, 0.47199196368455887, 0.47279679775238037, 0.47511519491672516, 0.4716681241989136, 0.4705544710159302, 0.46780795603990555, 0.46967020630836487, 0.47641918808221817, 0.4711257219314575]}