{"best_val": 0.4625066742300987, "train_loss": [0.7468607260121239, 0.7278613911734687, 0.7091758582327101, 0.6887942519452837, 0.6690380606386397, 0.6468312839667002, 0.6258062157366011, 0.6054151058197021, 0.5879017611344656, 0.5706714391708374, 0.5591345263852013, 0.550058588385582, 0.5416305710872015, 0.5371782945262061, 0.5311015430423949, 0.5311009320947859, 0.5265989005565643, 0.5254374477598402, 0.5206041004922655, 0.5195997340811623, 0.5198571317725711, 0.5149722380770577, 0.5151447902123133, 0.509435847401619, 0.5088337891631656, 0.5092730406257842, 0.5072857538859049, 0.5044370293617249, 0.5069739636447694, 0.5063489460282855, 0.5078579319847955, 0.5050552470816506, 0.5025192383262846, 0.5062912503878275, 0.5040328999360403, 0.5027923915121291, 0.5021255380577512, 0.5006027039554384, 0.5014702280362447, 0.5017468300130632, 0.5010053051842583, 0.5008852018250359, 0.4990014019939635, 0.49683904978964066, 0.5013276206122504, 0.498026955458853, 0.498878988954756, 0.49730798602104187, 0.49802549845642513, 0.49807290567292106], "val_loss": [0.7303344458341599, 0.7107878923416138, 0.6914857029914856, 0.6717204451560974, 0.6456420719623566, 0.6255990117788315, 0.6007144898176193, 0.5749112963676453, 0.5595362931489944, 0.5416890680789948, 0.5316873043775558, 0.5174826383590698, 0.5081456080079079, 0.5114763826131821, 0.5017377957701683, 0.49301525950431824, 0.49048183113336563, 0.48737236857414246, 0.48982373625040054, 0.4780566394329071, 0.48178499937057495, 0.4815390259027481, 0.47894179821014404, 0.4802094101905823, 0.47623302787542343, 0.4799026697874069, 0.47502993047237396, 0.4734254479408264, 0.47332754731178284, 0.4738818481564522, 0.4810274615883827, 0.4729975685477257, 0.4651382267475128, 0.47099416702985764, 0.47216032445430756, 0.46415403485298157, 0.47407012432813644, 0.4664570018649101, 0.47176242619752884, 0.4625066742300987, 0.47120723128318787, 0.4716404303908348, 0.47260724753141403, 0.4695090055465698, 0.469500795006752, 0.46436870843172073, 0.4697143957018852, 0.4711908772587776, 0.4687259718775749, 0.46534595638513565]}