{"best_val": 0.5095097720623016, "train_loss": [0.7176748149924808, 0.6785609424114227, 0.6470187836223178, 0.6258499754799737, 0.6062449448638492, 0.5878379146258036, 0.5717296865251329, 0.5593473282125261, 0.5496197359429466, 0.5409079442421595, 0.5364155189858543, 0.5332900202936597, 0.5279548366864523, 0.5234727594587538, 0.5220950543880463, 0.522542299495803, 0.5169529583719041, 0.5168701840771569, 0.5097620238860449, 0.5118676010105345, 0.512213796377182, 0.5081911666525735, 0.5078320966826545, 0.5037602119975619, 0.5059698041942384, 0.5117292222049501, 0.5066841724846098, 0.5037836217217975, 0.501593690779474, 0.4992723415295283, 0.5007497386799918, 0.503567217124833, 0.5015976329644521, 0.49668071998490226, 0.4971728589799669, 0.499534343679746, 0.49676234523455304, 0.4969627939992481, 0.49575967921151054, 0.4975029793050554, 0.4939265466398663, 0.4945763465431001, 0.49454351266225177, 0.49459871649742126, 0.49290283686584896, 0.4920303357972039, 0.49461806648307377, 0.4898427062564426, 0.4940181093083488, 0.4912349134683609, 0.4901138361957338, 0.49015073312653434, 0.4888781077331967], "val_loss": [0.6712939292192459, 0.6475790441036224, 0.6288593709468842, 0.6105470657348633, 0.5919431895017624, 0.5785368084907532, 0.5545692592859268, 0.5483970940113068, 0.5437342822551727, 0.5375982373952866, 0.5371726304292679, 0.5341232568025589, 0.5275548100471497, 0.5234547480940819, 0.5256773456931114, 0.5264854729175568, 0.5246922224760056, 0.522686593234539, 0.5231553837656975, 0.52693260461092, 0.5248821824789047, 0.5244565084576607, 0.5180128663778305, 0.5268708169460297, 0.5134266242384911, 0.5183001160621643, 0.5160132721066475, 0.5232914984226227, 0.5179966613650322, 0.517677865922451, 0.517307460308075, 0.5135387554764748, 0.5184319317340851, 0.5169016793370247, 0.513234555721283, 0.5123486891388893, 0.5212212353944778, 0.5113253369927406, 0.5145475268363953, 0.514902152121067, 0.5167818665504456, 0.5101452469825745, 0.5095097720623016, 0.511315755546093, 0.5157595723867416, 0.5134815871715546, 0.5196684151887894, 0.5120571926236153, 0.5192145332694054, 0.5159755051136017, 0.5156650543212891, 0.5132911205291748, 0.5124450623989105]}