{"best_val": 0.4940476343035698, "train_loss": [0.734004020690918, 0.7042817539638944, 0.6716969311237335, 0.6338093082110087, 0.5937428441312578, 0.5616101854377322, 0.5363893790377511, 0.5230841719441943, 0.5135089457035065, 0.5054865048991309, 0.5046012865172492, 0.4970467405186759, 0.49719178345468307, 0.4938586685392592, 0.4911973857217365, 0.4893894890944163, 0.4902106871207555, 0.49063531392150456, 0.48676903380288017, 0.48605525824758744, 0.4853978008031845, 0.48558344940344494, 0.4834237860308753, 0.4835342930422889, 0.4816007945272658, 0.4804680562681622, 0.48186951710118187, 0.47923503816127777, 0.47818000614643097, 0.48104337685638004], "val_loss": [0.7076071947813034, 0.681977853178978, 0.6516494601964951, 0.6117454767227173, 0.577227920293808, 0.5542560070753098, 0.531073123216629, 0.5245305150747299, 0.5157902762293816, 0.509567454457283, 0.5084497630596161, 0.5047632902860641, 0.5050247982144356, 0.5148130655288696, 0.5002298727631569, 0.5001923367381096, 0.5055564492940903, 0.503301165997982, 0.4972511976957321, 0.4940476343035698, 0.5035011693835258, 0.4985649138689041, 0.4961881637573242, 0.5015159696340561, 0.5061609894037247, 0.5001674890518188, 0.5040721446275711, 0.5029345899820328, 0.5016362220048904, 0.49900783598423004]}