{"best_val": 0.4760517105460167, "train_loss": [0.6369635363419851, 0.615222262011634, 0.5904011130332947, 0.5654675861199697, 0.5392789608902402, 0.5184287461969588, 0.5042504916588465, 0.4914911770158344, 0.48195575508806443, 0.4784718089633518, 0.47851047582096523, 0.4708535406324599, 0.47263995309670764, 0.46610504388809204, 0.4670108887884352, 0.46612025135093266, 0.4632756925291485, 0.46206803619861603, 0.4613555934694078, 0.4645562453402413, 0.4568615042501026, 0.46094173524114823, 0.4611785130368339, 0.45655880702866447, 0.4555092255274455, 0.4582340584860908, 0.45502841969331104, 0.4557800342639287, 0.456339450346099, 0.45212150779035354, 0.4558986458513472, 0.4504126426246431, 0.45238229797946083, 0.45304985841115314, 0.4555281781487995, 0.4532136999898487, 0.45063367154863143, 0.4508176975780063, 0.4481566978825463, 0.44876646002133685, 0.4483031564288669, 0.44654467205206555, 0.44821157720353866, 0.4468182507488463, 0.44867097834746045, 0.44609274135695565, 0.44747916691833073, 0.44394442935784656, 0.4430009838607576, 0.4441884441508187, 0.445881661441591, 0.4428052686982685, 0.4389186319377687, 0.44418297708034515, 0.4420752790239122, 0.44015194806787705, 0.4403211805555556, 0.4369572914308972, 0.4404320634073681], "val_loss": [0.632100448012352, 0.611067533493042, 0.5888497233390808, 0.5610485672950745, 0.5347054824233055, 0.52427027374506, 0.5102795362472534, 0.507127046585083, 0.5015791431069374, 0.49961739033460617, 0.49723124504089355, 0.4966401755809784, 0.49513252824544907, 0.4949333444237709, 0.49663179367780685, 0.492089606821537, 0.49351199716329575, 0.4949934408068657, 0.49539536982774734, 0.4874417260289192, 0.49446655064821243, 0.4908953681588173, 0.4886012002825737, 0.49753861874341965, 0.4903154596686363, 0.4880712330341339, 0.484716571867466, 0.49540987610816956, 0.4842853620648384, 0.4858112186193466, 0.4902772158384323, 0.4923681169748306, 0.4900889918208122, 0.4935680702328682, 0.4889243394136429, 0.485644668340683, 0.48528388142585754, 0.48593316972255707, 0.48335930705070496, 0.4865768700838089, 0.4852752611041069, 0.488203763961792, 0.4801792874932289, 0.4858642891049385, 0.4836810901761055, 0.47911418229341507, 0.48869404196739197, 0.4814546927809715, 0.4760517105460167, 0.48919569700956345, 0.4892243221402168, 0.4786771610379219, 0.48330890387296677, 0.48197609186172485, 0.49081459641456604, 0.47657211124897003, 0.481919601559639, 0.4862232729792595, 0.48486193269491196]}