{"best_val": 0.4776962175965309, "train_loss": [0.6516221695476108, 0.6335615052117242, 0.6183655063311259, 0.5995196104049683, 0.581562320391337, 0.5581636776526769, 0.54152136709955, 0.5224877579344643, 0.505192004972034, 0.49430014193058014, 0.48532600866423714, 0.47835761805375415, 0.4713464048173692, 0.4669306245115068, 0.46138401991791195, 0.4609807762834761, 0.45934341185622746, 0.45517580542299485, 0.4516981757349438, 0.45546301702658337, 0.4494045426448186, 0.449182175927692, 0.4479454043838713, 0.44834943612416583, 0.4481308360894521, 0.44783925182289547, 0.44730355673366123, 0.4466301169660356, 0.44200069043371415, 0.44119031561745536, 0.4468655520015293, 0.44247399270534515], "val_loss": [0.6442499458789825, 0.6284475475549698, 0.6107388585805893, 0.5960457921028137, 0.5765650719404221, 0.5592863410711288, 0.541490375995636, 0.5244672819972038, 0.515232227742672, 0.5106234475970268, 0.5022960305213928, 0.49901437014341354, 0.49760375171899796, 0.49420152604579926, 0.48794130235910416, 0.4897906854748726, 0.48644181340932846, 0.4848474711179733, 0.49196187406778336, 0.4815465807914734, 0.4891965761780739, 0.4776962175965309, 0.4833259880542755, 0.4878063350915909, 0.48378169536590576, 0.48393845558166504, 0.4866219609975815, 0.4825117737054825, 0.49076244980096817, 0.48806440085172653, 0.49319422990083694, 0.4847046956419945]}