{"best_val": 0.47138413041830063, "train_loss": [0.7343958053323958, 0.7059254348278046, 0.67717777689298, 0.6497861047585806, 0.626293765174018, 0.6109510693285201, 0.5986404352717929, 0.5865913530190786, 0.5749718132946227, 0.5639589892493354, 0.5594039691819085, 0.5518818828794692, 0.5464294138881896, 0.5437163760264715, 0.5399891386429468, 0.5375137295987871, 0.5323030882411532, 0.5301910092433294, 0.5277602904372745, 0.5267727921406428, 0.5261620862616433, 0.524556557337443, 0.5259356250365576, 0.5208197749323316, 0.5223118679391013, 0.5213533772362603, 0.5209640628761716, 0.517415968908204, 0.5186097621917725, 0.5178943657212787, 0.5133382346895006, 0.5136169542868932, 0.5124806861082712, 0.5135699229107963, 0.5128484765688578, 0.5118047628137801, 0.5094743337896135, 0.5090446538395352, 0.5102525154749552, 0.5094482517904706, 0.5096289498938454, 0.5075504548019834, 0.5081241064601474, 0.507281482219696, 0.5082098245620728, 0.5098194976647695, 0.5074155959818099, 0.5061879853407542, 0.5051737858189477], "val_loss": [0.66530542075634, 0.6487105190753937, 0.629730299115181, 0.6139659881591797, 0.5981474369764328, 0.5791770219802856, 0.5669307708740234, 0.550219714641571, 0.5392984598875046, 0.5312270671129227, 0.5245561599731445, 0.5120500922203064, 0.5105326697230339, 0.5044692680239677, 0.5042262971401215, 0.49956847727298737, 0.5025022402405739, 0.49768921732902527, 0.4917164295911789, 0.4852651432156563, 0.4875015914440155, 0.4865956977009773, 0.48378732800483704, 0.4903663769364357, 0.4833555445075035, 0.4854062646627426, 0.48222509771585464, 0.4816121757030487, 0.4797547310590744, 0.48531893640756607, 0.47950296849012375, 0.48513974994421005, 0.4805570915341377, 0.4789659306406975, 0.47850828617811203, 0.48351866006851196, 0.4793514460325241, 0.4728187397122383, 0.47138413041830063, 0.4772975891828537, 0.4803670644760132, 0.4768001437187195, 0.47375912219285965, 0.47676315903663635, 0.4783960357308388, 0.4728183448314667, 0.47617514431476593, 0.4764818549156189, 0.47539888322353363]}