{"best_val": 0.47979361563920975, "train_loss": [0.726372116141849, 0.6951389975017972, 0.669581049018436, 0.6467353767818875, 0.6238991783724891, 0.5988690952459971, 0.5729758110311296, 0.5490870260530047, 0.5281054741806455, 0.5133602933751212, 0.5004166497124566, 0.49030203620592755, 0.48372556765874225, 0.4781279332107968, 0.4717706971698337, 0.4719445788198047, 0.46953828467263115, 0.4677188429567549, 0.463534865114424, 0.46267260279920364, 0.46277278496159446, 0.4594271894958284, 0.45849629905488754, 0.4540492875708474, 0.45875098639064366, 0.454042492641343, 0.4528165923224555, 0.45331637892458176, 0.45710143115785384, 0.4529169185294045, 0.45141945944892037, 0.45069168011347455, 0.4518548680676354, 0.44893807503912186, 0.4489366114139557, 0.44720979531606037, 0.4455429216225942, 0.4508988873826133, 0.44540225466092426, 0.4465079969829983, 0.4472636299000846, 0.4490835318962733, 0.4463732424709532, 0.4479944821861055, 0.4468635237879223, 0.4431532919406891, 0.4442261921034919, 0.4427533166276084, 0.4457557631863488, 0.4437000635597441], "val_loss": [0.7115834653377533, 0.6833788305521011, 0.6583497375249863, 0.6388329416513443, 0.617480993270874, 0.5911148339509964, 0.568885862827301, 0.5458257645368576, 0.5285968780517578, 0.51728256046772, 0.5104735344648361, 0.4999161809682846, 0.5014639645814896, 0.49532650411129, 0.4958297461271286, 0.49355896562337875, 0.491581991314888, 0.4920545071363449, 0.4911353439092636, 0.4888153001666069, 0.4899510070681572, 0.4857160672545433, 0.48626885563135147, 0.4899194464087486, 0.4899589866399765, 0.4879055395722389, 0.4869883060455322, 0.48315346240997314, 0.48969370126724243, 0.4863344505429268, 0.48941149562597275, 0.4800562933087349, 0.4832231253385544, 0.48794951289892197, 0.4884256049990654, 0.4846629425883293, 0.4833725839853287, 0.48442818969488144, 0.4889765828847885, 0.47979361563920975, 0.4855164960026741, 0.48341911286115646, 0.4819592982530594, 0.481628842651844, 0.4827851876616478, 0.4831309914588928, 0.4821743071079254, 0.48257942497730255, 0.4825882315635681, 0.48671865463256836]}