{"best_val": 0.46937674283981323, "train_loss": [0.6652524934874641, 0.6269490751955245, 0.5880358782079484, 0.546462208032608, 0.5102486163377762, 0.4950922446118461, 0.4847878995868895, 0.48078356517685783, 0.47910623252391815, 0.4752776424090068, 0.4715868830680847, 0.4699443578720093, 0.46831542915768093, 0.46831951704290176, 0.4633981039126714, 0.4654674960507287, 0.460806624756919, 0.463359985086653, 0.45984557271003723, 0.4615578121609158, 0.46029238568411934, 0.4559585799773534, 0.45733963284227586, 0.4563132772843043, 0.4563746303319931, 0.4556766351064046, 0.45791298482153153, 0.45276059707005817, 0.45229852861828274, 0.4518238488170836, 0.45159287254015607, 0.4541812191406886, 0.4493350022368961, 0.44952427513069576, 0.4490076353152593, 0.45190383825037217, 0.44885625938574475, 0.44893641935454476, 0.4453519152270423, 0.4466237773497899, 0.4502665615744061, 0.4459553079472648, 0.4462510496377945, 0.44603685206837124, 0.44626589947276646, 0.4445447590616014], "val_loss": [0.6421238481998444, 0.6051799803972244, 0.5673503875732422, 0.5291852280497551, 0.5093393474817276, 0.4952160567045212, 0.490939125418663, 0.49207788705825806, 0.4948855936527252, 0.4869946017861366, 0.4929051026701927, 0.4890419989824295, 0.4913214445114136, 0.4862772971391678, 0.483256034553051, 0.4860495552420616, 0.4821094572544098, 0.4781405180692673, 0.47966986894607544, 0.48380260169506073, 0.4800703004002571, 0.4781799837946892, 0.47579630464315414, 0.47148896753787994, 0.4778432250022888, 0.4875964894890785, 0.4839371517300606, 0.4756561517715454, 0.46992606669664383, 0.4859766960144043, 0.47754866629838943, 0.4789023697376251, 0.473093181848526, 0.4745088368654251, 0.47964154183864594, 0.46937674283981323, 0.47255489230155945, 0.4785907119512558, 0.4713444411754608, 0.4770972430706024, 0.4800160676240921, 0.4788905903697014, 0.47636034339666367, 0.47385264188051224, 0.47347094118595123, 0.4699498936533928]}