{"best_val": 0.5256849154829979, "train_loss": [0.6983470817406973, 0.6750474042362637, 0.6571154362625546, 0.6420754459169176, 0.6282171375221677, 0.6136440535386404, 0.5955873098638322, 0.5760714709758759, 0.5586151116424136, 0.5450987799300088, 0.5318139675590727, 0.5218200551138984, 0.5156183938185374, 0.512395002775722, 0.5062781075636545, 0.5051423062880834, 0.5017758640978072, 0.49890199965900844, 0.4966834369632933, 0.49611831704775494, 0.4928288890255822, 0.49264999396271175, 0.49063815507623887, 0.48729198177655536, 0.4863017433219486, 0.4839991827805837, 0.48477743069330853, 0.4835852351453569, 0.48121751844882965, 0.4798205494880676, 0.47954117092821336, 0.47746507326761883, 0.47766310969988507, 0.47845309641626144, 0.47843578788969254, 0.4763752520084381, 0.47817133698198533, 0.47421884371174705, 0.47860364450348747], "val_loss": [0.6685560047626495, 0.6576090008020401, 0.6483358442783356, 0.6383489519357681, 0.6258425861597061, 0.6120810061693192, 0.5967931151390076, 0.5814162790775299, 0.5672029703855515, 0.5576615333557129, 0.5496223866939545, 0.5499400794506073, 0.5414381995797157, 0.5447344928979874, 0.5436662212014198, 0.5387370735406876, 0.5361087396740913, 0.5365902632474899, 0.5324240475893021, 0.5432107672095299, 0.5407306402921677, 0.5396692156791687, 0.5398924127221107, 0.5317820683121681, 0.5418855622410774, 0.5337224304676056, 0.5372506231069565, 0.5303224325180054, 0.5256849154829979, 0.533796563744545, 0.5393942967057228, 0.5292195156216621, 0.5332527309656143, 0.5326223969459534, 0.5359649360179901, 0.5389010384678841, 0.538409449160099, 0.5307638645172119, 0.5304271876811981]}