{"best_val": 0.49101848155260086, "train_loss": [0.6744241780704923, 0.6457957790957557, 0.619499941666921, 0.5937253137429556, 0.5692733625570933, 0.542234922448794, 0.5213121092981763, 0.504193945063485, 0.4920506311787499, 0.4846460372209549, 0.479962643649843, 0.48167526721954346, 0.4771431138118108, 0.47646359933747184, 0.47778287364376915, 0.471858873963356, 0.47075557212034863, 0.47194746136665344, 0.4696672476000256, 0.4661493996779124, 0.4675641374455558, 0.4661200029982461], "val_loss": [0.658552810549736, 0.6352670639753342, 0.6089806258678436, 0.5856935232877731, 0.5580945312976837, 0.5357392877340317, 0.5251200944185257, 0.5073028579354286, 0.5074306502938271, 0.49852823466062546, 0.4959072545170784, 0.49101848155260086, 0.4922741651535034, 0.4938417300581932, 0.49634605646133423, 0.49412035942077637, 0.49634596705436707, 0.49304087460041046, 0.49365074932575226, 0.4984466880559921, 0.49642420560121536, 0.4925142899155617]}