{"best_val": 0.4717782437801361, "train_loss": [0.7536381151941087, 0.7354700664679209, 0.7209926313824124, 0.7058813141451942, 0.6894977225197686, 0.672809382279714, 0.6572072505950928, 0.6414833466211954, 0.6175482736693488, 0.594172802236345, 0.5755828883912828, 0.5577658779091306, 0.545963736044036, 0.5363719910383224, 0.5269344432486428, 0.5237287133932114, 0.5171700202756457, 0.5107121782170402, 0.5072785847716861, 0.5041762391726176, 0.5024598505761888, 0.5003287030590905, 0.4994032366408242, 0.4973744485113356, 0.4975990321901109, 0.49486372868220013, 0.4941524349980884, 0.4935254587067498, 0.49307768212424385, 0.49024853772587246, 0.4923122955693139, 0.49166184663772583, 0.48941882451375324, 0.4888763775428136, 0.48732754919264054, 0.48458947903580135, 0.48571576840347713, 0.4856671028667026, 0.4852910538514455, 0.48346953756279415, 0.48279187579949695], "val_loss": [0.7229843139648438, 0.7112058699131012, 0.6994187533855438, 0.6868091374635696, 0.6724745631217957, 0.6560359299182892, 0.6370686739683151, 0.6155965924263, 0.5921971648931503, 0.5665342658758163, 0.5461626574397087, 0.5404313057661057, 0.5260998457670212, 0.5174898132681847, 0.5137133970856667, 0.5070923194289207, 0.49990013986825943, 0.49432072043418884, 0.4901203140616417, 0.49403446167707443, 0.48942629247903824, 0.4810401648283005, 0.48760662227869034, 0.47955305129289627, 0.4834206625819206, 0.482477530837059, 0.4807932674884796, 0.48454511165618896, 0.4767443612217903, 0.48167048394680023, 0.4717782437801361, 0.4720872938632965, 0.4764415770769119, 0.4756295308470726, 0.4795423001050949, 0.4747966378927231, 0.4740856811404228, 0.4738079085946083, 0.4754628613591194, 0.47496670484542847, 0.4718167409300804]}