{"best_val": 0.46756747364997864, "train_loss": [0.6425781283113692, 0.6291457679536607, 0.6169413990444608, 0.6064960526095496, 0.5946808954079946, 0.583656476603614, 0.5716440677642822, 0.5605018900500404, 0.5459474060270522, 0.5348875721295675, 0.5242650707562765, 0.5129346632295184, 0.5030403567685021, 0.493367118967904, 0.489625742038091, 0.4849973950121138, 0.48311322430769604, 0.4769767191674974, 0.4735352115498649, 0.4699830909570058, 0.4711932490269343, 0.46938758591810864, 0.471852312485377, 0.46766572031709885, 0.4671739670965407, 0.46568479140599567, 0.46237244539790684, 0.46358629398875767, 0.46229257848527694, 0.4600352827045653, 0.4615987092256546, 0.4605081362856759, 0.4592165599266688, 0.46026021738847095, 0.45853494107723236, 0.4594290190272861, 0.4580566535393397, 0.4595684160788854, 0.45526185300615096, 0.455644879076216, 0.45935848851998645, 0.45504286719693077, 0.45590847730636597, 0.453905377123091, 0.45631099740664166, 0.4552728782097499, 0.457899088660876, 0.4529829720656077, 0.45546414454778034, 0.45524607929918504, 0.4545268466075261, 0.45327803989251453, 0.45367058118184406, 0.45360757907231647, 0.4535335484478209, 0.4520464407073127, 0.45158106254206765, 0.45140161779191756, 0.45169304145707023, 0.45156680709785885, 0.4472811155849033, 0.45481598873933154, 0.44866011043389636, 0.45099569525983596, 0.4490436481104957, 0.447190781434377, 0.4472028480635749, 0.4486149085892571, 0.4488076733218299, 0.4470101594924927, 0.4487123986085256, 0.44732318487432265, 0.4461541722218196, 0.4501379794544644, 0.44744933313793606, 0.44623832570181954, 0.44561908145745593, 0.44654647674825454], "val_loss": [0.6404789984226227, 0.6305164992809296, 0.6212653070688248, 0.6081758886575699, 0.598817989230156, 0.5867675989866257, 0.5767304003238678, 0.5648785829544067, 0.554705411195755, 0.5459505766630173, 0.5327667072415352, 0.5276742428541183, 0.5205825716257095, 0.5095726624131203, 0.5107244178652763, 0.5065787136554718, 0.5011113882064819, 0.5022188350558281, 0.5005972012877464, 0.49797919392585754, 0.5000446438789368, 0.49386293441057205, 0.49407150596380234, 0.48528582602739334, 0.49130433797836304, 0.4873466193675995, 0.48070143163204193, 0.48388996720314026, 0.4849875047802925, 0.48503226041793823, 0.4859264865517616, 0.4810660853981972, 0.4860905036330223, 0.48484400659799576, 0.4819551333785057, 0.479321151971817, 0.48114293068647385, 0.47466740757226944, 0.47663410753011703, 0.4784696102142334, 0.4747200235724449, 0.4750087037682533, 0.48021717369556427, 0.47992707043886185, 0.4767851009964943, 0.4760712534189224, 0.47326022386550903, 0.4771951138973236, 0.4792954698204994, 0.47213949263095856, 0.4745456352829933, 0.4735022485256195, 0.47822896391153336, 0.4804273843765259, 0.4723445475101471, 0.475047342479229, 0.4787837192416191, 0.47422269731760025, 0.4707655757665634, 0.47426029294729233, 0.4719600975513458, 0.4723863750696182, 0.4783928096294403, 0.47193602472543716, 0.47798357903957367, 0.4770311564207077, 0.4729890897870064, 0.46756747364997864, 0.4746035635471344, 0.4700113907456398, 0.47359549254179, 0.4701705574989319, 0.47117332369089127, 0.4747258573770523, 0.46920033544301987, 0.47223152220249176, 0.4726167470216751, 0.47686486691236496]}