{"best_val": 0.47317028045654297, "train_loss": [0.6837348673078749, 0.6792430049843259, 0.6750469207763672, 0.6708713803026412, 0.6661226484510634, 0.6614653037654029, 0.6562387545903524, 0.6513953672515022, 0.646766699022717, 0.641239239109887, 0.6351429356469048, 0.6283545527193282, 0.6209766368071238, 0.6144053041934967, 0.6067973905139499, 0.5986081494225396, 0.5906368527147505, 0.5823183490170373, 0.5770807100666894, 0.5699097878403134, 0.5652157134479947, 0.5621358686023288, 0.5576115349928538, 0.5534643431504568, 0.5501455830203162, 0.5486403339438968, 0.5465374953216977, 0.5433725946479373, 0.5404986225896411, 0.5386740499072604, 0.5376143008470535, 0.5371608734130859, 0.5369398378663592, 0.5336300747262107, 0.5315530714061525, 0.5280748489830229, 0.5279504805803299, 0.5284326639440324, 0.5263782954878278, 0.5251643674241172, 0.5257537513971329, 0.5219116177823808, 0.5207391116354201, 0.5177969369623396, 0.5174470908111997, 0.5190125786595874, 0.5167754590511322, 0.5158690628078249, 0.5172352823946211, 0.5125966717799505, 0.5135968774557114, 0.5142335163222419, 0.5135486324628195, 0.514008930987782, 0.5113551649782393, 0.5103806969192293, 0.5101309567689896, 0.5121872491306729, 0.5116767717732323, 0.5114559266302321, 0.5112243725193871], "val_loss": [0.6800105720758438, 0.6753732860088348, 0.6705632656812668, 0.6653339564800262, 0.6599727421998978, 0.6543586999177933, 0.6494217962026596, 0.6431440711021423, 0.6354729235172272, 0.6304831355810165, 0.6231437027454376, 0.6161326318979263, 0.6088041961193085, 0.59954734146595, 0.5900424867868423, 0.5816283226013184, 0.5695644319057465, 0.5618926212191582, 0.5521967560052872, 0.5466570854187012, 0.5413469523191452, 0.5347128957509995, 0.5281669348478317, 0.523411437869072, 0.5250353887677193, 0.5186062008142471, 0.5220563933253288, 0.5142072960734367, 0.5113306790590286, 0.5040077641606331, 0.5075865536928177, 0.5034535154700279, 0.5037636384367943, 0.49574705958366394, 0.4961831122636795, 0.4969795048236847, 0.4932287335395813, 0.4962216690182686, 0.497061051428318, 0.491777740418911, 0.4879141002893448, 0.4895675778388977, 0.4817488417029381, 0.4854447990655899, 0.4792464077472687, 0.4848208352923393, 0.4846605286002159, 0.484792985022068, 0.4732321873307228, 0.4776963144540787, 0.47317028045654297, 0.4767477437853813, 0.47570426762104034, 0.4769079014658928, 0.47766029089689255, 0.47685179114341736, 0.4778824672102928, 0.47440776973962784, 0.4758760407567024, 0.4736377224326134, 0.47437555342912674]}