{"best_val": 0.46081260591745377, "train_loss": [0.684128483136495, 0.6329617632759942, 0.5781282517645094, 0.5227107206980387, 0.4924676931566662, 0.48142770263883805, 0.47136688894695705, 0.4712398217784034, 0.4627731558349397, 0.46313299238681793, 0.45664873719215393, 0.4555848191181819, 0.45022938317722744, 0.45420901477336884, 0.453542571928766, 0.4509962267345852, 0.4502813203467263, 0.45203156107001835, 0.4454156094127231, 0.4461739990446303, 0.4428800559706158, 0.44417543212572735, 0.44457853337128955, 0.4392009476820628, 0.4389449556668599, 0.4403219173351924, 0.44116412103176117, 0.4412529187069999, 0.4364226510127385, 0.43704335557089913, 0.43833841217888725, 0.4378983974456787, 0.4344039377239015, 0.43397603763474357, 0.431940625111262, 0.432829639977879, 0.43324079116185504], "val_loss": [0.6569907516241074, 0.6034838408231735, 0.547927051782608, 0.5007109045982361, 0.4860546365380287, 0.480184368789196, 0.47830966114997864, 0.4790438488125801, 0.47788330167531967, 0.46814415603876114, 0.4765983819961548, 0.4771529883146286, 0.4780084639787674, 0.46797601133584976, 0.4700259044766426, 0.4745747298002243, 0.4752364233136177, 0.4611711874604225, 0.46789855509996414, 0.47346363216638565, 0.4717019647359848, 0.4670376852154732, 0.47071898728609085, 0.47993241250514984, 0.4723298028111458, 0.4744623079895973, 0.46081260591745377, 0.4644648879766464, 0.47426702827215195, 0.4646231606602669, 0.46532948315143585, 0.46741167455911636, 0.46175723522901535, 0.4661487340927124, 0.4623958170413971, 0.46845943480730057, 0.4657507389783859]}