{"best_val": 0.494074746966362, "train_loss": [0.6949696242809296, 0.6807750695281558, 0.6672854820887247, 0.6554064883126153, 0.6435735358132256, 0.6295468244287703, 0.6151150696807437, 0.5960548155837588, 0.5717939767572615, 0.550662648346689, 0.5343180199464163, 0.5249205215109719, 0.5176754792531332, 0.5143958048688041, 0.5077897525495954, 0.5080892178747389, 0.5013616383075714, 0.5024109698004193, 0.5003760457038879, 0.49766337705983055, 0.4967660672134823, 0.49183103607760537, 0.49380092322826385, 0.4911855012178421, 0.4900887740982903, 0.4878735757536358, 0.48592864804797703, 0.4850901911656062, 0.48607219258944195, 0.4829751302798589, 0.4853413866625892, 0.4860192686319351, 0.48338206940227085, 0.4813159124718772, 0.4784410893917084, 0.4789121730460061, 0.4768048988448249, 0.478703197505739, 0.4783276187049018, 0.4752769023180008, 0.47686659130785203, 0.4762076834837596, 0.47567661272154915, 0.47626201146178776, 0.4742700341675017, 0.47279856436782414], "val_loss": [0.7006776928901672, 0.6888529360294342, 0.6744368225336075, 0.6623216420412064, 0.6490404456853867, 0.6346199661493301, 0.6143798977136612, 0.5929142236709595, 0.5692766159772873, 0.5519407838582993, 0.5358381867408752, 0.5342863947153091, 0.5279492437839508, 0.5241966396570206, 0.5217393413186073, 0.5137085318565369, 0.513264000415802, 0.510185569524765, 0.5130936279892921, 0.5125438272953033, 0.5107506141066551, 0.5117646381258965, 0.5106944516301155, 0.5106569081544876, 0.5047602653503418, 0.5011068135499954, 0.5034333914518356, 0.5058655515313148, 0.505611963570118, 0.5029367059469223, 0.5061046630144119, 0.5011115521192551, 0.5057261809706688, 0.5024864226579666, 0.5014200136065483, 0.494074746966362, 0.4992191344499588, 0.4996532201766968, 0.5048040822148323, 0.4986252561211586, 0.4965858533978462, 0.5015731975436211, 0.5023172721266747, 0.49696315824985504, 0.5069171264767647, 0.49583549052476883]}