{"best_val": 0.4668700695037842, "train_loss": [0.6687119272020128, 0.6566554208596548, 0.6449737548828125, 0.6350987884733412, 0.624952518277698, 0.6150131656063927, 0.6050935718748305, 0.5960778362221189, 0.5860762463675605, 0.5777380499574873, 0.5678779946433173, 0.5579327642917633, 0.5496826304329766, 0.5418672263622284, 0.5330288112163544, 0.5281619826952616, 0.5203421860933304, 0.5178060928980509, 0.5085903588268492, 0.5061168356074227, 0.49983686374293435, 0.49826421505875057, 0.49891092545456356, 0.4936351329088211, 0.4941776394844055, 0.49288001987669205, 0.49102254543039536, 0.4909265918864144, 0.4893654485543569, 0.4905828684568405, 0.4862332410282559, 0.4868978046708637, 0.4864070415496826, 0.4856145878632863, 0.48355862829420304, 0.48416467838817173, 0.482606107989947, 0.48249797688590157, 0.483131789498859, 0.48411282731427085, 0.4820671048429277, 0.48047758638858795, 0.4799681007862091, 0.4797232697407405, 0.4824805673625734, 0.48139043980174595, 0.482270210981369, 0.47919973731040955, 0.47902211878034806, 0.4805290864573585, 0.47758708894252777, 0.4810010078880522, 0.4774775471952226], "val_loss": [0.6759130358695984, 0.6655085682868958, 0.652339443564415, 0.6410983055830002, 0.6297233700752258, 0.6213708370923996, 0.6114333271980286, 0.6013857871294022, 0.5897901952266693, 0.5812517702579498, 0.5687012225389481, 0.559275284409523, 0.5522705689072609, 0.540438637137413, 0.5358736366033554, 0.5279838070273399, 0.514359749853611, 0.5133726000785828, 0.5054807662963867, 0.4983333796262741, 0.4960070848464966, 0.4978509545326233, 0.49041958898305893, 0.4908711537718773, 0.48611924797296524, 0.4825391620397568, 0.4850657507777214, 0.4822285398840904, 0.48305585235357285, 0.4844962954521179, 0.4801485687494278, 0.47672970592975616, 0.4756785184144974, 0.4777752235531807, 0.4799359366297722, 0.482353076338768, 0.4720652252435684, 0.47887054830789566, 0.4802066683769226, 0.47451265156269073, 0.47575177252292633, 0.479087233543396, 0.4668700695037842, 0.47307468205690384, 0.4800276532769203, 0.4780152589082718, 0.4740731120109558, 0.47118502855300903, 0.47200703620910645, 0.47929903119802475, 0.4765436202287674, 0.47320591658353806, 0.47703123092651367]}