{"best_val": 0.481417715549469, "train_loss": [0.7420838806364272, 0.7190518279870352, 0.6962239477369521, 0.6705059144232008, 0.640605499347051, 0.6130267182985941, 0.5862824453247918, 0.5650286740726895, 0.5457655042409897, 0.5308706313371658, 0.5204096486171087, 0.5086491852998734, 0.5023705744081073, 0.49388086795806885, 0.4873031857940886, 0.48578564988242257, 0.4802558504872852, 0.48008569909466636, 0.47982218033737606, 0.47560229566362167, 0.4758496714962853, 0.47147732310824925, 0.47266844577259487, 0.4715118722783195, 0.47206369207965004, 0.4700560238626268, 0.47105513844225144, 0.4696005764934752, 0.4683824297454622, 0.4680754558907615, 0.46595122747951084, 0.46762387620078194, 0.4661901030275557, 0.46505512959427303, 0.46609074042903054, 0.46421948571999866, 0.4617929491731856, 0.46211247311698067, 0.46466095745563507, 0.46054287917084163, 0.4617617544200685, 0.462697630127271, 0.46187668045361835, 0.46220823129018146, 0.45932448075877297, 0.45947251717249554, 0.45970309442943996, 0.45933931072552997, 0.4598490496476491], "val_loss": [0.726468488574028, 0.7034908086061478, 0.6776387542486191, 0.6526318788528442, 0.620940238237381, 0.5933430343866348, 0.575486496090889, 0.5527334660291672, 0.5414052158594131, 0.5256795585155487, 0.5211069211363792, 0.5136348381638527, 0.5063018053770065, 0.4997066557407379, 0.49840398132801056, 0.4976499006152153, 0.49871310591697693, 0.48907333612442017, 0.4951534643769264, 0.4963585138320923, 0.4902592897415161, 0.4889107570052147, 0.4877249076962471, 0.4858611077070236, 0.49583252519369125, 0.4873008728027344, 0.484475776553154, 0.4913235753774643, 0.49416786432266235, 0.49425870180130005, 0.4859415292739868, 0.4872116521000862, 0.48810524493455887, 0.48204394429922104, 0.48820655792951584, 0.48206599056720734, 0.49724945425987244, 0.4880865663290024, 0.481417715549469, 0.4840843826532364, 0.48701809346675873, 0.4933421164751053, 0.49058498442173004, 0.4829958379268646, 0.4934918284416199, 0.4845127537846565, 0.48872849345207214, 0.4899706393480301, 0.4901237487792969]}