{"best_val": 0.4733555465936661, "train_loss": [0.7639621065722572, 0.7600440747208066, 0.7558755179246267, 0.7506904866960313, 0.7463588383462694, 0.7420298854509989, 0.7379309336344401, 0.7335928877194723, 0.7290039327409532, 0.7250363197591569, 0.7206306854883829, 0.7157620721393161, 0.7113316986295912, 0.7063795824845632, 0.7017756866084205, 0.6967594888475206, 0.6913427147600386, 0.685926314857271, 0.6804295745160844, 0.6753913693957858, 0.6700474288728502, 0.664948562781016, 0.6593085361851586, 0.6538611253102621, 0.6491127808888754, 0.6430697606669532, 0.639117740922504, 0.6344834665457407, 0.6300956904888153, 0.6248247921466827, 0.6200646658738455, 0.6163629425896539, 0.6119890842172835, 0.6083778242270151, 0.6032245126035478, 0.5999689300855001, 0.5957098868158128, 0.5926353600290086, 0.5892724626594119, 0.5865328643057082, 0.5838776893085904, 0.5806883507304721, 0.5780783295631409, 0.576136612229877, 0.573324418730206, 0.5711573825942146, 0.570260226726532, 0.566508518324958, 0.5646174550056458, 0.5639165474308862, 0.56363402472602, 0.5603594548172421, 0.5580721100171407, 0.5568800237443712, 0.5543548199865553, 0.5559111303753324, 0.5531400839487711, 0.5516050275829103, 0.5505270395014021, 0.5497725870874193, 0.5476532081762949, 0.5470200561814837, 0.5467609233326383, 0.5438152303298315, 0.5427203973134359, 0.5426068902015686, 0.5407426721519895, 0.5414224945836597, 0.5376353975799348, 0.5378114630778631, 0.5360027187400394, 0.5401526573631499, 0.5350578178962072, 0.5344935125774808, 0.5346663445234299, 0.5339796973599328, 0.5348277870151732, 0.5288013021151224, 0.5317621545659171, 0.5313281383779314, 0.5282221717966927, 0.525994297530916, 0.5287683457136154, 0.5252267072598139, 0.527102412448989, 0.5289330101675458, 0.5244520621167289, 0.5230976260370679, 0.5260082681973776, 0.5237230327394273, 0.5236178653107749, 0.5203892870081795, 0.5224815838866763, 0.5229223420222601, 0.5228082024388843, 0.5211495806773504, 0.5196906079848608, 0.5190947420067258, 0.5162420007917616, 0.5211142583025826, 0.5184252262115479, 0.5179565019077725, 0.516183551814821, 0.518880597419209, 0.5171559866931703, 0.5138299895657433, 0.5168447858757443, 0.5163911100890901, 0.515492190917333, 0.5159526516993841, 0.5139834483464559, 0.5170255667633481, 0.5140876621007919, 0.5139076742861006, 0.5118557032611635, 0.5139833572838042, 0.5153410186370214, 0.5126920921934975, 0.5125940922233794, 0.5149383015102811, 0.5097842183378007, 0.5140269133779738, 0.5079510294728808, 0.510947585105896, 0.5100577241844602, 0.5106703307893541, 0.5108456363280615, 0.5104338973760605, 0.5099210407998827, 0.510932058095932, 0.5115012327829996, 0.5085497515069114, 0.5078396085235808, 0.5099814186493555, 0.5113044463925891, 0.5115793413586087, 0.5098802844683329, 0.5084944831000434, 0.5108937306536568, 0.5085828420188692, 0.5088512202103933, 0.5065698342190849, 0.5063424391878976, 0.5111114763551288, 0.508073424299558, 0.505695672498809, 0.5063778311014175, 0.507199517554707, 0.5099285989999771, 0.5077308416366577, 0.5069204668203989, 0.5106525470813116, 0.5061275760332743, 0.5072902076774173, 0.5095082571109136, 0.5070549299319586, 0.5073832488722272], "val_loss": [0.7669615596532822, 0.7629487961530685, 0.7584687024354935, 0.754834920167923, 0.7486372143030167, 0.7442060261964798, 0.739030510187149, 0.7355060279369354, 0.7304079979658127, 0.7256343513727188, 0.7209940552711487, 0.7156205922365189, 0.7105268239974976, 0.7052037715911865, 0.7000329941511154, 0.6941975802183151, 0.6885421127080917, 0.6821481734514236, 0.6762006282806396, 0.6695540994405746, 0.6651163101196289, 0.6581480652093887, 0.6524384468793869, 0.646619439125061, 0.6414647251367569, 0.6357410997152328, 0.6286655366420746, 0.6231031864881516, 0.6190395355224609, 0.6163929849863052, 0.6103283017873764, 0.604567289352417, 0.5991574972867966, 0.5954160094261169, 0.5900075286626816, 0.5846387445926666, 0.5801407098770142, 0.5764292776584625, 0.5754722952842712, 0.5719833225011826, 0.5647630840539932, 0.561360090970993, 0.5608553886413574, 0.5567383021116257, 0.5522338896989822, 0.5537342131137848, 0.5524179935455322, 0.5441019907593727, 0.5473799109458923, 0.5445690453052521, 0.5421221852302551, 0.5404040068387985, 0.5343364179134369, 0.5316483825445175, 0.5328757166862488, 0.5312822312116623, 0.5288810133934021, 0.5298852026462555, 0.5315863266587257, 0.522907055914402, 0.5290128588676453, 0.5252821296453476, 0.5282964929938316, 0.5180449411273003, 0.5185919031500816, 0.520593911409378, 0.5115023553371429, 0.5171812027692795, 0.5151214227080345, 0.5192423313856125, 0.5142065659165382, 0.5113072991371155, 0.5107345506548882, 0.5071796104311943, 0.5026063695549965, 0.5042329579591751, 0.5094939917325974, 0.504363402724266, 0.507514014840126, 0.5008870139718056, 0.5009444132447243, 0.504094161093235, 0.5017540380358696, 0.5041857659816742, 0.5005631521344185, 0.4980751574039459, 0.4970874562859535, 0.5005180314183235, 0.49671901762485504, 0.4879232570528984, 0.4917622059583664, 0.495858795940876, 0.4982297345995903, 0.4887378141283989, 0.49018625915050507, 0.4925583451986313, 0.48777754604816437, 0.4940783753991127, 0.49147840589284897, 0.4888424947857857, 0.4928692951798439, 0.4880608543753624, 0.48496638983488083, 0.4925979971885681, 0.4896530956029892, 0.4867803305387497, 0.48362817615270615, 0.48189233988523483, 0.4895389974117279, 0.4939304441213608, 0.48805778473615646, 0.48363127559423447, 0.48397959768772125, 0.48297303169965744, 0.4874432682991028, 0.4898134469985962, 0.49036624282598495, 0.4805828481912613, 0.48257673531770706, 0.4876282215118408, 0.4801783189177513, 0.4850969463586807, 0.4805072173476219, 0.4812459796667099, 0.4791743829846382, 0.4807465374469757, 0.48510877043008804, 0.4837118983268738, 0.47841354459524155, 0.47636614739894867, 0.47530265152454376, 0.4820341542363167, 0.4799795374274254, 0.47728341817855835, 0.4785635471343994, 0.4834824725985527, 0.47743742167949677, 0.4764587953686714, 0.4744117558002472, 0.4744750186800957, 0.4753843918442726, 0.4792839363217354, 0.4785931184887886, 0.4805036559700966, 0.48034103214740753, 0.47388505935668945, 0.4733555465936661, 0.47590450197458267, 0.4770587757229805, 0.4762224704027176, 0.47631124407052994, 0.4815382808446884, 0.4765031039714813, 0.47834959626197815, 0.4760281890630722, 0.4735485762357712, 0.4744045361876488]}