{"best_val": 0.46628160774707794, "train_loss": [0.7147581511073642, 0.7054970529344347, 0.696437292628818, 0.6872890624735091, 0.6773469315634834, 0.6665825115309821, 0.6535711454020606, 0.6382049752606286, 0.6213054888778262, 0.6031273504098257, 0.5834363732073042, 0.5650754802756839, 0.5510762449767854, 0.5366081380181842, 0.5310235602988137, 0.5201059629519781, 0.510684609413147, 0.5072487642367681, 0.5001287791464064, 0.4962288737297058, 0.49310994810528225, 0.4859866499900818, 0.4852949877580007, 0.48057654996713, 0.47689810891946155, 0.476272819770707, 0.47274909251266056, 0.47307974596818286, 0.4720365239514245, 0.47128113276428646, 0.46808430718051064, 0.4681723564863205, 0.465986258453793, 0.4643853141201867, 0.46236325138145024, 0.461802010734876, 0.4608514888419045, 0.45936306152078843, 0.4581299175818761, 0.46108657452795243, 0.4594135599003898, 0.4568498482306798, 0.45908228556315106, 0.4542577448818419, 0.4563053399324417, 0.45578226778242326, 0.45683211253749, 0.45376461413171554, 0.4515579491853714, 0.4513068613078859, 0.4506387280093299, 0.4515802164872487, 0.45135312610202366, 0.45113295316696167, 0.45151787334018284, 0.45088128911124337, 0.4530349059237374, 0.4523731784688102, 0.4509865426354938, 0.4500071009000142, 0.4500612434413698, 0.45079749988185036, 0.44972969426049125], "val_loss": [0.706519365310669, 0.6984043121337891, 0.6905523389577866, 0.682548999786377, 0.6733188480138779, 0.6637780368328094, 0.6515284180641174, 0.6377041935920715, 0.6218942254781723, 0.6097081303596497, 0.5974087566137314, 0.5836313813924789, 0.576961487531662, 0.5620581805706024, 0.5543948262929916, 0.5481318533420563, 0.5453136712312698, 0.537017248570919, 0.5290257781744003, 0.524424284696579, 0.5155016481876373, 0.5136714801192284, 0.514438733458519, 0.5011071562767029, 0.5009652078151703, 0.5015382990241051, 0.4972536936402321, 0.49566129595041275, 0.490898035466671, 0.4883919954299927, 0.49196624010801315, 0.48728348314762115, 0.48442088812589645, 0.4860037639737129, 0.4874553233385086, 0.4794241040945053, 0.47953420877456665, 0.48068928718566895, 0.480249360203743, 0.4817156121134758, 0.4824671149253845, 0.48495853692293167, 0.480444960296154, 0.4781593084335327, 0.4748239070177078, 0.47556930035352707, 0.4780278876423836, 0.48155441135168076, 0.4725021868944168, 0.4785144701600075, 0.4708579555153847, 0.4755774959921837, 0.46628160774707794, 0.4704795777797699, 0.4738515168428421, 0.4760400652885437, 0.4724602475762367, 0.4721550792455673, 0.4682912155985832, 0.4702116400003433, 0.4735645279288292, 0.47442102432250977, 0.46842171996831894]}