{"best_val": 0.4527340456843376, "train_loss": [0.6927345759338803, 0.6420730219946967, 0.5817207396030426, 0.5276122970713509, 0.5032985144191318, 0.4901939464939965, 0.4763995011647542, 0.47270734111468, 0.47423863410949707, 0.4640180750025643, 0.46505388286378646, 0.4642127404610316, 0.46547704603936935, 0.4584485871924294, 0.45869706405533683, 0.45653964579105377, 0.4560866885715061, 0.45560651852024925, 0.4534858862559001, 0.45577729245026904, 0.452830692132314, 0.45300549930996364], "val_loss": [0.6625426858663559, 0.6091706156730652, 0.5462475419044495, 0.5096768364310265, 0.4966166913509369, 0.4783141240477562, 0.47535183280706406, 0.4737921729683876, 0.46859564632177353, 0.4632115215063095, 0.464519165456295, 0.4527340456843376, 0.46127697080373764, 0.458418145775795, 0.46983956545591354, 0.4565540701150894, 0.457540400326252, 0.4536146819591522, 0.46081070601940155, 0.4591366574168205, 0.45587968826293945, 0.4616844207048416]}