{"best_val": 0.45691242069005966, "train_loss": [0.6967444750997756, 0.6857978072431352, 0.6747646232446035, 0.6652162075042725, 0.6552682154708438, 0.643718550602595, 0.632709350850847, 0.6201810671223534, 0.6065083146095276, 0.5931826498773363, 0.5821645028061337, 0.5690633389684889, 0.5580306086275313, 0.5497472369008594, 0.5392256097661124, 0.5287803411483765, 0.523406638039483, 0.5194342997339036, 0.5152573270930184, 0.5081648031870524, 0.5059812019268671, 0.5027212036980523, 0.5013491561015447, 0.5003650784492493, 0.5003036343389087, 0.4965560022327635, 0.4947356598244773, 0.49357179469532436, 0.4930202215909958, 0.492248910996649, 0.49353622727923924, 0.4917764729923672, 0.4904237555132972, 0.4855314443508784, 0.48866135709815556, 0.49199708302815753, 0.4880393313037025, 0.4901745600832833, 0.48836546970738304, 0.48654423157374066, 0.48546497689353096, 0.487763739294476, 0.48350052369965446, 0.48920246793164146, 0.486880029241244, 0.4842270579602983, 0.483738887641165, 0.48293892211384243, 0.4864399962955051, 0.4834035038948059, 0.482115990585751], "val_loss": [0.6854602694511414, 0.6740307956933975, 0.6645024567842484, 0.6547916531562805, 0.6442436724901199, 0.6334608346223831, 0.6174338608980179, 0.6055877804756165, 0.5930792093276978, 0.5771558731794357, 0.5653654783964157, 0.5538720488548279, 0.5435930341482162, 0.5336353331804276, 0.5253657326102257, 0.5130182206630707, 0.5057624652981758, 0.501266598701477, 0.4937141165137291, 0.49207182973623276, 0.4853646978735924, 0.4893806204199791, 0.4776148870587349, 0.48121165484189987, 0.4818260595202446, 0.4782271608710289, 0.47512298077344894, 0.47409431636333466, 0.4721485301852226, 0.4779830276966095, 0.4687919169664383, 0.4751262590289116, 0.4690413773059845, 0.47137945145368576, 0.46659066528081894, 0.4705885499715805, 0.46660974621772766, 0.4691217988729477, 0.46598931401968, 0.47128594666719437, 0.45691242069005966, 0.4695819020271301, 0.4617585241794586, 0.46342215687036514, 0.4635584056377411, 0.4656292498111725, 0.46542397141456604, 0.4590807780623436, 0.4618634730577469, 0.4598498269915581, 0.45790237933397293]}