{"best_val": 0.4866054430603981, "train_loss": [0.6612854136361016, 0.6314866873953078, 0.6105889413091872, 0.5919108655717638, 0.5733991232183244, 0.5594277944829729, 0.5427538437975777, 0.5272410263617834, 0.518805303507381, 0.5118881132867601, 0.5057834635178248, 0.5064983318249384, 0.5019610507620705, 0.498347176445855, 0.4944915539688534, 0.49104000793562996, 0.4938888947168986, 0.4883854322963291, 0.48576582140392727, 0.4824813852707545, 0.4853286213344998, 0.48335745765103233, 0.48321859041849774, 0.4802608721786075, 0.4818134175406562, 0.4799160924222734, 0.47946539852354264, 0.47452107734150356, 0.4785422914557987, 0.47618141108089024, 0.4744430085023244, 0.47182465593020123, 0.472539472911093, 0.47368572817908394, 0.4736924519141515, 0.47075442804230583], "val_loss": [0.623937264084816, 0.6037675738334656, 0.5893600136041641, 0.5723686814308167, 0.5580994486808777, 0.540741354227066, 0.5259317606687546, 0.5184521079063416, 0.5103506445884705, 0.5062419027090073, 0.5057520121335983, 0.5072103291749954, 0.49862585216760635, 0.5027603805065155, 0.4966368153691292, 0.5057805329561234, 0.49977222084999084, 0.4959990456700325, 0.49558601528406143, 0.4960034191608429, 0.49501772224903107, 0.49286088347435, 0.49219153076410294, 0.4939305931329727, 0.49546756595373154, 0.4866054430603981, 0.4888642728328705, 0.49202853441238403, 0.488503135740757, 0.49698714911937714, 0.49161597341299057, 0.48759501427412033, 0.49032069742679596, 0.48826056718826294, 0.4883226603269577, 0.48983263224363327]}