{"best_val": 0.4808201938867569, "train_loss": [0.6977934241294861, 0.6935385465621948, 0.6892970932854546, 0.6852579812208811, 0.6806575225459205, 0.6761381692356534, 0.6709103716744317, 0.6658479505115085, 0.6604613926675584, 0.6542972359392378, 0.6482633517848121, 0.6411863731013404, 0.6346688270568848, 0.6272535257869296, 0.618966774808036, 0.6114030480384827, 0.6038051214483049, 0.5965054697460599, 0.5887390474478403, 0.5796896384821998, 0.5732736753092872, 0.5658885174327426, 0.5624511672390832, 0.5560153540637758, 0.5498334997230105, 0.5451035979721282, 0.5393711858325534, 0.5355195005734762, 0.5333961430523131, 0.527176923222012, 0.524155103498035, 0.5202944891320335, 0.5168245683113734, 0.5143028613593843, 0.5117874724997414, 0.5100166185034646, 0.5057640439934201, 0.5046448740694258, 0.504157950480779, 0.5002748784091737, 0.5029495871729321, 0.49817576507727307, 0.4996236148807738, 0.49490521517064834, 0.4946930408477783, 0.49384286834133995, 0.49380670819017625, 0.4911793652507994, 0.4915586660305659, 0.49519061545530957, 0.49002714620696175, 0.4908766829305225, 0.48875875108771855, 0.4902477198176914, 0.4903414365318086, 0.4893694751792484, 0.4903036637438668, 0.4854618443383111, 0.4884505834844377, 0.48572854532135856, 0.48429245750109357, 0.48622438973850673, 0.48594790200392407, 0.4845180826054679, 0.4856818864742915, 0.48486554125944775, 0.4834648718436559, 0.4835003945562575, 0.48234899673197007, 0.48377883103158736, 0.4839373562071059, 0.48377473652362823, 0.48191597561041516, 0.4818621807628208, 0.4809616555770238, 0.48143257531854844, 0.4829200771119859, 0.4824679758813646, 0.4796883712212245, 0.4799509578280979, 0.4802577495574951, 0.47839246359136367], "val_loss": [0.6954585313796997, 0.6912923604249954, 0.687203124165535, 0.6829055100679398, 0.6784892380237579, 0.6735200434923172, 0.6688192188739777, 0.6630826145410538, 0.6572821587324142, 0.6508664935827255, 0.645209014415741, 0.6389402747154236, 0.6308263838291168, 0.6227467954158783, 0.6166403442621231, 0.6052151173353195, 0.5991052389144897, 0.5929008275270462, 0.5846568644046783, 0.5738274455070496, 0.5699046105146408, 0.5639870166778564, 0.5570640712976456, 0.5536044985055923, 0.5484559237957001, 0.5471109598875046, 0.5422368869185448, 0.5286275669932365, 0.5332788378000259, 0.5283039212226868, 0.5245271176099777, 0.5206213220953941, 0.5196269229054451, 0.5100625306367874, 0.5130633264780045, 0.5084208548069, 0.5040887072682381, 0.5084143877029419, 0.5038016512989998, 0.5110819116234779, 0.49984000623226166, 0.49810389429330826, 0.50273597240448, 0.49665337055921555, 0.49309899657964706, 0.499391570687294, 0.4966733232140541, 0.4959098547697067, 0.49125634133815765, 0.48910142481327057, 0.4924195259809494, 0.494015671312809, 0.4979623705148697, 0.49096663296222687, 0.4903823584318161, 0.49443529546260834, 0.49206290394067764, 0.48556555807590485, 0.48758894950151443, 0.49129558354616165, 0.48875103890895844, 0.4873266741633415, 0.4858942851424217, 0.4842086508870125, 0.4854072630405426, 0.49115873873233795, 0.48112902790308, 0.4897364228963852, 0.4820660948753357, 0.49366749078035355, 0.4819200411438942, 0.4808201938867569, 0.4826597794890404, 0.48302675783634186, 0.48755811899900436, 0.48613957315683365, 0.48804953694343567, 0.4836229085922241, 0.48174745589494705, 0.48658614605665207, 0.48901305347681046, 0.49174488335847855]}