{"best_val": 0.5027881041169167, "train_loss": [0.6656834847397275, 0.6281181077162424, 0.5850370791223314, 0.5451778438356187, 0.5159856677055359, 0.5014407601621416, 0.4955141329103046, 0.4890196207496855, 0.48675455815262264, 0.48096490403016406, 0.47988736463917625, 0.4792424754963981, 0.47733942336506313, 0.473866558737225, 0.4723740882343716, 0.4764099634355969, 0.46820065048005843, 0.46837452716297573, 0.46475036607848275, 0.46938381095727283, 0.4660087873538335, 0.46632928484015995, 0.4657084246476491, 0.465135309431288, 0.46326052480273777, 0.4597637636793984, 0.45894285705354476, 0.4600902150074641, 0.4608517504400677, 0.4590261396434572, 0.4587268978357315, 0.45698995722664726, 0.45614666408962673, 0.4556840989324782, 0.45219677355554366, 0.455627903342247, 0.45077912012736004, 0.4528977158996794, 0.4512236929602093, 0.45382582975758445, 0.45096366273032296, 0.45473790996604496], "val_loss": [0.6524674594402313, 0.6193723231554031, 0.5906475335359573, 0.5564320236444473, 0.5401738286018372, 0.5242952927947044, 0.518155924975872, 0.5205408185720444, 0.5184103101491928, 0.5179278627038002, 0.5200146585702896, 0.514694906771183, 0.5189963951706886, 0.5169782117009163, 0.5183883309364319, 0.5120372250676155, 0.5138712972402573, 0.5085704028606415, 0.5154853612184525, 0.5066046416759491, 0.5135619044303894, 0.5053145289421082, 0.5107313618063927, 0.5038799270987511, 0.515213705599308, 0.5042251795530319, 0.5178394094109535, 0.5092619433999062, 0.5119397193193436, 0.5077317580580711, 0.5150756239891052, 0.5027881041169167, 0.5045580938458443, 0.5084721818566322, 0.5074786394834518, 0.5088614448904991, 0.5079787746071815, 0.5049571692943573, 0.5052135065197945, 0.51093889772892, 0.5100637823343277, 0.5044334381818771]}