{"best_val": 0.5086541399359703, "train_loss": [0.7182019783390893, 0.712619294722875, 0.7071811589929793, 0.7016510797871484, 0.6959265967210134, 0.6899730033344693, 0.6837527255217234, 0.677066445350647, 0.669830987850825, 0.6625124348534478, 0.6530988415082296, 0.6441958049933115, 0.6345383359326257, 0.6224571433332231, 0.6106218232048882, 0.6006334523359934, 0.5890837212403616, 0.5801887777116563, 0.5704784591992696, 0.5638545023070441, 0.559980677233802, 0.553084436390135, 0.5464344306124581, 0.5425403234031465, 0.53951262931029, 0.5357381320661969, 0.5314509752723906, 0.5282310330205493, 0.5240043418274986, 0.5202901562054952, 0.5180458542373445, 0.5174856334924698, 0.5137584093544219, 0.5101942519346873, 0.5097110271453857, 0.5076869130134583, 0.5051738719145457, 0.5057990567551719, 0.501668201552497, 0.5032773564259211, 0.5012349569135242, 0.4977945172124439, 0.49918828904628754, 0.4995010726981693, 0.4962975995408164, 0.4943222668435838, 0.4966059194670783, 0.49359186987082165, 0.49226462178760105, 0.4916704247395198, 0.4904079751835929, 0.4895954463216994, 0.4888231572177675, 0.48798103796111214, 0.48927759793069625, 0.4858481850888994, 0.48808004955450696, 0.48649173809422386, 0.486344082487954, 0.48771702746550244], "val_loss": [0.7141481786966324, 0.7094324231147766, 0.7045543789863586, 0.6992862522602081, 0.6939574033021927, 0.6881454885005951, 0.6823773235082626, 0.6760386079549789, 0.669012114405632, 0.6625407338142395, 0.6538665741682053, 0.6463492959737778, 0.6371425241231918, 0.6282613277435303, 0.6173016875982285, 0.6104068160057068, 0.5994882732629776, 0.5941409021615982, 0.5889030992984772, 0.581858441233635, 0.5777860283851624, 0.5747866630554199, 0.5699101537466049, 0.5620532333850861, 0.5657868385314941, 0.5578569024801254, 0.5550694912672043, 0.5476215407252312, 0.5496392548084259, 0.555163212120533, 0.5412033870816231, 0.5437578856945038, 0.5446753352880478, 0.5343426764011383, 0.5370786488056183, 0.536728672683239, 0.5312162637710571, 0.5370908826589584, 0.5358661934733391, 0.5315504521131516, 0.5228727981448174, 0.5278816744685173, 0.5284954309463501, 0.5267698615789413, 0.529683031141758, 0.5152474418282509, 0.5238089635968208, 0.5271274596452713, 0.5226019099354744, 0.5086541399359703, 0.5202051773667336, 0.5183075219392776, 0.5238472893834114, 0.5190412998199463, 0.517773412168026, 0.5172179043292999, 0.5187873914837837, 0.5183850675821304, 0.5132029056549072, 0.5225376188755035]}