{"best_val": 0.5091622769832611, "train_loss": [0.658286021815406, 0.649185534980562, 0.6397596100966135, 0.6323501202795241, 0.6228371792369418, 0.612752679321501, 0.6027909318606058, 0.5914394524362352, 0.5800720552603403, 0.5698391629589928, 0.5595606863498688, 0.5495942466788821, 0.539359513256285, 0.5330338345633613, 0.526537181602584, 0.5214088824060228, 0.5153361128436195, 0.5123029632700814, 0.5108968781100379, 0.5105923828151491, 0.5050073067347208, 0.5064901991022958, 0.5025567809740702, 0.49711325102382237, 0.4984448982609643, 0.4971108072333866, 0.49550691578123307, 0.4935309158431159, 0.49354985025193954, 0.49164078798558974, 0.491881830824746, 0.4886758741405275, 0.48950329422950745, 0.48735185464223224, 0.485378709104326, 0.48752928111288285, 0.48463909990257686, 0.48602644271320766, 0.48269515567355686, 0.4819652239481608, 0.4818188382519616, 0.4795912603537242, 0.48031983110639787, 0.4805472609069612, 0.48035039669937557, 0.47707737651136184, 0.4814870258172353, 0.4795279817448722, 0.4771671046813329, 0.4759589383999507, 0.481873568561342, 0.47436028387811446, 0.4745667709244622, 0.47297204699781203, 0.4716828001870049, 0.47428518202569747, 0.4721199572086334, 0.4750002208683226, 0.47433749669127995, 0.4737090633975135, 0.4699540038903554, 0.47414834300676983, 0.4731870839993159, 0.4726383023791843, 0.47257713973522186], "val_loss": [0.6552837491035461, 0.6480875462293625, 0.63869409263134, 0.630654439330101, 0.6254989355802536, 0.6126313209533691, 0.6044236570596695, 0.5945531129837036, 0.5866411477327347, 0.579460859298706, 0.566838949918747, 0.5612344741821289, 0.5529256165027618, 0.547488659620285, 0.5446824729442596, 0.5465614274144173, 0.5411680191755295, 0.5356708392500877, 0.5359514206647873, 0.5326607972383499, 0.523299053311348, 0.527705542743206, 0.5259024426341057, 0.5236323028802872, 0.5266885757446289, 0.5275711715221405, 0.5232133343815804, 0.5227348804473877, 0.5139674469828606, 0.5223660692572594, 0.5189367458224297, 0.521206296980381, 0.522087037563324, 0.5219177380204201, 0.5244366824626923, 0.5148892104625702, 0.5188722759485245, 0.5128145590424538, 0.5198808312416077, 0.5149845257401466, 0.5179091542959213, 0.5168018490076065, 0.5205378755927086, 0.5144224613904953, 0.5149289891123772, 0.5194018334150314, 0.5153770595788956, 0.5103559717535973, 0.5180420204997063, 0.5283841714262962, 0.5154112353920937, 0.5158814787864685, 0.5129453390836716, 0.5129339918494225, 0.5091622769832611, 0.5123521313071251, 0.513809822499752, 0.5182112976908684, 0.516688846051693, 0.5126869305968285, 0.5130445510149002, 0.5107496902346611, 0.5094811245799065, 0.5121713802218437, 0.5157167613506317]}