{"best_val": 0.4791289269924164, "train_loss": [0.6930247578356001, 0.6281567712624868, 0.5629957947466109, 0.5133353753222359, 0.48941972686184776, 0.4796281423833635, 0.46687726345327163, 0.46122074458334184, 0.45896972715854645, 0.45164472858111065, 0.4547634869813919, 0.4486935983101527, 0.4495016684134801, 0.4451107697354423, 0.4442855070034663, 0.44272033870220184, 0.44068512817223865, 0.44162101215786403, 0.4383296271165212, 0.438060376379225, 0.4378470265203052, 0.4379386901855469, 0.4349081814289093, 0.4337052073743608, 0.4331420660018921, 0.43442200620969135, 0.4310821013318168, 0.4338825030459298, 0.43066107895639205, 0.4317205780082279, 0.43116242190202075, 0.4290615701013141, 0.42583353486326003], "val_loss": [0.6560252755880356, 0.5935411155223846, 0.5443120524287224, 0.509573794901371, 0.5070358440279961, 0.49677274376153946, 0.49487531185150146, 0.49385178089141846, 0.49231017380952835, 0.49195967614650726, 0.49257151037454605, 0.49541033804416656, 0.4875558912754059, 0.4837637096643448, 0.48505036532878876, 0.485893189907074, 0.4862898662686348, 0.48530101031064987, 0.4868462085723877, 0.49121424555778503, 0.48127462714910507, 0.48682213574647903, 0.4791289269924164, 0.4871412366628647, 0.48426900058984756, 0.4916218891739845, 0.49442926049232483, 0.4872971251606941, 0.4930744171142578, 0.49144114553928375, 0.4851186275482178, 0.4803585335612297, 0.4804733991622925]}