{"best_val": 0.5175590589642525, "train_loss": [0.7538683513800303, 0.7405699226591322, 0.7270890971024832, 0.7130101422468821, 0.6972357067796919, 0.6816811561584473, 0.6627928449047936, 0.6409837073749967, 0.6196387178368039, 0.5974447727203369, 0.5785153839323256, 0.5594826771153344, 0.5443811896774504, 0.5312476754188538, 0.5231442699829737, 0.5151342120435503, 0.510679735077752, 0.5065531498856015, 0.5055144114626778, 0.5021338380045361, 0.5007009026077058, 0.4988692071702745, 0.49490930636723834, 0.494187667965889, 0.4933995091252857, 0.49322427809238434, 0.49106256498230827, 0.4914334432946311, 0.4898020376761754, 0.4876504772239261, 0.48675521380371517, 0.486656097902192, 0.48707471622361076, 0.4864833851655324, 0.48717955417103237, 0.4830471807056003, 0.48398981657293105, 0.47993500530719757, 0.4833274549908108, 0.48480161196655697, 0.48387303451697034], "val_loss": [0.7567711025476456, 0.7447352856397629, 0.7347244173288345, 0.721296951174736, 0.7053871899843216, 0.6888866275548935, 0.6700823307037354, 0.6526506692171097, 0.632344126701355, 0.6132570803165436, 0.5939305573701859, 0.5798199027776718, 0.5653595924377441, 0.557330995798111, 0.549002930521965, 0.5451543927192688, 0.5379013270139694, 0.5317565947771072, 0.5370595306158066, 0.5304090082645416, 0.5314882397651672, 0.531607061624527, 0.5291725993156433, 0.5245437994599342, 0.5273375660181046, 0.5281825289130211, 0.5242638140916824, 0.5196816176176071, 0.5225514024496078, 0.5279417783021927, 0.5175590589642525, 0.5250123888254166, 0.518952876329422, 0.520463339984417, 0.5226233452558517, 0.5196421816945076, 0.5180282592773438, 0.5237305238842964, 0.5208633691072464, 0.5193998366594315, 0.5244160890579224]}