{"best_val": 0.4742974415421486, "train_loss": [0.8701583875550164, 0.8460667166444991, 0.8281092279487186, 0.8089834749698639, 0.7895083791679807, 0.77133951915635, 0.7572214504082998, 0.7442001899083456, 0.7317703829871284, 0.7195471260282729, 0.7069997953044044, 0.6945851378970676, 0.6799078782399496, 0.66220290462176, 0.646957301431232, 0.6306110123793284, 0.6142676505777571, 0.5983412497573428, 0.5827658375104269, 0.5703662070963118, 0.5579614639282227, 0.5488303866651323, 0.5408295641342798, 0.5343380570411682, 0.5314761416779624, 0.5293599350584878, 0.5250679287645552, 0.5288224418958029, 0.5213330288728079, 0.5194287697474161, 0.5206054117944505, 0.5208320220311483, 0.5170334097411897, 0.5155388348632388, 0.5169965012205971, 0.5121914429797066, 0.5174003740151724, 0.517357682188352, 0.5145086314943101, 0.5130081375439962, 0.5095561842123667, 0.5107629001140594, 0.5121121009190878, 0.5082907577355703, 0.5126787043280072, 0.5125298615958955, 0.5077471799320645, 0.5104543169339498, 0.5082929349607892, 0.5058439042833116, 0.5066137611865997, 0.5073609799146652, 0.5048355658849081, 0.5051863806115257, 0.5061663190523783, 0.5025897671778997, 0.5043907231754727, 0.5009174644947052, 0.5019599729114108, 0.5013613518741395, 0.5010764797528585], "val_loss": [0.7897912412881851, 0.7747338563203812, 0.7635742574930191, 0.754048764705658, 0.7445181906223297, 0.7344974428415298, 0.72409288585186, 0.712927520275116, 0.7035316228866577, 0.6952650099992752, 0.6860038638114929, 0.6753749698400497, 0.6596335172653198, 0.6441427618265152, 0.6305639445781708, 0.6139748394489288, 0.5965261608362198, 0.581267237663269, 0.5610710084438324, 0.5498232841491699, 0.5367923527956009, 0.5335747376084328, 0.5212621763348579, 0.5160751044750214, 0.5101668313145638, 0.5103835910558701, 0.5069885700941086, 0.5029292702674866, 0.5072355940937996, 0.5049528628587723, 0.49736376106739044, 0.49583401530981064, 0.49715710431337357, 0.4905685782432556, 0.4999468997120857, 0.48773910105228424, 0.4874642714858055, 0.4906204640865326, 0.4946727529168129, 0.48937171697616577, 0.4897400215268135, 0.4893709272146225, 0.4845396354794502, 0.488443061709404, 0.48645274341106415, 0.4893353432416916, 0.4867955446243286, 0.48327629268169403, 0.4875548258423805, 0.4859210178256035, 0.4742974415421486, 0.4855486676096916, 0.48340241611003876, 0.48975977301597595, 0.4875096306204796, 0.48013629019260406, 0.47626547515392303, 0.48449748009443283, 0.4822792187333107, 0.4768133610486984, 0.48129526525735855]}