{"best_val": 0.45934511721134186, "train_loss": [0.7096884714232551, 0.6829034454292722, 0.6527228322294023, 0.6135534048080444, 0.5660789244704776, 0.5237595587968826, 0.5019434326224856, 0.48720213605297935, 0.47926464345720077, 0.4759175678094228, 0.4712032377719879, 0.4669759025176366, 0.4622495240635342, 0.46160806053214604, 0.45970256957742905, 0.4573486066526837, 0.4569185475508372, 0.45320703585942584, 0.45527176227834487, 0.45349138809574974, 0.4557211614317364, 0.45521971748934853, 0.45516277352968854, 0.45105494889948106, 0.45224634806315106, 0.45387929843531716, 0.44954535861810047, 0.45289237797260284, 0.44934989015261334, 0.44825557867685956, 0.44760816627078587, 0.44660203489992356, 0.44914274248811936, 0.44682591160138446, 0.44801463849014705, 0.4453030692206489, 0.4436097691456477, 0.44391243490907883, 0.44342608087592655], "val_loss": [0.6887718737125397, 0.6640752553939819, 0.6336230337619781, 0.5966456532478333, 0.5600455403327942, 0.5339710116386414, 0.5096990466117859, 0.4970254451036453, 0.4872450977563858, 0.4831789955496788, 0.4825555458664894, 0.4797140955924988, 0.4764603301882744, 0.47166234999895096, 0.47005072236061096, 0.47384752333164215, 0.4727605879306793, 0.4686596840620041, 0.4677048474550247, 0.47424959391355515, 0.46642353385686874, 0.4712860584259033, 0.4607493728399277, 0.46585699170827866, 0.46037137508392334, 0.4682558849453926, 0.4598877802491188, 0.463371604681015, 0.45934511721134186, 0.461045041680336, 0.47346601635217667, 0.46936073899269104, 0.4593845531344414, 0.46016332507133484, 0.462741918861866, 0.4665396362543106, 0.46588245779275894, 0.46597982943058014, 0.46474023908376694]}