{"best_val": 0.47140931338071823, "train_loss": [0.6701749761899313, 0.6601676874690585, 0.6502882341543833, 0.6393791933854421, 0.6282623443338606, 0.6178275114960141, 0.6068119340472751, 0.5945291188028123, 0.5810741086800894, 0.5698641174369388, 0.5570586654875014, 0.546818322605557, 0.5395683977339003, 0.5372652510801951, 0.535276386472914, 0.5305213961336348, 0.5268547319703631, 0.524653070502811, 0.5206715100341373, 0.5247979213794073, 0.5188160075081719, 0.5173480345143212, 0.5185447053776847, 0.5185276634163327, 0.5146226220660739, 0.5161076254314847, 0.5145898511012396, 0.5140366405248642, 0.5113320383760664, 0.5147102210256789, 0.5142040236128701, 0.5133569687604904, 0.5111506697204378, 0.5085017995701896, 0.5059813790851169, 0.5056524111164941, 0.5086303949356079, 0.5094383872217603, 0.5053338491254382, 0.506342179245419, 0.506397909588284, 0.5049883044428296, 0.506445500585768, 0.5030160347620646, 0.5030536072121726, 0.5018275330464045], "val_loss": [0.6646637171506882, 0.649844154715538, 0.6389248073101044, 0.6264332383871078, 0.6151265203952789, 0.6035186946392059, 0.5861478894948959, 0.5718737691640854, 0.5561780482530594, 0.5418782383203506, 0.5318524017930031, 0.5159634575247765, 0.5112141817808151, 0.503760389983654, 0.4994698166847229, 0.4994538500905037, 0.49928683787584305, 0.49256860464811325, 0.4921477511525154, 0.4919460564851761, 0.4846029654145241, 0.48087117820978165, 0.4841350317001343, 0.481039822101593, 0.4792390912771225, 0.48107122629880905, 0.4794841483235359, 0.4823540151119232, 0.48007842153310776, 0.4800453409552574, 0.4803849831223488, 0.4737052246928215, 0.47323761880397797, 0.4752631038427353, 0.4747755154967308, 0.47140931338071823, 0.47183672338724136, 0.4750438928604126, 0.4824036955833435, 0.4733869358897209, 0.47181225568056107, 0.4785108119249344, 0.4801492691040039, 0.4754452481865883, 0.4742334857583046, 0.4764139726758003]}