{"best_val": 0.44624006748199463, "train_loss": [0.7262321876155006, 0.6965142952071296, 0.6678765118122101, 0.6361448632346259, 0.6026103595892588, 0.5681775642765893, 0.5411165555318197, 0.5251606504122416, 0.512879717681143, 0.5056915829579035, 0.4976932903130849, 0.4966361042526033, 0.4980401810672548, 0.49430421822600895, 0.49056507647037506, 0.4913665023114946, 0.4906170550319884, 0.49071790443526375, 0.48708292014069027, 0.4859120349089305, 0.48292191326618195, 0.48212379217147827, 0.48012948201762307, 0.48299336598979103, 0.48275593088732827, 0.4823348538743125, 0.4797985669639375, 0.4805338266823027, 0.4785746435324351, 0.47667789790365434, 0.47292935517099166, 0.47789838578965926, 0.4765329327848222, 0.4740431391530567, 0.4741155720419354, 0.473195128970676, 0.47120316823323566, 0.47377218968338436, 0.4712226705418693, 0.47164544297589195, 0.4693536443842782, 0.46795318524042767, 0.46694882876343197, 0.4690739545557234, 0.46911303367879653, 0.46987087031205493, 0.4657398677534527, 0.4634766611788008, 0.46700844830936855, 0.46610995795991683, 0.4661545902490616, 0.46368231376012164, 0.4639415625068877, 0.4646533992555406, 0.4620589216550191, 0.4652356141143375, 0.4651469687620799, 0.4630376713143455, 0.46365086403157973, 0.4607154710425271, 0.46600158512592316, 0.46284551587369704, 0.4599909997648663, 0.46117426620589363, 0.46213186780611676, 0.46097582744227517, 0.4558921472893821, 0.4581340071227815, 0.4582241823275884, 0.4599405626455943, 0.457540363073349, 0.4575340814060635, 0.45536914633380043, 0.4600539886289173, 0.4542628361119164], "val_loss": [0.6998765170574188, 0.6704525500535965, 0.6430961489677429, 0.607560470700264, 0.5759178400039673, 0.5450877398252487, 0.5253361538052559, 0.5073412135243416, 0.4988827630877495, 0.4953429400920868, 0.486518956720829, 0.48641277849674225, 0.4790780246257782, 0.47901035845279694, 0.4797929376363754, 0.47666221112012863, 0.4752679318189621, 0.4755891487002373, 0.4707351624965668, 0.47367874532938004, 0.4725099056959152, 0.46471769362688065, 0.46078450977802277, 0.4705696702003479, 0.45884767919778824, 0.45969177782535553, 0.46416667848825455, 0.4664843901991844, 0.4606066718697548, 0.47078149765729904, 0.4663102626800537, 0.4624956026673317, 0.4624849334359169, 0.4570257142186165, 0.4546457529067993, 0.45644495636224747, 0.4610852152109146, 0.4577453061938286, 0.4566341042518616, 0.4570683240890503, 0.45287875086069107, 0.4645528346300125, 0.4532758891582489, 0.4587317556142807, 0.45927299559116364, 0.4533006027340889, 0.45277539640665054, 0.45366504043340683, 0.45467691868543625, 0.45175767689943314, 0.4542597681283951, 0.4520385414361954, 0.45428916811943054, 0.45313312113285065, 0.45214520394802094, 0.4475780576467514, 0.4547177776694298, 0.45356523990631104, 0.4522494077682495, 0.45626194030046463, 0.44863007962703705, 0.4485907033085823, 0.45266808569431305, 0.447896808385849, 0.44624006748199463, 0.45240089297294617, 0.4514831230044365, 0.4462910443544388, 0.45326100289821625, 0.4506488963961601, 0.4538332000374794, 0.44659003615379333, 0.4543660283088684, 0.4510076344013214, 0.45433490723371506]}