{"best_val": 0.4759381040930748, "train_loss": [0.6877978245417277, 0.6591239306661818, 0.6315302948156992, 0.6028351287047068, 0.5714449452029334, 0.5379335549142625, 0.5189623882373174, 0.5001557750834359, 0.48785589469803703, 0.4818257341782252, 0.47695982787344193, 0.47018540567821926, 0.4634913487566842, 0.46266186071766746, 0.4600130584504869, 0.45967593292395276, 0.4549375789033042, 0.4531218061844508, 0.45558281739552814, 0.45390671657191384, 0.4516348358657625, 0.4529500189754698, 0.4541596737172868, 0.45124898685349357, 0.44963135818640393, 0.4483919110563066, 0.4486193375455009], "val_loss": [0.6659178286790848, 0.6396128833293915, 0.612667590379715, 0.5817691683769226, 0.5477842539548874, 0.5287554487586021, 0.5051198080182076, 0.49891089648008347, 0.4896361455321312, 0.4847603365778923, 0.4855005517601967, 0.48681431263685226, 0.4772414565086365, 0.4832835718989372, 0.47715893387794495, 0.4765368551015854, 0.4759381040930748, 0.4779009446501732, 0.4787978157401085, 0.48052819818258286, 0.4802689179778099, 0.48213211447000504, 0.4770703613758087, 0.48377613723278046, 0.4790429174900055, 0.4774934872984886, 0.48384125530719757]}