{"best_val": 0.44783756881952286, "train_loss": [0.6783444848325517, 0.6487541165616777, 0.6203917529847887, 0.589618550406562, 0.5551329337888293, 0.5307839446597629, 0.5116600890954336, 0.4982522626717885, 0.48765284485287136, 0.48258644342422485, 0.4785342282719082, 0.47769700321886277, 0.4757014761368434, 0.4697097573015425, 0.46910616093211704, 0.4692303107844459, 0.4657880730099148, 0.4659276803334554, 0.4677581356631385, 0.4660942273007499, 0.46572133236461216, 0.46794505251778495, 0.4655332068602244, 0.4641109373834398, 0.4627371066146427, 0.46284328069951797, 0.464354008436203, 0.4605427583058675, 0.4620361857944065, 0.458758478363355, 0.4624621752235625, 0.46065933836830986, 0.458926217423545, 0.4569161815775765, 0.46110210319360095, 0.459669828414917, 0.4576784355772866, 0.4573120027780533, 0.45865704284773934, 0.4579794456561406, 0.4567679547601276, 0.455574384993977, 0.45623570183912915, 0.4529481596416897, 0.4559367862012651, 0.4538050327036116, 0.4545783996582031, 0.4516063216659758, 0.4542858584059609, 0.4536874658531613, 0.4533276359240214, 0.4498572316434648, 0.45396963589721256, 0.44923798243204754, 0.45167502595318687, 0.45211708545684814, 0.44920379916826886, 0.4491775929927826, 0.44917365577485824, 0.44968272083335453, 0.44839522739251453, 0.45269418756167096, 0.4485909293095271], "val_loss": [0.6605282574892044, 0.635385125875473, 0.603103756904602, 0.5763822197914124, 0.5464216619729996, 0.5241077840328217, 0.5072659701108932, 0.49422819912433624, 0.4889311045408249, 0.4804142341017723, 0.48303408175706863, 0.47467731684446335, 0.4733247086405754, 0.47489316761493683, 0.46937697380781174, 0.4730602204799652, 0.47261831909418106, 0.46222443878650665, 0.4640127792954445, 0.4737337455153465, 0.46618732810020447, 0.4651598781347275, 0.46443356573581696, 0.461276650428772, 0.46278756856918335, 0.4679162800312042, 0.46201014518737793, 0.4672515317797661, 0.4623362123966217, 0.46215320378541946, 0.4656459018588066, 0.46426622569561005, 0.46119413524866104, 0.4636368304491043, 0.4631854221224785, 0.4568169564008713, 0.4615926370024681, 0.45335663855075836, 0.4549257159233093, 0.4624275043606758, 0.4606211557984352, 0.4588046669960022, 0.46409478038549423, 0.4587447866797447, 0.457202285528183, 0.46093299239873886, 0.4531498998403549, 0.4589300751686096, 0.4552557095885277, 0.45716442912817, 0.4526488333940506, 0.4583279564976692, 0.44783756881952286, 0.4628402143716812, 0.4577537328004837, 0.4497542232275009, 0.45449595153331757, 0.4504729136824608, 0.4533066973090172, 0.45242296904325485, 0.45316317677497864, 0.44875911623239517, 0.45883939415216446]}