{"best_val": 0.4970783367753029, "train_loss": [0.7786548601256477, 0.7754562828275893, 0.7728157275252872, 0.7699823511971368, 0.766353878710005, 0.7631115814050039, 0.7604407138294644, 0.7568610906600952, 0.7539844082461463, 0.7516817284954919, 0.749253339237637, 0.7456820938322279, 0.7430524196889665, 0.7405384381612142, 0.7373547090424432, 0.734684513674842, 0.7326259646150801, 0.7299431761105856, 0.7267813351419237, 0.7241734233167436, 0.7217762602700127, 0.7192830873860253, 0.7165650394227769, 0.7140161659982469, 0.711562434832255, 0.7087490757306417, 0.7058118912908766, 0.7034138308631049, 0.7004234459665086, 0.6976450979709625, 0.694646911488639, 0.6918267177210914, 0.6888186633586884, 0.6859216789404551, 0.6830008758438958, 0.6796937783559164, 0.6766094962755839, 0.6735578179359436, 0.6701837811205122, 0.6666192213694254, 0.6629512144459618, 0.6593061486879984, 0.6557337807284461, 0.652052147520913, 0.647764629787869, 0.643465499083201, 0.6395517620775435, 0.6354971859190199, 0.6305224961704678, 0.6257260375552707, 0.6216489209069146, 0.6162483129236433, 0.6116816467709012, 0.6067779461542765, 0.6019120315710703, 0.5968927641709646, 0.5925594303343031, 0.5881488488780128, 0.58491250872612, 0.579634557167689, 0.5757444633377923, 0.5717522535059187, 0.567662798696094, 0.5633012983534071, 0.5592007173432244, 0.555151942703459, 0.5507156749566396, 0.5483381135596169, 0.5455867830249999, 0.5428206556373172, 0.5379158854484558, 0.5362443079551061, 0.5339399327834448, 0.5308394448624717, 0.5303988456726074, 0.526386946439743, 0.5221207357115216, 0.5200294338994556, 0.5198451843526628, 0.5183771649996439, 0.514091420504782, 0.5129422346750895, 0.5115799589289559, 0.5086023923423555, 0.5081905060344272, 0.5067822668287489, 0.5036917726198832, 0.5056709117359586, 0.5025986863507165, 0.5018259419335259, 0.49939104583528304, 0.49916354318459827, 0.4975155409839418, 0.49540578822294873, 0.4966605736149682, 0.49392371873060864, 0.49272022810247207, 0.4914971308575736, 0.48654015196694267, 0.4896131008863449, 0.48947782648934257, 0.4839344670375188, 0.4878910928964615, 0.48658301764064366, 0.48138588666915894, 0.48395177556408775, 0.48027482132116955, 0.4812975823879242, 0.47980912692017025, 0.47704937557379407, 0.4788984838459227, 0.47647575040658313, 0.47709379924668205, 0.4788654132021798, 0.47161419855223763, 0.46885038912296295, 0.47370074854956734, 0.4712872935665978, 0.4716627465354072, 0.46827731861008537, 0.4695833954546187, 0.4655853311220805, 0.4673190067211787, 0.4670972459846073, 0.46798254880640244, 0.4673626770575841, 0.4645786103275087, 0.46761689417892033, 0.46427633199426865, 0.46333881881501937, 0.46436375545130837], "val_loss": [0.7713257372379303, 0.7694056630134583, 0.7658213526010513, 0.7626977115869522, 0.7603778839111328, 0.7574205994606018, 0.754163533449173, 0.7505519390106201, 0.7486132979393005, 0.745637059211731, 0.7433785647153854, 0.7404085546731949, 0.7385358959436417, 0.73539899289608, 0.733502209186554, 0.7309027314186096, 0.7284729778766632, 0.7254270166158676, 0.7232728600502014, 0.7212201058864594, 0.7184781730175018, 0.715835839509964, 0.712935745716095, 0.710614338517189, 0.7082295119762421, 0.706184133887291, 0.7032282054424286, 0.7008029669523239, 0.6983297020196915, 0.6953759044408798, 0.6926582157611847, 0.6900683343410492, 0.6873424798250198, 0.6849246174097061, 0.6822091341018677, 0.6787659376859665, 0.675835445523262, 0.6727127879858017, 0.669663205742836, 0.6663519442081451, 0.6629482060670853, 0.6599616408348083, 0.6564717590808868, 0.6514395624399185, 0.6487504094839096, 0.6458217799663544, 0.6423764377832413, 0.6373952478170395, 0.6325244009494781, 0.6295639276504517, 0.6227842718362808, 0.6194758713245392, 0.6146219670772552, 0.611674353480339, 0.6063224524259567, 0.6026470065116882, 0.5984010547399521, 0.5928450375795364, 0.5932617783546448, 0.5884990245103836, 0.5859713554382324, 0.5788842886686325, 0.5766758024692535, 0.5774463415145874, 0.5686019361019135, 0.5721322000026703, 0.5615247786045074, 0.5629501491785049, 0.5549979358911514, 0.5593115538358688, 0.5555464923381805, 0.5556431263685226, 0.5525577515363693, 0.5472149848937988, 0.5435879528522491, 0.5444260835647583, 0.5453828424215317, 0.5426087900996208, 0.5397962033748627, 0.5389529913663864, 0.53916896879673, 0.5322224870324135, 0.5367040410637856, 0.533764973282814, 0.5371511727571487, 0.5333897620439529, 0.5305766016244888, 0.5324389189481735, 0.5256915092468262, 0.5310264527797699, 0.5228391736745834, 0.5315273255109787, 0.5254872292280197, 0.5204384922981262, 0.5247119441628456, 0.5201739072799683, 0.5231837779283524, 0.5157596319913864, 0.516959436237812, 0.5167425572872162, 0.5119273141026497, 0.5186299532651901, 0.5202648639678955, 0.5135345160961151, 0.5110563784837723, 0.5110289752483368, 0.5105803087353706, 0.5119843631982803, 0.5105142295360565, 0.5108874514698982, 0.5097987577319145, 0.5094185918569565, 0.5003612488508224, 0.5071851387619972, 0.5070348978042603, 0.5006807446479797, 0.5076031386852264, 0.5101837888360023, 0.5064441412687302, 0.5020762607455254, 0.4970783367753029, 0.5006633922457695, 0.5048061087727547, 0.5056188553571701, 0.5098969340324402, 0.5039634555578232, 0.5020409896969795, 0.4998437911272049, 0.5026680678129196, 0.5011354312300682, 0.5106052085757256]}