{"best_val": 0.4770730063319206, "train_loss": [0.782599151134491, 0.7569701108667586, 0.7282179296016693, 0.7015800012482537, 0.6702121496200562, 0.6332281000084348, 0.6013649370935228, 0.5780508882469602, 0.5616181774271859, 0.5497479571236504, 0.5391116042931875, 0.5338036053710513, 0.5307033608357111, 0.5256098624732759, 0.5218387693166733, 0.5215910656584634, 0.5179286234908633, 0.515481635928154, 0.5148054758707682, 0.5116972790824043, 0.5103098187181685, 0.5075473189353943, 0.5069875799947314, 0.5034945673412747, 0.5041906287272772, 0.5028616256184049, 0.500447067949507, 0.503174783455001, 0.5025696986251407, 0.5016273756821951, 0.5005909651517868, 0.4993271778027217, 0.4979625129037433, 0.4940050095319748, 0.4959161612722609, 0.4942861364947425, 0.4959150304396947, 0.49243226481808555, 0.495231000913514, 0.49318892922666335, 0.4910026788711548], "val_loss": [0.7696895748376846, 0.7442974895238876, 0.7146987318992615, 0.6864652931690216, 0.6496046334505081, 0.6135856956243515, 0.5825741440057755, 0.5672319233417511, 0.5518081486225128, 0.5440260916948318, 0.533054992556572, 0.5265862196683884, 0.5225471258163452, 0.5238892883062363, 0.5183231830596924, 0.5175445079803467, 0.5103912279009819, 0.5063669010996819, 0.5058986246585846, 0.4969184771180153, 0.5005306676030159, 0.4984720051288605, 0.494177021086216, 0.49393703788518906, 0.49211373925209045, 0.491619773209095, 0.4972657784819603, 0.48267243057489395, 0.48566101491451263, 0.4887155145406723, 0.4770730063319206, 0.4889487400650978, 0.4819864109158516, 0.49002696573734283, 0.4846753850579262, 0.48202724009752274, 0.48292818665504456, 0.4832592234015465, 0.48556777089834213, 0.4798022210597992, 0.4857330769300461]}