{"best_val": 0.5066790878772736, "train_loss": [0.6924388938479953, 0.6905149618784586, 0.6885325113932291, 0.6864855123890771, 0.684461901585261, 0.6825434433089362, 0.6803600887457529, 0.6783716910415225, 0.6760812103748322, 0.6738138430648379, 0.6714212993780772, 0.669248233238856, 0.6669166750378079, 0.6643539269765218, 0.6622051828437381, 0.6598387791050805, 0.6569251484341092, 0.654175211985906, 0.6518873439894782, 0.6488843361536661, 0.6463269160853492, 0.6437163650989532, 0.6405224700768789, 0.6373939017454783, 0.6348371638192071, 0.6314168373743693, 0.6283912460009257, 0.6259728703233931, 0.6225119001335568, 0.6191476848390367, 0.6160803735256195, 0.6131446891360812, 0.6097250216537051, 0.6074583000606961, 0.6020859877268473, 0.599845184220208, 0.5966095162762536, 0.5931178530057272, 0.5899575153986613, 0.5883070362938775, 0.5851867232057784, 0.5822451213995615, 0.5770023862520853, 0.5759463045332167, 0.5729481942123837, 0.569043540292316, 0.5669588380389743, 0.5649065209759606, 0.5632652193307877, 0.5609293911192152, 0.556699083911048, 0.5557813727193408, 0.5526800122525957, 0.5517565773593055, 0.5485004401869245, 0.5470088024934133, 0.5469789339436425, 0.5437458720472124, 0.5422155227926042, 0.5404031094577577, 0.5383408533202277, 0.5369539890024397, 0.5357644028133817, 0.5331112295389175, 0.5345950639910169, 0.5314720157119963, 0.5284204201565849, 0.530420732167032, 0.527068254020479, 0.5269967234796948, 0.5242024378644096, 0.523433494899008, 0.523112052016788, 0.5228609095017115, 0.52169369161129, 0.5197429888778262, 0.5196765859921774, 0.5166760649946001, 0.5157997326718436, 0.5174946619404687, 0.5153628389040629, 0.5130314744181104, 0.5113665560881296, 0.5109727200534608, 0.5132169375816981, 0.5124298615588082, 0.5091922614309523, 0.5108816375335058, 0.5098313258753883], "val_loss": [0.6907838732004166, 0.688883826136589, 0.6868814677000046, 0.6848686784505844, 0.6827548891305923, 0.6807746738195419, 0.6785262078046799, 0.6765618473291397, 0.6745546609163284, 0.6719920635223389, 0.6697998493909836, 0.667199119925499, 0.6647289097309113, 0.6624145060777664, 0.6600433439016342, 0.6580528169870377, 0.6554868221282959, 0.6517314314842224, 0.6496328115463257, 0.6477276533842087, 0.6433894038200378, 0.6405683606863022, 0.6383400559425354, 0.6348183453083038, 0.6334594190120697, 0.6296771466732025, 0.6250000596046448, 0.6242237091064453, 0.6207005977630615, 0.6171563267707825, 0.6148149222135544, 0.6102750152349472, 0.6068334877490997, 0.6044840067625046, 0.6003357172012329, 0.597879484295845, 0.5932422280311584, 0.5919914245605469, 0.5898479968309402, 0.5869649946689606, 0.5843444466590881, 0.5777423530817032, 0.5756660252809525, 0.5744070261716843, 0.5723251104354858, 0.5697449445724487, 0.5674578249454498, 0.5640599131584167, 0.5635298490524292, 0.5596042424440384, 0.5569386184215546, 0.5579007193446159, 0.5527750551700592, 0.5497570261359215, 0.5471586138010025, 0.5452056378126144, 0.5464302450418472, 0.5431939661502838, 0.5447603911161423, 0.5389706045389175, 0.538903258740902, 0.5419792607426643, 0.5329194739460945, 0.5337091684341431, 0.5307281613349915, 0.5267741903662682, 0.5365315675735474, 0.5274715349078178, 0.5265451595187187, 0.5264055654406548, 0.5258777663111687, 0.5242859721183777, 0.5224163010716438, 0.5214627087116241, 0.5260007083415985, 0.5215618461370468, 0.5139455199241638, 0.5203110054135323, 0.5197982639074326, 0.5151461958885193, 0.5171293169260025, 0.512082077562809, 0.5117625221610069, 0.5134075060486794, 0.5098048225045204, 0.5115329846739769, 0.5066880211234093, 0.5097707137465477, 0.5066790878772736]}