{"best_val": 0.44265108555555344, "train_loss": [0.7093377676275041, 0.6736249725023905, 0.6381682952245077, 0.6045915848679013, 0.5757551060782539, 0.5552569627761841, 0.5365615271859698, 0.5310293667846255, 0.5208896332316928, 0.5155821210808225, 0.513949861129125, 0.507802802655432, 0.5075851910644107, 0.5041906966103448, 0.5026295996374555, 0.5024295416143205, 0.5007261948453056, 0.4979644881354438, 0.4981831941339705, 0.4969576646884282, 0.4978545291556252, 0.4954002963172065, 0.49394554065333474, 0.4921014971203274, 0.4934796426031325, 0.4925973051124149, 0.4937676323784722, 0.48922809296184117, 0.49066095385286546, 0.486752462055948, 0.4892684072256088, 0.4873664942052629, 0.487923252913687, 0.4879765146308475, 0.48539600272973377, 0.4867429981629054, 0.4866661892996894, 0.48635102642907035, 0.4838404059410095, 0.4816238201326794, 0.4846960835986667, 0.48198694818549687, 0.4827076544364293, 0.48280540274249184, 0.48168455561002094], "val_loss": [0.6700576990842819, 0.6395543813705444, 0.6021032780408859, 0.571073442697525, 0.5448936074972153, 0.5218441113829613, 0.5086053162813187, 0.49888917058706284, 0.4861305207014084, 0.4857522249221802, 0.4813019037246704, 0.48334188014268875, 0.47708355635404587, 0.47044687718153, 0.4678778350353241, 0.4685719311237335, 0.4653734639286995, 0.4660934954881668, 0.45851027965545654, 0.4623725712299347, 0.46169332414865494, 0.4635113552212715, 0.45749683678150177, 0.45486773550510406, 0.4531800299882889, 0.4585265591740608, 0.454770989716053, 0.4542861431837082, 0.45143528282642365, 0.45409055799245834, 0.4515467509627342, 0.4556381553411484, 0.45440469682216644, 0.45213503390550613, 0.44265108555555344, 0.45442864298820496, 0.4490489587187767, 0.44850266724824905, 0.45266877114772797, 0.44764475524425507, 0.44489847868680954, 0.4442056640982628, 0.4434881657361984, 0.44548753648996353, 0.4480802193284035]}