{"best_val": 0.4590192511677742, "train_loss": [0.6683763298723433, 0.6567135453224182, 0.6456254323323568, 0.6359400947888693, 0.6259307364622752, 0.6170459919505649, 0.6091655095418295, 0.6015200912952423, 0.5935289329952664, 0.5871965752707587, 0.580179062154558, 0.5748467312918769, 0.566994845867157, 0.5621369961235259, 0.5551289220650991, 0.5502308938238356, 0.5440136161115434, 0.5382913566297955, 0.5383767618073357, 0.5301398502455817, 0.5280460483498044, 0.5207531683974795, 0.5194550438059701, 0.5195687727795707, 0.5198713607258267, 0.5164617068237729, 0.5150080074866613, 0.5113031963507334, 0.5117943816714816, 0.5098553713825014, 0.5104038566350937, 0.50838536520799, 0.5056358542707231, 0.5092074076334635, 0.5082124421993891, 0.5097443229622312, 0.5054346273342768, 0.506654699643453, 0.503740562333001, 0.5068404657973183, 0.5010616166724099, 0.5051906671788957, 0.5027383201652103, 0.5011488431029849, 0.5021616766850153, 0.5044607238637077, 0.5013635125425127, 0.49950988425148857, 0.5013575901587805, 0.49946943918863934, 0.4982508470614751, 0.49891900685098434, 0.49724745750427246, 0.4958568298154407, 0.49665101369222003, 0.4980345716079076, 0.4971495436297523, 0.4960089607371224, 0.4949251827266481, 0.4953306317329407, 0.49155328671137494, 0.4952006820175383], "val_loss": [0.664460152387619, 0.6552898287773132, 0.6436455100774765, 0.6346357464790344, 0.6269495189189911, 0.6173238158226013, 0.6105267554521561, 0.6022535562515259, 0.5940919667482376, 0.5852520018815994, 0.5775831490755081, 0.5709106773138046, 0.565114289522171, 0.5529072284698486, 0.5519404113292694, 0.5412393510341644, 0.5354974567890167, 0.5238087773323059, 0.5223902016878128, 0.5124007388949394, 0.5115489810705185, 0.5061096623539925, 0.5013892650604248, 0.4958197623491287, 0.4989844486117363, 0.49644722044467926, 0.49192459881305695, 0.48646635562181473, 0.4857349693775177, 0.489142045378685, 0.4834732413291931, 0.48295197635889053, 0.47540799528360367, 0.4831235185265541, 0.48480576276779175, 0.4798435792326927, 0.4742455780506134, 0.4766352027654648, 0.4776808097958565, 0.4713938310742378, 0.4750129133462906, 0.47430551797151566, 0.4745801240205765, 0.47244802862405777, 0.46511173248291016, 0.4709640368819237, 0.47010594606399536, 0.46726807951927185, 0.4713081419467926, 0.4643971100449562, 0.4672012999653816, 0.4590192511677742, 0.4674046039581299, 0.4604456350207329, 0.46169211715459824, 0.4616817981004715, 0.4643707349896431, 0.46232373267412186, 0.46099087595939636, 0.46051057428121567, 0.46519242972135544, 0.4615849554538727]}