{"best_val": 0.4714690148830414, "train_loss": [0.6742843356397417, 0.6453168027930789, 0.6122119923432668, 0.5726987851990594, 0.5317039787769318, 0.505833711889055, 0.4843365334802204, 0.4767967048618529, 0.4715211010641522, 0.4660561978816986, 0.46136613686879474, 0.45991257164213395, 0.4590147402551439, 0.4563942750295003, 0.4523555570178562, 0.45264511638217503, 0.4497787240478728, 0.45182011855973137, 0.4471578299999237, 0.44661136468251544, 0.4460899598068661, 0.4439188904232449, 0.44269877672195435, 0.4455753134356605, 0.444166448381212, 0.44010888867908055, 0.43872636556625366, 0.43989716470241547, 0.43876782887511784, 0.43817324770821464, 0.4388085189792845, 0.4359278811348809, 0.4383903592824936, 0.4342566579580307, 0.43482956952518886, 0.43650519020027584, 0.43478571540779537, 0.4347159018119176, 0.4350430700514052], "val_loss": [0.6595583856105804, 0.6337425410747528, 0.5984514057636261, 0.559261366724968, 0.5310297384858131, 0.5101010873913765, 0.5012158825993538, 0.49906931817531586, 0.4935906454920769, 0.4891347736120224, 0.4976791739463806, 0.494556687772274, 0.49648473411798477, 0.49111535400152206, 0.4931815341114998, 0.48592305183410645, 0.482593834400177, 0.4952284246683121, 0.4869491085410118, 0.48777491599321365, 0.4899158850312233, 0.4842781499028206, 0.4860648289322853, 0.4808763638138771, 0.48125165700912476, 0.4845942109823227, 0.4900248274207115, 0.48954781144857407, 0.4714690148830414, 0.4854924753308296, 0.48287973552942276, 0.4817407578229904, 0.49153487384319305, 0.4813022240996361, 0.47987353056669235, 0.48491302132606506, 0.4871652275323868, 0.48174306750297546, 0.47693606466054916]}