{"best_val": 0.5005454942584038, "train_loss": [0.6779460476504432, 0.6534066365824805, 0.6315764354334937, 0.6106274624665579, 0.5923829045560625, 0.5779599514272478, 0.5675773157013787, 0.5566982063982222, 0.5479150646262698, 0.5409493876828088, 0.5358889003594717, 0.5317140652073754, 0.527489948603842, 0.5241701122787263, 0.5190799037615458, 0.5175877312819163, 0.5160189337200589, 0.515476311246554, 0.5105449755986532, 0.5095520963271459, 0.509100177221828, 0.504418820142746, 0.5060697495937347, 0.5043809645705752, 0.5023360153039297, 0.5012270112832388, 0.5001872016323937, 0.4978623025947147, 0.49650128848022884, 0.494960927300983, 0.49371209575070274, 0.4952725867430369, 0.49595006969239974, 0.4935487343205346, 0.4941270914342668, 0.4914740141895082, 0.4929956015613344, 0.49536405669318306, 0.49083029064867234, 0.49136879874600303, 0.49068054887983537, 0.4896770517031352, 0.4903539154264662, 0.48926403125127155], "val_loss": [0.6578509509563446, 0.6342104375362396, 0.6126102656126022, 0.5948533713817596, 0.5810689181089401, 0.5704368948936462, 0.5598456412553787, 0.5527982860803604, 0.5488153696060181, 0.540642261505127, 0.5364773795008659, 0.5299593731760979, 0.5276027321815491, 0.5243002772331238, 0.5181805118918419, 0.5230350568890572, 0.5165274441242218, 0.5181971937417984, 0.5170361697673798, 0.51373141258955, 0.5141696035861969, 0.5074311718344688, 0.5178326964378357, 0.5105749815702438, 0.5090008452534676, 0.5092962458729744, 0.5061566606163979, 0.5090186968445778, 0.516520656645298, 0.5115233585238457, 0.5084057226777077, 0.5092440024018288, 0.5082089006900787, 0.5005454942584038, 0.5028877034783363, 0.511440820991993, 0.5070594921708107, 0.5151535645127296, 0.5095002129673958, 0.5073156431317329, 0.51129499822855, 0.5123179703950882, 0.510081522166729, 0.5134115070104599]}