{"best_val": 0.46159563958644867, "train_loss": [0.7468077109919654, 0.7026873528957367, 0.6609132687250773, 0.6161680718262991, 0.5792677965429094, 0.5461129198471705, 0.5270739611652162, 0.5086464534203211, 0.4987725549274021, 0.4914797991514206, 0.49156354367733, 0.48416821161905926, 0.4807560642560323, 0.4792233424054252, 0.47757280866305035, 0.4744250824054082, 0.47434398697482216, 0.47139081690046525, 0.4687663796875212, 0.47161126136779785, 0.4698914372258716, 0.4662667016188304, 0.4670739107661777, 0.46412671440177494, 0.4650086959203084, 0.46216268175178105, 0.46440579493840534, 0.4621945271889369, 0.46357885665363735, 0.46072985894150204, 0.459554985165596, 0.46080074376530117, 0.4606952683793174, 0.4614929126368629, 0.4603568911552429, 0.4586065163215001, 0.4582999067174064, 0.4576057510243522, 0.45571989980008865, 0.4558901919258965, 0.4560504009326299, 0.45623620682292515, 0.455798660715421, 0.45772426658206516, 0.45485714574654895, 0.456302672624588, 0.4571576399935616, 0.45706237687004936, 0.4569595505793889, 0.4519042174021403, 0.4529815697007709, 0.45202849474218154, 0.4520969225300683, 0.4499653097656038, 0.45167289674282074, 0.4523811489343643], "val_loss": [0.715448409318924, 0.6735759526491165, 0.6294660717248917, 0.5875081866979599, 0.5481042563915253, 0.5285631865262985, 0.5035154223442078, 0.4992433339357376, 0.49216948449611664, 0.4896678104996681, 0.48530158400535583, 0.4848645180463791, 0.4782324284315109, 0.47806379199028015, 0.47750043123960495, 0.4774146229028702, 0.47938985377550125, 0.47832921892404556, 0.474383644759655, 0.4771059527993202, 0.47727956622838974, 0.4813556596636772, 0.47374311089515686, 0.4729399010539055, 0.47183864563703537, 0.4771403893828392, 0.47244787961244583, 0.4750083014369011, 0.46740608662366867, 0.46896425634622574, 0.47115863114595413, 0.47466207295656204, 0.46822817623615265, 0.46737218648195267, 0.4729044809937477, 0.4626159220933914, 0.47616059333086014, 0.47267982363700867, 0.4778091683983803, 0.46913444995880127, 0.4732738733291626, 0.47406286746263504, 0.4715467765927315, 0.47017763555049896, 0.4725985825061798, 0.46159563958644867, 0.4711988940834999, 0.47267309576272964, 0.4732145145535469, 0.4741083011031151, 0.4679652228951454, 0.47077202796936035, 0.46675555408000946, 0.47490911930799484, 0.4698723256587982, 0.46184656769037247]}