{"best_val": 0.4660746306180954, "train_loss": [0.6449916031625536, 0.6195025344689687, 0.5935005380047692, 0.563350091377894, 0.5355307343933318, 0.5154689931207233, 0.49928711354732513, 0.48811619314882493, 0.47825771073500317, 0.4720671127239863, 0.4659513235092163, 0.46974591579702163, 0.46286457280317944, 0.4631805502706104, 0.4623109880420897, 0.4623534232378006, 0.460181035929256, 0.45757842395040726, 0.45703737768861985, 0.45588034556971657, 0.45441493888696033, 0.4579216258393394, 0.4529811061090893, 0.4548071755303277, 0.4563533481624391, 0.451061627931065, 0.45220020910104114, 0.4496585875749588, 0.4517500913805432], "val_loss": [0.6325802654027939, 0.6086100935935974, 0.5790938884019852, 0.5504230707883835, 0.5255633890628815, 0.506555937230587, 0.49450064450502396, 0.49103565514087677, 0.48569027334451675, 0.4814625009894371, 0.4813612774014473, 0.4794619157910347, 0.4809078425168991, 0.47878243029117584, 0.47906000167131424, 0.4768335670232773, 0.4747059717774391, 0.4706301689147949, 0.4660746306180954, 0.4709137827157974, 0.4772762581706047, 0.4756392762064934, 0.4776276648044586, 0.47491181641817093, 0.47219496965408325, 0.47394639253616333, 0.46908414363861084, 0.4718407243490219, 0.4790796637535095]}