{"best_val": 0.4681239277124405, "train_loss": [0.6609156330426534, 0.6346332397725847, 0.6127335892783271, 0.5909418927298652, 0.5682226651244693, 0.5497988296879662, 0.5338148160113229, 0.5254114584790336, 0.5135873754819235, 0.5105111549297968, 0.5019164913230472, 0.5006072802676095, 0.49564418693383533, 0.49249039259221816, 0.49284402694967056, 0.4896472742160161, 0.48635243210527634, 0.48657232854101395, 0.48432505627473194, 0.48595567213164437, 0.48310158318943447, 0.48319948216279346, 0.47879792584313285, 0.4765079766511917, 0.4786003480354945, 0.4760364244381587, 0.47721898721324074, 0.47648898263772327, 0.47698870797952014, 0.4739360213279724, 0.4741207957267761, 0.4718824774026871, 0.4723718480931388, 0.4730912860896852, 0.4712144037087758, 0.467688446243604, 0.47035679552290177, 0.4706212679545085, 0.46764129731390214, 0.4688165800438987, 0.46943867537710404, 0.46655484206146663, 0.46515753534105087, 0.46775010228157043, 0.46687428322103286, 0.4672868715392219, 0.46239021089341903, 0.4694395230876075, 0.4654533151123259, 0.4666174004475276, 0.46612731450133854, 0.4653761204746034, 0.46477267146110535, 0.46405843396981555, 0.46362770431571537, 0.46407584018177456, 0.46333808369106716, 0.4642031159665849], "val_loss": [0.6452917754650116, 0.6211195141077042, 0.6027783751487732, 0.5830714255571365, 0.5636992156505585, 0.5434312000870705, 0.5370800793170929, 0.5259561687707901, 0.521128311753273, 0.5143998265266418, 0.5044294744729996, 0.5025338754057884, 0.494152195751667, 0.497366301715374, 0.4889451116323471, 0.49229760468006134, 0.4887975826859474, 0.4811033234000206, 0.48275865614414215, 0.4817601293325424, 0.48608458042144775, 0.4801490902900696, 0.483927384018898, 0.48905888199806213, 0.47564176470041275, 0.474709689617157, 0.47640111297369003, 0.48101750016212463, 0.474228136241436, 0.47651010006666183, 0.47985128313302994, 0.4786481186747551, 0.48018503934144974, 0.47445905208587646, 0.4783792197704315, 0.47395582497119904, 0.48187247663736343, 0.4751688539981842, 0.4794693663716316, 0.4778037443757057, 0.4760279804468155, 0.47903959453105927, 0.4748463109135628, 0.4795086830854416, 0.47826893627643585, 0.46995168179273605, 0.47711263597011566, 0.4681239277124405, 0.4820724278688431, 0.48845383524894714, 0.48030947148799896, 0.4813893437385559, 0.47383247315883636, 0.48085416853427887, 0.4753233641386032, 0.4766203910112381, 0.47813140600919724, 0.482801154255867]}